student_id,age,country,grade_math,grade_science,grade_english,Final_score,masked_email,hashed_email
1,24,Venezuela,68,80,15,54,kd****@furl.net,26c06b12923e95e63ab50cdfb41c0e91739900817776efcc4ebf63e673cbfdad
2,25,Bulgaria,29,30,60,39,kv****@ustream.tv,46ac4f379c70e96007472da58d7117b75c5783775659632a0c7785a469d83538
3,21,New Zealand,76,0,55,43,hh****@theguardian.com,f05ef8626b2cb36a42220d130021478a26f7c5bf1de9f21aa5b34d462040c106
4,18,China,82,88,90,86,fd****@parallels.com,9a4983240c4a62fc62386f6af99d54a7f6de193e61bd92ce0e10e6eb64f5b067
5,24,China,77,23,11,37,mo****@livejournal.com,36745378f01b167beb7059937e999fb7c8d726f6ed0c4b8403ceea5a8adca222
6,22,China,44,78,30,50,bl****@dropbox.com,0703a702bbc98526aacdca2ad80f695d7a6776e6ff337dbf9c24f624036183f4
7,22,Malta,100,61,90,83,al****@vimeo.com,b3de8c7453a9147d16988c9cbf9d6e08bd4ea1a7810bcf582eec0cd90fb77c5a
8,25,China,98,81,59,79,an****@is.gd,d297e017ec8c03cd3c681560bcd62665aabc299a7f72e82031b5c4b57c9df0ff
9,25,El Salvador,35,51,41,42,js****@xinhuanet.com,681472630e4da71f8789fcca124c19953092be8df08f7c6209bdfeb309619ee1
10,25,Argentina,46,38,16,33,sd****@blogspot.com,51cd36d12e8cc68d5165e2555cabbc2ae08f9e0c704140f8f2dc86725fb90852
11,22,Macedonia,89,40,65,64,ml****@gov.uk,929bf196bbb7f9c1d1021d625bc65adced22c1f935ee7210d70418871d6d8802
12,25,Mexico,80,47,53,60,nc****@toplist.cz,aa5460e09d27d96114aa29e0bc73919cebaece400c227e5c564f4949da565cb8
13,21,France,95,30,49,58,kn****@sina.com.cn,d4c9e29b2baedec93e459b2e355b9be7a8c47781c6c1a0b444fce2085026e2b2
14,22,Argentina,60,89,12,53,ar****@xinhuanet.com,683fdeeae6cebc5f9d33683f1ebaae8668cca2dd3e03b2c859e825d03391b4a2
15,19,Brazil,61,27,32,40,bj****@zdnet.com,85dab12839e5aefc3502bb754c4a60f696f74db3445db981ded301fa4e1a0544
16,24,Guatemala,56,2,41,33,rg****@cargocollective.com,ac5fac1d7638e5148b111c58a940f52a47fa8a15353c6bb536d4b574d4ba82ef
17,24,Sweden,23,72,90,61,tb****@opera.com,20448f09f3bfdef134765d48968a56f88393a9604d59d90edd405381ae2ed82c
18,20,Slovenia,78,98,95,90,nc****@etsy.com,3c9b29ba5e6ad8ef5f569ff93d9b2f22eda0a59605a7355cbbe9be89c391ecb9
19,19,China,28,40,3,23,dj****@aol.com,2d908be0a545ed7b34eeea8ed82fe655bc81c64d6414204d1b8bc5df91f22715
20,19,Indonesia,100,6,55,53,fs****@slashdot.org,62d06a2daa4f91e9fb3382cf45bda764f3f7858c2d61253f9025391a1f391a05
21,23,Vietnam,63,81,12,52,cg****@soup.io,64ae24ba6fdf31b0646d26c53af4acc1f56dd84aa1ecf6bbd542b0b4fbf6867e
22,20,Croatia,38,67,74,59,cf****@sakura.ne.jp,412223897e9b3202b6ba9fd13edeb2b4fc1c32ce5e7a39988190aa97a664c5a1
23,20,Russia,82,88,27,65,se****@a8.net,8c34e421a642d922f59f69cd819ffdb69f247364ec1f85a3169a44912b9726c5
24,24,Philippines,71,6,26,34,ta****@wufoo.com,2041bfda3eec1678fa11a2d0d259d30ea28c054a94db30528752d756bea106a5
25,20,China,78,97,8,61,ht****@discovery.com,67dca88db39f873005be5ef95a6fa4c0f4a7ac893cf426d01f11fdd54974e8df
26,25,China,20,34,76,43,cb****@uol.com.br,2c0209b38b09bad841e66bd4e9852065ebab7e15504114e350bd4f177302c187
27,25,Portugal,51,60,18,43,ki****@csmonitor.com,0ecb1db4a62d0e02f36c2c649116f3d38b1c6d0b7945a9e9fb060f2cb89cec32
28,18,China,87,94,92,91,ly****@hud.gov,88fbd3653d54011275432183f6a8593cd3a45f1d1d97e1a1fa0179b71dd5f676
29,20,China,76,66,68,70,tc****@domainmarket.com,06b2e16b80c0d15d6f5d4fd288207678a43ddbd45db45e55e9ce442a1ea042a9
30,25,China,32,62,80,58,vm****@kickstarter.com,c49da093e9da8a518d3c2dcf4601ad7afd6f971424314d8cec5705da6cafe55b
31,24,Portugal,41,15,93,49,tb****@nymag.com,51f8383d4a6375986c9247fcf30cd56f8bbee60b91ebd8e764d05b594de746db
32,19,Portugal,90,95,63,82,ah****@go.com,fce29ea8f3e268ec2ea8fd5750f8b17e5512b602bbdef43c43bf658e6201f2b8
33,19,Indonesia,87,4,74,55,ao****@cargocollective.com,c4bd382a87d3b3f9d57841bb392a6235f333f61f399a724db275617c485a7117
34,19,Lithuania,12,55,88,51,kv****@salon.com,17877a8e4ef672f30f49f6c45770f5075e57d6f4fa3191960dac4255ffe137c1
35,23,Russia,0,14,69,27,ek****@wsj.com,5d101a3715873c46c6245b97936a9c5f99c9c80ae434dfbd92e127847ce5645e
36,23,China,31,55,9,31,pp****@mapy.cz,675003d40a2d5f84471c47c8a59bf91a93fb9341050d7f310903fd34cbf51ab5
37,22,Philippines,81,33,31,48,rd****@hexun.com,08e37f974d4db8adc1047d38939be4fd8e0bae7af89a7d95a25fcbb497a29c17
38,25,Philippines,24,18,16,19,km****@tinyurl.com,7b3c8fe77e45755b643b85a1c4ccd9c937a2473063495c02f8fcba1b89e14f29
39,19,France,41,1,12,18,tg****@topsy.com,a7853ffa274f65abb7ba1d0436f4050710a2929e0d7580e888c58b261e613699
40,21,Poland,97,66,64,75,ap****@reference.com,30b0151754e38c7810acf031c33ee15fecb4e058dd298b4184e0cfbcdc92d547
41,23,Indonesia,73,1,96,56,gc****@gmpg.org,0e1e20b74879f97fb90c65f27b98d969f73ada4f41c237b5bd87af61aa8562e5
42,25,South Korea,62,41,74,59,ab****@deliciousdays.com,96319abc6cb0634bc6f0b95f332672d6b773924cd3c65a67f885e79507cfdc4d
43,24,Kenya,87,92,50,76,rb****@who.int,cc998154c8c69471f4ff0535a54fae23254aa152547a7283ef80a5784e57ed98
44,19,Paraguay,7,70,79,52,db****@yelp.com,5af1dcbe339e51d501efbb562e6561903a93c42fda9848dc1f2bbc89d1b7097b
45,25,Curacao,19,47,90,52,tl****@slate.com,2394ac2f7037f36ecaaafd335d6fbc6ce298af4436a13051022a3dcfee55479e
46,20,Portugal,53,57,21,43,sl****@trellian.com,091462d5b33a963da0eb4a781a705eb20c17fe38b66f94dbf0a3f5417c1bf2bf
47,25,Mexico,16,67,12,31,da****@weebly.com,31b713e3fcda896a5137f43aecf92c091df2a1573f73d1f88e3392080f3fe0d5
48,24,Argentina,69,10,60,46,dd****@istockphoto.com,7cce725eb6cbff75ad4ae97779fbaec84d0e4ac40be11d26519c5c7672f60eea
49,18,Brazil,89,5,99,64,sk****@fotki.com,65727ca57da41ccd2bbd8c23d1cebe60712f723c939b4d39a6eeef39bfca715c
50,25,Argentina,90,16,44,50,pb****@wikia.com,6e1adabc7ec7457e3c7706b82465033e8c88a19949603a3505b14fdad137e3e0
51,20,China,77,78,13,56,zc****@smh.com.au,d50e9e1eea4625afc381966d32e9b68052ee60a6e32490f1abbd928cc670244e
52,23,Palestinian Territory,54,28,41,41,cw****@skype.com,9762f46ab465389481b14b64a10d34428de5a3917a3341a5509e27e26acda432
53,19,Japan,59,70,82,70,el****@bloglovin.com,4b1a0876df9c44b82ad6e030c2ac6f8bad3350c17586b7e5caf980ad354b1c26
54,24,Russia,86,10,35,43,tb****@gnu.org,98306d28d6f7118ac3941cb85191cef161496f9c4e23fe4813099ace92baa69c
55,24,Syria,71,22,59,50,ld****@upenn.edu,f5690128ce0c3b482f533c73dcabfb99d41a055a90adcad5c973571bd1a364fd
56,22,China,45,47,40,44,jh****@fema.gov,f3e91873a469a3089ddd4c68008db37f8af6e290d8bea2b85b5031c36b3cb26d
57,20,Czech Republic,61,31,52,48,ss****@sun.com,73fb75fec3648424f0c4ca72894abc1f4475a6a2960a9bec48bcfcbddb6835c5
58,19,Croatia,76,43,36,51,nc****@nyu.edu,1564d35d3227e5eb0dc92834524a840f83cbae52299c15493b79e9caa70fba84
59,24,Philippines,98,43,93,78,cc****@earthlink.net,169c0ae849ff23f69c18936f19769a6b2519a5218a31de60b1c448e5fe63e06b
60,19,Germany,21,65,91,59,ek****@csmonitor.com,cbf7c1d92d77458d2ee2155cd256da312b0e7a49e9a82112f71b2060b02b0b16
61,19,France,82,34,18,44,ec****@clickbank.net,5e4533eb32960f3309cec7297994b5d10802acae43cf85e68aac7e9fdbd96b8e
62,25,South Africa,61,26,33,40,fp****@fotki.com,fb485140e9165aa606b56ae5120ecc6a032148fb93192ff195decb57cff5c363
63,20,Kenya,82,35,16,44,ue****@mail.ru,58a5857f52e7c68f91ad368a68ee6ba235122ab61cf9a43870d8f36fac3754b7
64,21,Indonesia,39,94,83,72,ts****@wix.com,b535b302b8156cbc6310b7b08ce3d670024b1c19e969d827eb93bf42e1de7aa8
65,24,Taiwan,6,44,11,20,cs****@drupal.org,b58abd972f8968e8c1d13f2cf32af38828f9454c27c00c8481d67ce5dc0cb31c
66,24,Czech Republic,62,90,39,63,ef****@wordpress.org,9fdb148394c0199250693f19a38ca8980beebca9dcc46344fb1b2658e131c0c1
67,24,Philippines,71,78,16,55,ta****@example.com,2cb06db4c19aafc69635f4c1ec059c519236390ea4de7b503091bba82ceeadc4
68,23,China,91,64,63,72,ar****@marketwatch.com,144c6f712e3bce309c9a89a5cf3c9705d071cf1afe9668a9571be99a54699043
69,21,Afghanistan,100,27,54,60,ml****@spiegel.de,e07557a3458e6c82c8bd76664cabe59ccc0c58de1d91a2e8a8527ae68fe3ceec
70,18,Russia,34,57,63,51,cb****@google.ru,b0467a7c1411803365d40255b6851256d779e93a0c528297fedb8902cfb2609d
71,24,Syria,21,16,63,33,kl****@123-reg.co.uk,2d5c7b60dce45b43848307dfaf86c6b932241eb4838abbff3774450f3530f0ff
72,22,Japan,31,65,26,40,ct****@google.com,e61ef18849b821075cc045f89b0f876f37cc46c610b86b29d0221475b0f56409
73,25,Indonesia,68,33,60,53,dv****@eepurl.com,d914cd5306873408da6ce3e6bc1826089a057f13e31ae8a4512b3da52b2c139e
74,23,Indonesia,9,91,29,43,cb****@is.gd,41dd64da151cd746227ff79d43c5b7f9e7628693e93e9d9259dc7e611ff8f7a2
75,23,Philippines,79,2,82,54,ep****@pagesperso-orange.fr,88e5e442026285599d3a16ebd3a1ab4dd95ee931136c7f88918b27c33d36ef9f
76,19,Lithuania,10,61,86,52,dw****@tripod.com,7c523f594dd18a186f725473f03a7eff44b575d5ebe28b49cc38104f019e4acf
77,22,Russia,83,81,20,61,gr****@prlog.org,6a2a233e78a1bf15ca859a68f52195e9393e25daa5425826068a1613b3008d3b
78,20,Brazil,34,20,71,41,rd****@amazon.com,41f92ef75c78107a5201b0c830e866909c6a79e1ccbfa0781e402fe9bb3df61f
79,18,Portugal,31,48,5,28,jt****@wordpress.org,4392c6d5bdf6b733bca4f2b4f87283dbff9fe600c9692bcbaa5086e9cdf1011d
80,19,Portugal,26,15,51,30,wm****@shop-pro.jp,9f768db6ec545306586c4fc10f0004a8acedcfd8cb8684056f9eb31542870921
81,25,Russia,81,72,51,68,aw****@spotify.com,5505605df84b505818899750b3cf9352e56eece7e5cdb166c3a5b5171abfbd00
82,25,Azerbaijan,13,27,62,34,ro****@pinterest.com,d4db16898553779371614748aa1ee48d312280b374de1e939ba19b653a508b1c
83,19,China,44,78,55,59,dp****@vinaora.com,051c0f62acc3be21fb17e03e2599c088e14ab681d765e8568d296f276f02be4a
84,24,China,79,18,29,42,sa****@gmpg.org,6d5023d9163bd8f0f9a3a5a6dac27a0fe9129be516c676cb018d37cd90e9f916
85,19,Russia,69,96,50,71,mm****@si.edu,0b1a3cef74c04bd9e614cdb8dd1ebcb3b0d4500d276766120993bdfb9437c31c
86,20,Portugal,62,99,6,55,bo****@si.edu,f1d35534c5ba900ae132cb0928b2293e064570df96d9649c87ff4fb4fa1b350f
87,22,Poland,95,46,73,71,eh****@nsw.gov.au,a729e140f090334c8d6fc6fe34bed2c416110d5fb487fc264592297f7a28801d
88,19,United States,37,47,76,53,bc****@yale.edu,d84cb0bbe7fc410c68f31b2995ec10d448bb8e88213289a8850680549af04999
89,21,Czech Republic,74,90,5,56,ea****@nyu.edu,0e7073b03d2296fc844c2e05d41c60bac48ea5f48858781ab0938a52a81ca6b0
90,20,Azerbaijan,22,25,68,38,ur****@nbcnews.com,2777fe860273595cf721f2bd800daeb5a778e0f969e8a61a1919526db07b783e
91,25,Philippines,89,88,12,63,ss****@edublogs.org,42b164b88cebb6f380978980df74281c0b5a64f6253931d4bf4fa98c17ebf3c8
92,19,Nigeria,37,18,43,32,cf****@microsoft.com,eea7182422fa2a39638c727f7cec9b96b6ced2992c6ed9d40c1978eeb292d5c2
93,20,Panama,3,51,4,19,tc****@mayoclinic.com,b389a86f733b53cb701177e7dab0358ad6278bb048942464eb814b15d21a3849
94,20,Sri Lanka,91,88,41,73,hm****@histats.com,2e92fdc66c0c4cfb27aaa9caf76d3c027b252764740bd83c72a8eb942456eae2
95,20,Indonesia,13,10,57,26,da****@gnu.org,bdb6836213334b6ae531acb7032406a3a5343a2bc895a8f4acc32a92928f2da1
96,20,China,38,81,84,67,km****@addthis.com,dcde27cbc3c710b456c31436c610b2e5ce0bdf39b3e8b56fe2604efed448806b
97,21,Russia,94,49,31,58,lu****@ebay.com,60deba5048798c4c06a22a8e583fa42a4c11f69620d3cecde7f10e7a3d4ac1ca
98,19,Ukraine,36,81,53,56,nv****@theguardian.com,df06c5c89823996f77a2e7778920375dea2f9c341f71057bde585f2d4e657291
99,24,Indonesia,67,55,13,45,pv****@dropbox.com,7e8ec611104906adec58aa7181430b204b94d9f428beeb88271382f31cece6b5
100,22,Republic of the Congo,84,28,57,56,lv****@nymag.com,79bc56566d22f46d4c5b91d7ae830ad75e726bf8a74ce2b19e7b62a255974976
101,24,Portugal,44,90,68,67,as****@ucla.edu,80f55f0e72d19e1ad2787ee5ed1d3c0be412efceb5c90c2c32b5f8df4ddfd4f8
102,21,Greece,60,34,71,55,es****@cbslocal.com,c3caf76cb2456006b365bf739e2bc7d55e51f77ceec57144bf3cb68d24c128b2
103,21,Poland,39,18,3,20,mg****@phoca.cz,002baeb3064eda61c0c6cf19a5335631dbd03f4b7915e698d9af55d6cfb6d5da
104,25,Thailand,22,68,70,53,pc****@archive.org,aaa863006dcd617b824a84fa283aa7d1b88c8bac36dc5a185c7e01a06ea93694
105,22,Philippines,12,31,4,15,wm****@blogspot.com,6b00f3e20220179d3684f9be7121801d9ff7b5410729fd1fc1c40a80ae4878ee
106,19,Portugal,45,85,47,59,ea****@hatena.ne.jp,54ce55ca67163c08f4f65facb722831e8cd750f7d4bc3d78b5c1bf607955360e
107,23,Philippines,24,38,31,31,id****@netvibes.com,b680d45b52d54f1969afed7fa5fab807fe49545f03ad77a5364125e34e2d4dac
108,19,Brazil,37,40,50,42,bs****@xing.com,093f6b3e791575df1cf59858720ac8c7094f9b834ead660e4b1bd8c6d61cb272
109,25,China,92,45,61,66,vs****@un.org,f4a10c1dc1673d31bcd1172f1fc6df95c153aa3a88ab0846c3534f7f0ca54b5b
110,24,Poland,55,43,72,56,hr****@soup.io,dc1af4fddd5056908b4b60f08e2b661f5633c66468ef690be9f6de9c260e72ac
111,23,Indonesia,47,33,7,29,bp****@tiny.cc,fc24e0b51ffdc390218e1fbf049adfb5cae456d82b76cb39c7f1e37c9dd72618
112,22,Portugal,16,26,42,28,em****@kickstarter.com,1e3f0d3e8a587567d561719cac6f38b38f1068b03912873fc5460c1e84bc7bfb
113,22,Russia,48,79,11,46,ce****@rediff.com,9f933a36b1c879681a42c368a11e2a8e16cc5b9b1c315f6a80999e315aec2638
114,20,Sweden,72,76,41,63,da****@linkedin.com,47563f0527ceb82d81e655488220e0ae2d035826dcfb44094d90a39027aeec1e
115,19,Philippines,59,70,80,69,dj****@who.int,952dfb126c326c606da9d62d4ebf6c3a43199725a39ac240209473c11054014c
116,24,Kazakhstan,4,73,19,32,mo****@slashdot.org,f9bbac8ae7f64f6c6d84a0ffcc5dd1b438de57fc02d6b61dcf200b91d9ad7061
117,21,Indonesia,57,74,92,74,lm****@amazon.de,2e04a6836c1ba194a19767f697b1e9ef6f33173fea125d1fb175ec1c5527072e
118,22,Iran,20,16,1,12,gb****@ustream.tv,1ab776fb503b4aad8d41711189600f22526fdedf0443ce218f35faefeb87d183
119,24,China,73,42,28,47,id****@sbwire.com,864c1928ed50ff3a8880f88ae89fa131ce4a14cf91e9c71761500b3af15b11a3
120,21,Sweden,26,40,19,28,bj****@google.com.hk,9b7cb20b94212089bc080ad99a85bb195cfcbc39d05582625ec7857d141bd871
121,19,Philippines,17,95,71,61,as****@yolasite.com,741d2c64bad05292530c1a8bde22475e0a028fd06db5bc1c7f19af509c00cff0
122,20,Ukraine,79,67,63,69,cr****@soup.io,55febb99490eaad1d08348d2c1c4f59d4fe816f9f41af141fe0d610587496ae6
123,18,Brazil,65,90,72,75,ar****@go.com,4c28ae4646870aa8fa9deed44b7d4ee568e7da3efc6bc426107fd2b41c258036
124,21,Mali,35,70,0,35,dm****@harvard.edu,98e69cde6bcd8e06f270d0ff5e4cedfa4bd9d4182344b45bcd8eb7b9de4ea357
125,20,Czech Republic,22,4,60,28,sh****@g.co,0cd9e3c7f2a6025c8859325a8e17d6a3de1ddb3d29b7c3cda8f91cae28283f3d
126,20,Russia,94,2,78,58,rg****@discovery.com,95d63440e110810e171d80e18d6b7a86dce54c71e72d714049689407c31e7646
127,20,Poland,35,69,12,38,kl****@ifeng.com,b24d88fb9c150ad6f695f6df0305bd6814a234ed1e8bc76ed24b5725bd1a411e
128,25,Vietnam,16,31,25,24,sn****@nps.gov,9d02e39543a3bd3aa6ee8144382741c393016119eb814cdf4da8ed4e25d2905f
129,19,Peru,9,7,48,21,lp****@deviantart.com,ffda3e2b8aab700bbbc18cad2955a9b8ad329fae24aa908f6285c0144257443f
130,24,Latvia,55,52,87,64,fp****@uol.com.br,31d260a383203f0e3c7f651b01f525c1451f294f22d035336112311c41071ba7
131,18,Portugal,63,14,99,58,jw****@java.com,1a4c05bca93abf76c3cb03f77f79a7597510b70abcabed32971de35ebda92769
132,21,Japan,8,60,42,36,db****@diigo.com,9ff8fa367df9ecf3633aca3bf65b3475ab45ee5168a67111de72a0c9f592c07d
133,20,China,64,28,97,63,dg****@printfriendly.com,ce542db50bcb0846c77facba63db9de0415bfc5898da1b05dcefa1811b9028f2
134,23,France,42,92,11,48,rs****@fc2.com,6230f3fafc2bf91d39ecca07c924826b00bd806cd2a0b347f35ffb07519a7684
135,25,Portugal,86,44,20,50,kl****@histats.com,25614d0b1609c5608d23b689e52ec4ac34fb861e98e2a16a9836ecc08f52c9a9
136,18,Finland,37,86,53,58,jh****@domainmarket.com,607bae750a6ac6aa6d3d83b81dc2dbefb26634d6a8290374d4d78cc981e0de0b
137,21,Brazil,61,3,35,33,cs****@bloomberg.com,21be89fba6639427277d00900c50038fc79e3db40492ee8645ee7c51b745c318
138,25,Colombia,67,94,70,77,bf****@devhub.com,a82ff3da3bc58f6d92a7284b62f16d498db52f0127b80bd7437e8bdada194f22
139,19,South Africa,60,67,79,68,lh****@shareasale.com,044308f020f693f526f108fdc2c02f50506da46f33469d42c667e42f3dd41eb9
140,25,Portugal,17,78,69,54,gd****@live.com,2c8c027cd30d52d5e5ed4ab81cb2015ab8fd901c0f0e87f334571f05106e0e3f
141,24,United States,15,78,70,54,sw****@so-net.ne.jp,d7b27c56a907708f0e36b251d196167f3b222eb18b4bf885dc6ecf1ed78348f8
142,19,Sweden,17,49,27,31,ss****@51.la,aeab84548b460227f2c66a0a812dec041d7ece5501816d720b6d529c2b505d91
143,25,Indonesia,3,73,20,32,so****@wp.com,2db8ebae7b5880158c44a65b19cf8dfec5491be871bb3a7e954ec99d172184f5
144,20,Canada,18,35,100,51,sf****@clickbank.net,9e110f4203282aebcd7bde7b3046e8adc5cdc48751fe55e08063e01c6b437251
145,25,Luxembourg,7,30,94,43,ng****@trellian.com,f87984d6292008dad702cdefe865681e33d3b53e089e698815b9399c901e4524
146,20,Russia,65,28,36,43,bd****@imdb.com,97f8726bc08e4a9cadffdf5c801525161bf923e50154f8c4d16fe755c1f83e84
147,20,Brazil,40,2,91,44,ma****@nhs.uk,372a80eb8ebfad0250dd917496c0c48b9e857fa9a89e6f74f633d74af7a00fb6
148,19,Russia,49,41,36,42,ad****@nydailynews.com,856c0d83d86ce6b418e665e4df9ae38663b0b542e50b5effa6997d6b1a520c11
149,24,China,50,5,99,51,cr****@msu.edu,cc0b90a002d8d45290c7d9ad428e15aa5d1df7605ae7339cf4d00792aad43e8c
150,23,Ukraine,19,84,55,52,am****@soup.io,044a7c5a3ea5d1a22c63167654ecd0d116ede721e6e50fd830cdfdd04d1e0455
151,20,Philippines,99,96,77,90,mt****@cpanel.net,b14876b4f35be2dfb4c55fa6d0c6cc56ca5a53bca54d6dcacdd11b062365bb28
152,21,China,94,26,68,62,sg****@deliciousdays.com,ff4675a742be009435415a05c711692217875ee095e35627aafd725917176011
153,24,Russia,66,1,80,49,hm****@hao123.com,e719dd6990172715403323b683b14e90a6a14fc2cb48bc00d01fe2b10341c7cf
154,20,Mexico,61,14,98,57,wh****@chron.com,7d76813d090afd335f5e20d088a23b6fc410963e4b5d2a925035c67687c2a703
155,25,Philippines,78,94,34,68,gw****@newsvine.com,e4769a2a27c2cc9aeee52ae959694b8eeb206707eb15d9f9ee253d68f25ec33f
156,22,China,26,1,9,12,jd****@github.com,b06ba1d999add8c14848abdf84b2b8366889c588b5bf6b72263093f0792c2e85
157,22,Poland,20,95,77,64,ar****@archive.org,16fb95a8275ca05b880c69d9c181042e9dd78afcbe62406b2d2204a57dca6ed9
158,21,Peru,94,32,85,70,ds****@goo.gl,467749312163c9318b413b7c40dbd5007ead10d66d130dfc2c4a35e8491c5cef
159,21,Albania,13,5,48,22,gl****@ovh.net,cbaeb19895901023adab77b5e59385beb5a24aef0f3f06838236819ca36021a6
160,19,Peru,5,88,47,46,ce****@slate.com,10625e23d0145895508477c0ff469354bd402094ae612c3161da59aaf08d2944
161,18,China,6,40,56,34,ap****@mail.ru,0cdefd20bd903cd9fc5302eeaa18035b4401c326d37f5928b107d9cd5adf1481
162,23,Indonesia,31,54,83,56,ks****@phpbb.com,683bf5dc9d04c3f599639870605cbfe019bdf17f213dbfee36c47426cf2d1925
163,24,China,50,43,93,62,km****@unblog.fr,7fdc71a8cef4a400b8a401d08af215b5f3ea6a8759ea0e40bd5cf0da8d1aa5a2
164,23,Reunion,78,41,10,43,sg****@squarespace.com,02f357be2501b94b9bcbab53f75f6fd4aa0ceae309dab9497da2999aa1524450
165,25,Guatemala,91,33,83,69,ll****@sfgate.com,ad5683d9c8a50c7254958ce9cf96f0536a4f7e1bacd50cc4d5cbc63e06cc611b
166,23,Portugal,34,13,38,28,gt****@sina.com.cn,713df5520e43fc29319d40d3e4864861f9631e24d5e80c0e1f097622cde1f2d6
167,25,China,88,89,14,63,ho****@ycombinator.com,9d9e33f7954b0fa3813586a21e8f8dc0a9aed7a7f101e309679b592fe8ce906e
168,25,Indonesia,54,56,0,36,bb****@unblog.fr,67b42858761b44a036c72b96d0f016ae536309c186d560ead2fe17d55ef5c0bd
169,21,Czech Republic,83,41,76,66,pf****@sciencedaily.com,1cda5e628affc3e92826819c718cc3e4ad78d3b990b027e60271aebfcadb6638
170,25,Brazil,73,41,65,59,mw****@ifeng.com,eb0896d2830417a0b43c933ad4f7080b65d74a3a4c05929ab93cbf786f3025a3
171,24,Argentina,19,2,90,37,wc****@rakuten.co.jp,6a6198f2c5703532b28310469bb819af2e29434424c15768e37094ab16bee8a6
172,23,Poland,8,43,47,32,cd****@timesonline.co.uk,1771daf08e4d3aa6e638ec75026ceda96b5b450f769079ef166bfe115aa4636e
173,24,Panama,30,48,40,39,cc****@sciencedirect.com,c3b2e071ce4cf0accee3054be38527661b993de206fde3829afe535b9e634006
174,19,China,24,25,20,23,vb****@marriott.com,05111168ea1ccc468e8d9386410b2b2d9973e65ae2a196c2748c6db52df911bb
175,24,Iraq,55,45,14,38,mf****@wunderground.com,cc182033c67463eb888015f3bfa046158362d1dea6e5276886e77d2d2d1cedaf
176,23,Portugal,68,28,20,38,rm****@ox.ac.uk,d9abdb0b61fff54386f3151ab5a421120465d8fbc70d2f15a4520c538258229d
177,18,Poland,15,30,81,42,no****@wired.com,40f52ae30a6c1baa4ea55c4b44a041e149e11a5d784b0438ff551e2b40e3d8fd
178,25,Indonesia,77,69,96,80,ct****@parallels.com,94dac50c8ea109a24552b5ab619e651f4efac118a17d518cf40521bf43b523a3
179,21,Brazil,31,31,14,25,ba****@businessweek.com,417c3d1749eab0d00ac94e33b6cb58d0c5dabf4d6dc25d93c0eb2874642ff1c8
180,24,China,56,75,24,51,fl****@123-reg.co.uk,a64997a016171b33098a3ea2ce8a5b655680659e9b63178bf47cab467628d355
181,25,Indonesia,89,35,33,52,so****@army.mil,4e973ac5b9f401f2ee225a4a86cb414680f69f4d701bd2dc1922abb09d4f6071
182,19,Sri Lanka,44,64,79,62,vd****@senate.gov,71d7b69b11b7f6b1b2cb66454bf125449b78aae5406434e629ff71a73c210626
183,20,Vietnam,86,91,99,92,tr****@businessinsider.com,9edd47c0dd8e86fa6528d7c9ed7223c664f65c6c049d0fbd5392ba302ba93b5d
184,21,United States,6,35,16,19,gb****@foxnews.com,ba68013535fc08d3c2ef8d57bf679fd5c7632e567f90ce8aa14c68721bd2533c
185,19,Peru,41,87,14,47,ap****@zdnet.com,8945bae5af08a313c979a9faeb4e13c09fdf04a4ca31c0d6e8f3897bdad63605
186,20,Nigeria,30,22,7,19,sc****@live.com,bca5233ba2f4d8514a63c8a7ddeb9794c0229071c95ef9d5e54aba31928883d0
187,20,China,82,75,72,76,lf****@marketwatch.com,a8899cef87cdf583515b28430904892af5c074e27cd6dc4f7c02c0402e678b3a
188,19,Japan,98,87,26,70,hm****@parallels.com,673f273b40eb0b75db3bc85c0eba3b28c38d4ddb1379fc62f57044dbdc2c5e23
189,22,China,65,44,66,58,br****@tinyurl.com,509eb1254e493e81390a39de3301401b354971e7e0efaf60b6ff4d2873bab93f
190,21,Togo,5,51,24,26,lp****@google.ru,e726227e969bec2d63349ab81eed9c0299887650b081837ce077e5218c450bad
191,19,France,39,51,41,43,is****@tripod.com,c0d5aed12664d2e4acbfedd38ffbe81e6724ba2ca7edaa33a760c320d73279fe
192,21,Brazil,82,37,14,44,np****@engadget.com,e813af46e80b7943ac52c39188f13ee4018c19391f5bcf5bf22d8b38d7082403
193,23,Israel,23,54,75,50,pc****@foxnews.com,6b0ab6fefe08d32cb0ffc7d97a143ae0d855f13195ed4af58d7c4071f4e8b2a7
194,24,South Africa,37,39,36,37,ms****@smh.com.au,c3bb38f7ff08b042c7ac9d8c0a7b49ccc22d2ae39575736db65aa1f1332c9a8c
195,21,Croatia,27,52,96,58,ac****@goo.gl,9672ff784af4f8e0a071d10708236a14156ed30cfaf54635a70caa2acf732cc8
196,18,Belarus,35,28,21,28,fd****@telegraph.co.uk,98b47dad403f9bc43f5953794ddb5f9139bad3d97f2b93d79c8991875a227595
197,19,Poland,2,88,70,53,fq****@dmoz.org,50d5c32a039c5419e330d8816dcb11c0c6da21d3dc984d22d228137eee2e4ad4
198,18,Poland,45,24,45,38,tg****@oakley.com,462c7e1e035ce3678baea5fc15950546eacc8e0dc4593d1b979c45a601441bfb
199,21,Indonesia,82,2,80,54,af****@posterous.com,9e5ede472912ea8cf588c19793b3e89ccae36ada397e0324a8701040a4fee716
200,23,Argentina,22,83,60,55,hn****@altervista.org,45c86bca58f6e7011bcbc5f29cbdddc7a88c42a1b7b97b71b8b3ff25bf6be91c
201,18,Indonesia,17,2,21,13,ds****@wordpress.org,4dcc324b63108c01fddcd8fc9fd8a530a04dbcd6bb6df21eeba1109950d592f0
202,23,Chad,66,26,61,51,tj****@nydailynews.com,5f7b7547d9182754a040475344db56b99182dc2eff5acdaa0333d749139566a6
203,25,China,56,4,8,22,qm****@issuu.com,d9f5652c56b8e315ced7ec65a1e78a88f31bc29ccca3ef9768140755234ad160
204,19,Ireland,95,21,29,48,cd****@state.tx.us,330bf36284439404b278f0aa570c2b09becbcb8c07859df7a0a9271c57f392bd
205,18,China,62,51,97,70,yg****@microsoft.com,21c2024b09844b9a9a147737c454027d7167a6d6cea6c9a5e5e283d088e69ff5
206,23,Swaziland,17,21,75,37,il****@1und1.de,dae3bbe31d9af636e91d7d817b9b1da267a1c3946243584118f377e9b5c9fcdc
207,25,Iran,24,94,96,71,ba****@berkeley.edu,49ec3c3898f758d4e1712e9af84f6ff4e362c1278da4917df1b95f9f931ac506
208,25,Niger,74,6,44,41,gt****@gravatar.com,fbd15ee1db46f27c32e9d25e6ba4124bc002d52a743c6f44abefb3e244c83ac3
209,25,Portugal,34,31,17,27,aw****@diigo.com,69780c3bed5bdd3937f35c6a963a6ff2538cec8545e4e2bf66c0d5c5d78189f1
210,23,Brazil,8,14,44,22,gl****@moonfruit.com,366156c0cef6a48bdb47c3462b5185bf6bcbdb02c1a84d35714aaa6d01c0302a
211,25,Indonesia,73,34,7,38,ea****@woothemes.com,008c2a09cef761eead21cf964ed6ae1e7631ca5b17d1a510bfa0eabbbdda68ef
212,19,Indonesia,23,70,19,37,jq****@aol.com,bcf4600ce7b426dca75152e92bd3bcf5c2bd2dabac61d9da5b5c67faae545d9f
213,20,Russia,50,91,69,70,tm****@paginegialle.it,0845f31c1588427c5b6a409f51a759c0dd3e6120c589027f49575a9e0f1868cd
214,19,Ukraine,6,92,61,53,ta****@myspace.com,834816eeb690f5d62537bdf238ab20079a5edf8accfaec21bbd7950720933019
215,22,China,73,33,52,52,sb****@icq.com,e3a9528234c47913274aecd52680c1938a9bc8ecd4658936be301d0992e4bd40
216,20,Brazil,72,15,21,36,is****@google.co.uk,e6230eabdde67afa936fa11c3e3b7c48b61b7e98a5ebf5a484ed219711eedecd
217,19,Indonesia,17,12,66,31,cl****@i2i.jp,49f4b51f6113d3ee7224d65a00b88c93481d35e5a354f61f72b073ad3dfc878c
218,24,Poland,29,23,20,24,ed****@theatlantic.com,a7916758ee45249477d71cc14dbd1852d88f57faa9cec27d297956d4829cf809
219,23,Canada,47,73,82,67,ff****@utexas.edu,77e4acb8addfeebd6a5f26ec32a59f949ea10c1c93bc9844339b2807a934e2b4
220,24,China,51,84,64,66,mk****@examiner.com,b1eaaaa03fabd4222b5b45ee6ef9978a5584474673f3f0b5cc0e912eed5cfc5d
221,19,Poland,41,32,29,34,jo****@hubpages.com,c9779b5de1d7b0c46bae0a047f845c0d9d2681ec3d07a19ecce7801c624f961a
222,20,China,98,61,46,68,tb****@cnbc.com,4035bc6ade2d1d383225b465db3909971d70b6d350fd473600ca37038e9e7522
223,20,Russia,47,38,100,61,ws****@soundcloud.com,7b98cd663e97270f9d9b59f7f6359bed9b3f0ac89e661eb7991533b9ff60d100
224,22,Poland,17,6,6,9,db****@noaa.gov,58f07cf4c2f1a2034c37fa4daf48454ee623f2e0c4cce6eaea5571e4233caf67
225,22,China,93,56,78,75,ns****@mapy.cz,fdd38c80752572697e686e45435c9dcca7bab4d521725b95cf20f3ea71dad351
226,21,China,47,48,93,62,bu****@google.ru,9c779b8b202d2623752ab0793a610eb733582d3f1db31662a63cd9078d5ee692
227,18,Indonesia,65,52,72,63,kd****@google.pl,4db50e6ca783d0079b37eff5f30d7130058702135c7536a470c3b7fb8ecf9261
228,22,Russia,65,10,10,28,hf****@infoseek.co.jp,c0e10b2a8a307894b7977577b539bc7ffee5c1ee80bfcec64c141da34865491a
229,21,Sweden,56,38,94,62,bh****@guardian.co.uk,e143f1af89b173d917870c7164ce6947043ba52f8d0f9bbb63b56d0343706e48
230,19,China,80,32,85,65,am****@utexas.edu,2948273435b321a3c6a4ebd87faaba2dd21a4b517c612747cb58112494608014
231,20,France,20,31,66,39,bs****@domainmarket.com,7e5a663d5930b0f819e33141c907d183aeeffadbc057d1c6ccf0ee6e4ff2e3e0
232,25,Peru,99,88,84,90,gc****@upenn.edu,26e925c4f77073999fbb5572c1c3e82c1382eeade15dc01a2127d480a3dde74b
233,24,Sweden,25,24,9,19,vl****@weebly.com,3148a7190df8709a7b3072fd9d0bf6ac518ec8f8f5769029939d786acc6c0448
234,21,Argentina,60,74,60,64,kt****@google.com.hk,098fae6e3e50bd4c7e447b25873ebb030f810496258541a7303ccb6219fb6606
235,19,China,54,48,22,41,hj****@state.gov,a03af9e4f670b2f120bd3651d9b78e91923be3b66e0127299f99eee3bddb2a12
236,24,Russia,65,33,31,43,mt****@auda.org.au,0956469d2c590e812f4eee3d815a3e0d34bf8d79905ed98abde3147ee5bd4578
237,18,China,51,13,86,50,hs****@imageshack.us,072e1f88cd3135f5adf7809beb16cf8424d3ca73cdec41d590bb8e4aab741fa5
238,20,China,24,88,61,57,ar****@apple.com,36e8a678eda408237319b8a8666bb67ff7a7efaa67109a7efb7d199c9a5a8741
239,21,Portugal,32,92,10,44,wm****@51.la,2fe2946ecce601e18e9b8a840e20d42defba516a1110ffa4c1b8793fef9a4be4
240,24,Czech Republic,57,13,37,35,ka****@moonfruit.com,e7e79d4b953a74d65cabdc68353c71b1c41fdc54bb7d564c83dd72f3bcc7e3db
241,19,China,32,57,92,60,vd****@amazon.com,fb441c34ed1fb23f759e75c0b239493b521bfb0f8995414a80ebb115a0f463b9
242,20,Brazil,9,1,47,19,cc****@parallels.com,24cab0b1e4245cd2715a61d9082e32d01dcbab6006ede72d3d24cd53b702739a
243,20,China,8,20,53,27,ab****@cyberchimps.com,16a7221e2510ff47c3a186abaa1d06fdac6d9379b5c56e3aef55951eb7181e65
244,23,Luxembourg,42,83,8,44,ad****@cyberchimps.com,2b1c285fc7a804ef944cd326abf2ab76ac62fb18b31976031f3859feed072406
245,25,Sweden,10,78,68,52,ss****@about.me,b4adcfdf969f45ab74525ffa81fe0eaeaf73fcc73c0193c3fe5b325a24066e52
246,18,China,73,88,61,74,ln****@nymag.com,41f646db0c0a112dd2d076093694d8a75667d24a070ac55af6f32f7b8c052cca
247,21,Mauritius,34,10,91,45,ap****@virginia.edu,0fafb30400363edde5c518ecbc10c0d73b83139e74c74d0aed93fd883aadc943
248,18,Philippines,59,86,98,81,lp****@comcast.net,b296081aac3e811aaa1d841eaff9ccc48d98a10d9d562ef1be3d1f777bc39738
249,21,Brazil,68,32,5,35,gm****@springer.com,11a939705302b9f384f2756e61feb81e9b8936cc9660b1eadac2e248f0a1e78e
250,22,South Korea,30,60,68,52,ce****@etsy.com,f82d90d2d62a64908577b4f5083849d02cfba4e57f3755fa97850723f98e6f33
251,24,Philippines,8,97,30,45,as****@cargocollective.com,7aff4d766f9c87de3702068e716cb12a4c5ea039f63ed6a0849c17b355e05022
252,24,Czech Republic,90,54,99,81,gp****@sourceforge.net,6e7df6dcec1d5af5d734d6091bbab81afa39ece40a1f20b1537a49321d164616
253,22,Sweden,60,23,29,37,tf****@miibeian.gov.cn,aac75a6eeffdb0b2e64c79d02469dccd1e0131df93020d6ab762bb4a40b07365
254,22,China,64,95,71,76,bm****@senate.gov,99255a0155e0291b4592df00ea6ad73f52e6b8447b0a4a8d513a2440fb698526
255,19,Indonesia,91,24,62,59,oh****@example.com,1797efa849f328527aaa6fbf48aa528c9c7962ba8c83812344cefa0a97518734
256,19,Portugal,2,34,71,35,cc****@skyrock.com,613923cd44e11e41f3ac89568b4fcf042e7bf56c99550aa163ca9bfa18dbc6c0
257,20,Cuba,56,69,71,65,fp****@auda.org.au,0aa6a73da92ecd26eab6be75de14800bae0032484ff96f281ecc85372217aa91
258,19,China,83,70,95,82,bf****@istockphoto.com,2c51e384016d5ebb78f09c97f66e9656c0e81ce846da6bc0306649a433c87ec2
259,23,Finland,3,79,46,42,yh****@statcounter.com,69e61794416c016b5a6e01d94e509baf468ea0c4041d1f3b900dc0c653bb0583
260,20,Russia,81,41,25,49,pc****@cdc.gov,5f972a4af5a76fa3764909a59ddc8e531838aecb8adde52fb600af1d7969f3a1
261,18,Indonesia,94,13,5,37,mj****@google.com,bcab2cdb6438bf26432b741d819fcf40f9eaea31fece08d9b86c621aca9e60bf
262,23,Indonesia,78,27,88,64,jv****@google.co.jp,62bb41440ab57a26786b1f86b86f3ed628cb91356a53fd4cfc940ee838ec95a2
263,22,Philippines,31,70,53,51,hf****@networkadvertising.org,b7437223416e45b0cacb8a8ad2421720e2e9c8744bd99f49878e0a65d868e8c3
264,23,Brazil,1,68,62,43,md****@free.fr,c31f588d7426e82ec80b1bdc4e6e6ac00bbc4c88a852c82b0221b606808c47fd
265,21,Portugal,77,94,61,77,cg****@bigcartel.com,7148caae8c12a03c8808d3c1ffe0fa6ec7657682d7d4cc3ad5653ce20828216e
266,20,Azerbaijan,44,49,85,59,as****@last.fm,aa7369f228b403c47ea315f4badb3db9c3b38ccdf2f0b4bbbb6854dc67d5d753
267,23,China,17,27,1,15,at****@e-recht24.de,ab5a17c43721c8f5376dd92ae884e0ced4943529e8f0e32055f5bbe3e8d52c58
268,21,China,21,52,26,33,ws****@nhs.uk,ce5ec6c7e0a9893503af6fd52e703651f6f6a9c90518cc3f7ed74b9047b917c6
269,20,China,93,23,75,63,jh****@etsy.com,e3d5fda5afc34342b187292775cab8371e2bce53ca443703e848abc99512cc7a
270,20,Indonesia,16,85,84,61,ss****@xrea.com,e1c8032e69778ee69de4673c8ec1fbd11d385a0d3ee49709f9fbce0fa6a8e46a
271,25,Indonesia,18,65,62,48,cw****@japanpost.jp,2fc72d3002fe896f029aeb11840ed81feb22bbd0ba6c2042037a2c2bfdd2bc97
272,23,Afghanistan,37,98,18,51,kl****@deviantart.com,820cc10de45e3563a572c1fa89963b9f2997567575d1bd4fa2e790b7074a0522
273,21,Philippines,67,41,55,54,rf****@rambler.ru,75d0a8349930444f30697d6a5e1a9fa617dc64336d5ba34a2a5659bd2f178fe8
274,21,Estonia,70,25,85,60,kp****@themeforest.net,1628461a099b819a8fea3792de974aef88b0eace080bd98ee56c17aebd6af10e
275,20,United States,35,69,66,56,al****@google.fr,348fbd9da2add2d72030519378afd8c856dee1136d8f0940ef2672a8b2d2a90b
276,22,Philippines,82,18,51,50,jp****@census.gov,4b87d03dd483be9048d221adc57c515f3c2a86ac706be85c0acf4aeb88a1b398
277,18,Taiwan,32,71,52,51,hl****@arizona.edu,10b6ecd249084dee23a8f47e90007573dcccaf651ca11f9593a27add8d112804
278,21,Peru,57,21,51,43,mb****@unc.edu,89dfeff44fad5b448faa9c62baaa4fe2c2ff1b3f877da02b580051744e9e573d
279,22,China,38,33,87,52,ad****@tripadvisor.com,e14292c27ab3fe77d8b8fdef9083680f1ad7563930f7ca4d425b616ec0dfdd62
280,18,Somalia,35,18,26,26,dz****@japanpost.jp,87f6658f491debc1a25bb561006309ec35448484057fa0a69c96cf78bd8d690c
281,24,Russia,53,43,33,43,ps****@g.co,c861bbeba89e49ec266a106d230bc18da44c1b5807d6d40747d44b59ffeb343d
282,20,United States,26,34,6,22,ht****@zdnet.com,4ef613fa46ae783260381484382023c5fcbfc36a05d2149c95064ff802b68cf3
283,20,Philippines,0,40,18,19,wi****@fema.gov,cef17608ebffcb9b0d7af1571b9326ec1cc71cee8aab61108ba2ad4e06642ac7
284,22,China,9,96,89,64,ml****@youtube.com,1d6f2d9972c404b5698ff0f488f29393ff2d068d8226f02c6790552398fe3c62
285,19,Philippines,96,71,12,59,sb****@ocn.ne.jp,7aa9f2e0f64af20c6eba74b21ef5ce5422b3bdad1d7cd92756749e1e702b93c1
286,21,Colombia,18,3,64,28,lc****@vistaprint.com,1a2cfb2e6a79cfd0aad4cbb7a2f57e940f35b7b177aa8825ef1fc8d2e535503f
287,23,Indonesia,72,5,35,37,ab****@free.fr,c772513ee6c87a93c181aed6103dad2ced379b5fdb62d9883335f6d148ed52b0
288,23,Argentina,16,49,48,37,gg****@about.me,6aab206bbca793ff7215838facb09484dfecb8a0fd39d05955b0bcc90e31b8a3
289,20,Philippines,69,92,11,57,jg****@home.pl,f0824a8aa03c2430c7f7f43266963911b746a14e90babf6006b50de261cff062
290,20,Sweden,84,47,34,55,cc****@privacy.gov.au,535c60606a07bce064f7e1fcd80540bf76ae56aa702a65716ccf92f70d68d935
291,23,Albania,0,3,95,32,ll****@hao123.com,e2b07bb88653f333b70a8385cb27e8ed8a4f2e02ccd163fd64af3b92c1cbd8db
292,22,Colombia,59,45,86,63,ab****@wikia.com,a00156aa65873229c291774494b4eea11aa74afe74395f15ec0dcc5053d14056
293,21,Ukraine,61,25,18,34,ma****@admin.ch,35be28338bcecb168e41316bc3721403ba372ed7caa2862687bbb74580c95e88
294,24,Ukraine,38,37,98,57,bs****@state.gov,bb1d379bef960922332075971c258ef2198b95142f4c6d6111b96ea7ef9247b1
295,21,Brazil,53,8,27,29,tf****@google.com.au,2945e91814cdc8e0d6da289afc6a6fa6f437d644f9d94ffed3b61ee769ff98d0
296,19,France,36,86,46,56,tm****@ucoz.com,0f355ae892d4529edbbb9bd73de277577ca726add1ec64e726f97df6386d99bb
297,19,Croatia,60,39,4,34,jp****@opera.com,e26182bae5e4cf63580e42d592f8217ea55a54811410e25039cdad7308597796
298,20,Poland,31,24,44,33,ge****@posterous.com,ba364dd2a2165420bb71993a6d1d2f30231a9d67fbd8cfc0d6e88936d922164d
299,24,Indonesia,7,69,67,47,ac****@smh.com.au,8087772bdb82126c77394293b580d14b3b0ff05b85155bb34ef016ade950c79c
300,19,Israel,79,1,100,60,dj****@answers.com,0f6c3f7cc564802733570e85f18a13851dcf2d1b5dbfa50f9b5747e2d0477949
301,24,France,27,46,80,51,bt****@disqus.com,f8c8266860e1734e608766a9390f39411191ecc52abc13d220865bd9957391a5
302,18,United States,38,13,38,29,bb****@elegantthemes.com,ba09a9369c51d6213396ded7ae7a1678c6815273bee389d9a3a836686b55a713
303,23,Portugal,64,14,45,41,mw****@plala.or.jp,aff2ca456f57907b518bc99c199c5e3b3b6ade4916b83cac0a60cd16d3b95e60
304,24,Spain,98,14,88,66,gs****@reuters.com,854a1e113f684481c24f63c6815c16dddd9531fd0f3ba6d371a7be7f31b971a4
305,24,France,82,25,97,68,ft****@etsy.com,50aa3a8499366f2849698342694a3e4ff176e258b60b95dd4bc2dbaa9c1453db
306,24,Japan,94,90,6,63,cs****@sitemeter.com,034cffa7b6f2f9972be370088a879d6c9df6fe767b4c4e4f34b00086e799684b
307,22,Indonesia,84,24,5,37,cf****@nasa.gov,4c1ce665a8a3793d784522851573ab4081e0cb626ca6d92125f09170c7204215
308,25,China,49,4,50,34,jp****@exblog.jp,d30214cb09913f0c0859db304b75a6dada7dbf0e1c89d3fb8cbd6ce86e40feac
309,22,Albania,34,54,83,57,gh****@google.com.au,b07f8041e195d131395ca8298fb8b2a85bf916b1eb68c7969adbddc619f15959
310,24,Japan,15,57,2,24,kd****@businessweek.com,5c64824d1735354978bc04834fd5b3b4086ccc5c086adaa97bd0b62dce56621f
311,25,China,89,33,21,47,bc****@discuz.net,e42864f404768cd47a083722c378860bd9730030b84b90c7c405b533aeb5ff5e
312,19,Philippines,58,0,61,39,sh****@epa.gov,88e7baf6fde9dcf0473ca60978f788a9b532a3d9965dff66633b9070646dd879
313,19,Mexico,51,86,84,73,et****@ted.com,34300de72f31d838af10691628340f57963137b5a9d00f37ad941848e9c0bf5b
314,23,China,54,19,58,43,da****@hhs.gov,8fe735a912af540bf7c20be301dad6e17eb4697cc8f8a131be111c2d49aa00e0
315,18,Dominican Republic,37,38,42,39,cd****@washingtonpost.com,f052fc17351fc46cf1526305b209596682ef7f7578a7bb3bb3217887e2fbf52a
316,22,Costa Rica,32,72,33,45,ps****@unicef.org,c8b267a0e70178c2573b6081f8998e1ff92f568310bc33444906bab7cf913636
317,20,China,82,1,19,34,mk****@ebay.co.uk,aeb348720ccbc66ffd559b4cf041a93088eaeb11dc32a5e962487914f12ddce2
318,22,China,10,89,16,38,ds****@irs.gov,dcaec26862f0ec49e069c41da0ed4f45ebe217493c673af1d3c9940b27c9eb48
319,19,Chile,37,42,43,40,mm****@exblog.jp,f6f90a9a0797259b9cee8a05e0dc9ff06463227cb3190215432e641532473d6e
320,22,Poland,87,35,22,48,bl****@utexas.edu,5d98545d75863f98ebda0a6d4007668d1781240d7be53888e7858d86dea933ed
321,22,Ethiopia,21,74,85,60,dh****@chron.com,6b83876040a858ae2e9e60e01e0c4ac0e3e1039824bd167e3673132221fd74fc
322,18,Indonesia,26,17,46,29,aa****@globo.com,95d5531390d0c350d43c04f5f366a349abba4556a257e31d6133a25d117e25d0
323,23,China,36,87,25,49,sg****@skype.com,b388752d8e25824c0ec80fe51b9e3230bedb9610a332972b6571fc448bb40bf6
324,23,Brazil,70,61,63,64,jr****@bluehost.com,20de654ca0c84a2a1acbcb5dfc7e5832cf6db4dc344a5a2de491d4964ffd1716
325,21,Poland,40,28,48,38,bv****@bandcamp.com,25f2184f5f335ceebca1946c788db103b3762e90acbdc271dd94c75ba4061456
326,21,Poland,14,67,30,37,nh****@imdb.com,b39d20ea63272cb20985a13aa696f4d4783bc570ed27dd364439ad2ab31993ee
327,22,Sweden,11,62,31,34,mm****@example.com,43219db33ce63afa8863cefc5e2629d7641f9a0f00442c5b127abe1c0a9bbc1c
328,25,Russia,8,7,57,24,ij****@typepad.com,7b23b1bd81ada3512d0f07c3a7ced5572c87633015943c6d90d3aa2fee0a545a
329,24,Brazil,60,72,35,55,bn****@soundcloud.com,400224613dd09f32e9a5450bfd3547e2bdda325ab1a3cb80abe17bfdc9c3b5e8
330,22,Portugal,9,3,78,30,wk****@hp.com,19a114f65dbfe8835afd170390f53922a1c7ff273e1ae3084d067830810e23c3
331,25,Czech Republic,76,87,59,74,ns****@printfriendly.com,45d73d44dfbaee02fa37fe8a39d5c719d6effcb587907b3dcc88fa8c2194deb4
332,22,Portugal,71,91,87,83,oh****@vistaprint.com,1e2951fcb9f46790216ef99296de4c428979b02f5685f18313ba2557464fdcec
333,25,Serbia,49,100,74,74,ld****@netlog.com,9f20acb9034f8c3b50b4fdf2152d838d2d6088cd36c5ea63a5e08b1598279b97
334,23,Ukraine,67,3,82,50,aa****@xing.com,1f563ba2a5018ff290df2a582c79ea6025156408a5fd419d647033f7c1b7283f
335,23,Mauritius,11,49,69,43,mw****@blogspot.com,6db7ebc6c9cd2a1ca48fdc71bf57b05beb4b08990a4f92de0aab7b00f404525e
336,18,France,9,9,89,35,it****@tumblr.com,9b53b007b52cbba38fc594fbfd9343d4edf3c5db30fc321aa3f2c268d4d94bbe
337,23,Mexico,98,10,78,62,dm****@yellowbook.com,5f5dfeeac798a701f3cec8887620a9b5f9bd79e9e8dde6f3d303e513db8ac609
338,23,Colombia,34,43,15,30,ei****@ucoz.com,a13dbaa33a009a0c3e6d7aa5bac2506622edbb4659fb59498c5f29a12d38962c
339,21,Georgia,64,91,26,60,zm****@earthlink.net,a064100b1e14c5076d19ff1abe3f0ab548b2db6c3920579053758efd00fe41fd
340,20,Peru,68,36,66,56,kr****@tamu.edu,f0d473d5f1a9aa1c63a1a5990ef293be02eb8043a425ffe7d91c285a19c1a985
341,25,Philippines,89,47,89,75,ri****@europa.eu,e247a691bd4073efc44919b9f73652d16e7c81974038e10ec6587d172e67c435
342,20,Philippines,69,44,92,68,rm****@woothemes.com,180131c1019168a3b748fb7638579a7309e8ba8651e64b438f5cb7dc1c6872ec
343,21,Venezuela,98,58,6,54,hc****@opera.com,8a8dea0fd33d7a98faac38adbd278111baaa639cc4dd8c88ce26904f77829000
344,18,Peru,4,73,85,54,lb****@lulu.com,19bb8b19f03c48b13b4b0c654852a92f9b6c3fefa6f22038401ecdd267a06b7e
345,18,Poland,37,10,72,39,at****@ezinearticles.com,a471867bb69aff615c5cc627fc6ccb190031092cb2496dc1d08bc0f471bb1b0c
346,23,China,22,76,5,34,ib****@usgs.gov,e5dc49329a8c2b689f2d7d66f9460d7dcc81619834dbab887b4a119bb651db6c
347,25,United States,96,36,4,45,hs****@blogs.com,b98bb8e77ed4c35d8b4a442e95d24054e8b92214c59eb04c29e97c446cb53d8e
348,19,Estonia,31,13,81,41,jg****@bbc.co.uk,929db6ec5a7200cd6fd8fb70741daba7c6cc99cbbf772ca9f2a9493773b00748
349,20,Portugal,22,65,42,43,ca****@e-recht24.de,daebabfb2ad4cad9ba65f9f26198fbf7be771dea556e8a38646906999a4e1108
350,19,China,82,56,99,79,md****@google.com.hk,f86a75f496ceb654620a3ec9c0fbcaa1e8736b1c8ccf2f77bac217e4f68023e3
351,19,Peru,23,91,35,49,ch****@google.de,1e6cd188a0e80aa04bb71bb724d8d637aded8feb41534c065a6d9664a2136e3d
352,22,China,82,7,58,49,sw****@nps.gov,c60b7284cd3272765660ce29b0bed754920c4f14313b21f15f2f0cd5499c90f3
353,19,Ukraine,99,53,57,69,sm****@cpanel.net,bacf3f7b4eb7e65fdb4c4e64ca3ad8919c81274ce2e29f535f0c5ac927214e33
354,19,Philippines,32,27,58,39,nt****@amazon.co.jp,a6525b56f84a457899e9f7f8f0acdb32944b184997b28bd323e40bbe39451959
355,22,Russia,74,68,31,57,ps****@zimbio.com,5f6d6636da3a9832dc43533441da978ebb8e47d103aa4ed2c2e34f52c5281aea
356,25,Spain,5,80,49,44,jl****@geocities.jp,09ebe48a8e3e0b36b471fa4e9f8fdb16e43b908ad7f4cac70ea69905c37521c2
357,22,Bangladesh,13,48,81,47,lw****@com.com,2db90d1f673e068a12958d40d0c93d4d2027242ce20cf137c48ebc5b62743341
358,18,Thailand,99,23,15,45,jc****@sohu.com,c77cc507cf21a42d9a2497a7c1bd2fbe99f00e1ad6f5a8e54d4dbddad80fd558
359,21,China,61,59,76,65,mb****@skype.com,08532a9d310834f9cacac7337a25f2881f99ede816633ddd38923e208d43cd2b
360,23,China,47,45,69,53,hs****@reddit.com,321053e38a5ddcfd7de1c0dc9f58ffca2c6d342d65dfbc8b2c3c9c0e7cbc8416
361,23,Indonesia,18,75,71,54,gf****@xing.com,7c98befea012696e13fc9e617b36f2175e450f8a975017721d1defef2375c838
362,23,France,63,32,38,44,cb****@admin.ch,4e288aabec169d0580f5932b0a52cf35803b0bde94e44b6a500768ac61360d50
363,23,China,65,9,27,33,bs****@icio.us,7f2a7f3e1803054833404ddee271f7cb390643a9cd7bd8ec2fcc012ead31dab3
364,22,Portugal,4,2,71,25,fs****@cdc.gov,af5d7194dbb1f7a9cfe4d5050acb13f299a797ece94baf32951ffe262e16efe7
365,24,Portugal,89,55,21,55,nr****@mapy.cz,79eacda61d3f7e0e9b1b8245f5fb09c0275f018868a3157d04215c1f6cd5d621
366,22,Indonesia,100,17,84,67,cm****@reverbnation.com,2b778661fe69628a072799f1c633b06e303cf4e642a270b7abb8ddf810a3f204
367,18,Luxembourg,84,35,20,46,kg****@github.io,ceb192e4778e5c2f817bc09fcd977917d6bfb99bca99980a0dc7c5a34d4c4ca6
368,20,Croatia,49,5,16,23,ds****@youtu.be,026e1b87c02729aacf31d25e2c9ffe623b686f422f73aa8867f31f076bfe5efe
369,21,Portugal,50,94,96,80,ga****@people.com.cn,52f2d74354ab1fa44773bc3d5cfcfe8d8d44a2ef097ec13404fc9ce0fc4cbc05
370,21,Ireland,56,97,17,56,us****@cbslocal.com,b645488a50d899792288be5e151bae6cf9dc0eb4cce94ef7714469ea70766946
371,20,China,47,68,39,51,bs****@earthlink.net,d6bd3d2849d7ee7a91d32558e831bbb5662ae553ef4c56bd62944946ab4de290
372,22,China,36,86,77,66,vd****@wordpress.com,7e5468fb103432ffc6798093edfb2a79cd07f2abba7d026b27f5a591f7a73774
373,21,Belarus,89,22,93,68,lf****@surveymonkey.com,20a3e1761827464c0ffee4edb2277e2c2a96f3f6ae17bf66a99ee5685efb4e0c
374,19,China,80,64,5,49,yp****@quantcast.com,3154bbefad3bb42ff49dce36b2e8953a99eeac707ebd55342ab14aa71379ab8e
375,19,Portugal,2,10,21,11,aw****@drupal.org,ffd5779f2b4e0ce31d336150f97f070b1ef731535633ca25054d5390e6a4cd1d
376,19,Dominican Republic,81,46,98,75,bl****@meetup.com,0e72eb17d4e3879c61589b971b3f2033b3401b57915f0a050f957b930d07f635
377,24,Brazil,74,5,55,44,wi****@smugmug.com,e6405a90968ad35c2209ccc8788415f956d4f6c95b9d1a78e4ac0a53bab16905
378,25,Indonesia,44,75,29,49,el****@house.gov,b0c61cbb5682ef3c193cac74dfdaf20e7fd71899d024a858524a5120d2b34b76
379,25,China,42,31,49,40,mj****@360.cn,7bcfd324bbca4e524d1934fa55a9fc1bd4723a64c9ece7d82fca23d69aae31c2
380,18,Philippines,94,83,17,64,gh****@bigcartel.com,a0e84849313bccae35af9168789484b3d9bcbd7dcfb3b4bd8e65cadfa80caf08
381,23,Indonesia,7,85,43,45,hr****@hc360.com,f9a8414609fd6fb8d6747dfa86269b62349464b5d780cabaa363e8b20d99d5f4
382,18,China,98,80,50,76,tw****@last.fm,7cd1bba253477cd4531af61b59668a456fca72eeb32a75cc5652192d8daad961
383,24,Ukraine,85,78,49,70,in****@guardian.co.uk,11fe42481f793ec659997eb8405655479017bd31667f85cecbf44a3b1eac98ac
384,20,Indonesia,48,24,34,35,gg****@earthlink.net,d9c1ff93d813dd8337b4a3d811b8049c5c050aa82675834b94919dac08fb5ae7
385,19,China,77,87,95,86,rp****@ucoz.com,4067ed7dc0e95434f308f5996b5486bf06a9cec0e3ae4380f1d5ce338f821e14
386,24,South Africa,58,12,47,39,dd****@dyndns.org,74371f4a57ffef50051d819a1440065fe8b6c80841648e00c23696c479909515
387,22,Ecuador,48,28,36,37,mk****@mapy.cz,e863852c919840ed377a8fbb0fb3399feb17881554baee6b2a2b254e399e1be6
388,20,Dominican Republic,85,60,57,67,gs****@psu.edu,a0afb6d1b60b7ac0de87d5ef476f6f3db685931f16ecfd607a80d47606e93ac4
389,25,Argentina,40,16,7,21,bf****@weibo.com,746c99acc264c6fd0f1101d5376cc749ca00a42f8e0e1a3c071d7d518a6e45cb
390,22,Russia,15,40,89,48,nb****@addtoany.com,eae567f4adcf140385faf7dcb12f4d98a89dd847866b29ce14bb542d3e7234de
391,25,Slovenia,12,96,100,69,el****@hc360.com,232605007251c69f71a978cfa372b8f4225f75d3417b9f54884ed6c67c6931a6
392,23,Greece,48,87,8,47,ri****@discuz.net,11fd0f7530a5cdfb537cef02e331da200c166a179c4c8cfc907f7fe5edbf3682
393,22,Austria,36,78,88,67,jn****@moonfruit.com,228353f829b2fbe504ff6e6aad07abcbe7e3bcbc33370a5cc807e17eb8f2d013
394,18,Canada,15,68,93,58,mo****@e-recht24.de,ac57dbbbe1b6e8ab669108c2c11a8618bb700be186bcdce06b3c1b29aa4d76b8
395,20,Indonesia,93,72,40,68,eb****@howstuffworks.com,165893c34c00a1d83ee14bc3bff54b94774798fe834127d6ea618232b4eba8e3
396,24,Spain,14,92,70,58,bk****@jiathis.com,925b37f9f620c9587316915d4fc1602d0f0ea4ec20d9ef25e140ab05d9aba103
397,25,Philippines,5,60,22,29,ff****@taobao.com,6e8ea4f18c21e49d13949e9dc14872d61212c3dfa538228a4f4e88b21dc2c0b5
398,19,Sweden,35,14,32,27,he****@cbc.ca,fc6ef548a44e50931db4ffe846293dea8873ae3d3afae062e2fe57b03b66efbc
399,19,Peru,32,76,78,62,aj****@fda.gov,47932aba85006274c1748ea257d318b768c3533371740512fa37a5047c489086
400,24,Brazil,16,48,37,33,kp****@flickr.com,b3e16ef9e1e51ed185ceff0322f1c4adccff9f4212d6b2fbcdbb9028209eaa7f
401,25,Poland,21,32,58,37,lk****@abc.net.au,f5f89a582b312e7b97ddc1b74b274a1e0a0bd45af9e1d3ab7f60062a287aec04
402,21,China,42,61,33,45,fs****@paginegialle.it,3e4527a6fb39c08600284379a3607cacbc6bcb1e29bcd537f450719ee395b5c1
403,23,Japan,59,71,73,67,ag****@hc360.com,2601847bbbb88ba0b04eb48f6e9a095cabed0786282201cdd1272057538e5b03
404,21,Luxembourg,43,93,66,67,th****@usatoday.com,e7dda3c02bde84d1543b5a41b8876d343aaa9091b66f43810c3f658e1762e0f5
405,23,Colombia,53,67,79,66,cl****@theatlantic.com,335927a47937171a49ff43b8d2da0ada25dc0ef28d4a7921b6604a3e1a2ddd8d
406,19,Morocco,63,96,18,59,cj****@vkontakte.ru,f19a269b996bbffb0ab2d26a055e5f8b2bd258b789732cb4d68fa5482e690396
407,21,China,43,30,59,44,is****@dell.com,189e7fc43cc5931ef14a882053caf994ac22e0455c3a7b72035ca0bcd0e20ee5
408,23,China,42,61,97,66,gb****@miitbeian.gov.cn,247385052d51ae6b45f15fee3e3d0f0d3923ae75ac6f5e620ea3e45421e804f8
409,19,Madagascar,50,71,8,43,ap****@arstechnica.com,1a29c5d5acba566076d072556837ee1d7b5b36725333c32ad635aa57517e1af3
410,20,Indonesia,71,49,89,69,tf****@eventbrite.com,9175c3adcabdc4c6d74b3111b3dd8751f14583be9794e2636bc28d3b2734d365
411,24,China,64,2,54,40,jr****@dmoz.org,304ca1be8cbd4240ec1634bb0914b31745d123a2b5107377f442813a0eb88d56
412,18,China,96,23,35,51,bg****@blogtalkradio.com,9672fb79e4ce346486cbe7a62f7268d1656f70965b5c3d2bfac778e9355661a4
413,20,Guatemala,50,14,67,43,dg****@tinyurl.com,97ea529ed148d2062c617634a77d13416c04a5feca2bd8f872c6124bdfc7fead
414,23,China,47,1,17,21,as****@networkadvertising.org,837a08f8765916a44d3f952f05dc5b3674ece2a764c238c80022e6abb712ca1d
415,25,Slovenia,90,27,92,69,lc****@mail.ru,a81e695ff74f28ba09bf8653b061037893e737f5c4b8b9a4368370822c314fa9
416,18,Slovenia,22,76,61,53,sr****@seesaa.net,70d371036626b733fa7785bb74398301fa2dbb77f03e10d2275547ce7edf1af7
417,21,United States,17,16,0,11,ms****@freewebs.com,329e7d441096ccee039e14f3505ac5693b77950d71a3b988764733cfc80bec13
418,23,China,52,8,72,44,mb****@loc.gov,282088c82ea2c5ebee783f6b1e9b9b21655c2b284a24b3ab84d34804d9eda376
419,25,France,57,38,28,41,sz****@networkadvertising.org,2ea2d96602d891564dfc2293a1aa60253b5fbb3e8834f27207490bf9debddaba
420,24,Venezuela,61,69,28,52,mb****@cocolog-nifty.com,3fbe87b24768ac01653c570425e5727f67b91bb251733588143d699385a40641
421,20,Germany,86,0,28,38,rs****@com.com,493acecbb5ccb2ee1fbb1f196c121343722d0a740ab9782d696023c529d47903
422,22,Senegal,38,81,85,68,cs****@columbia.edu,680a228b2bf70c0dcdd89745ab464abe3dea99de43e83964519b49365261f94d
423,19,Colombia,12,5,19,12,mm****@upenn.edu,45e95fdf1d16a4f48a4dc545f7c5d249ae6ced85dc34a1ac16b36db22b04754f
424,19,China,78,65,24,55,pl****@disqus.com,78dc4d0eafe4906f597ce7ea9d3c338595c08512b6a1b0d6343a0a69933202d2
425,21,Australia,1,41,43,28,dm****@patch.com,e2fa1b2bbd7a325719ce051fe423385382963209d2dd36b0dbac7968b2856d78
426,19,Indonesia,96,44,32,57,sg****@skyrock.com,09b1414dafe1da7bc55266fa1e97eb4f51d7077a8a25c3571184870045b4b656
427,21,Peru,20,11,65,32,ak****@goodreads.com,4daa60430b5c0694478bd2c81dc7a6236fd570b11652ad9f27ebd7df1abeaf60
428,19,Indonesia,45,44,34,41,mp****@t.co,48ac73d367cbc2c9d3b1a66f8bd831466686ea5ffba6243661244058e9a2bd52
429,24,Israel,97,94,59,83,ek****@cbslocal.com,ec45119309ac9fe96573290394b2e67fdfba753102b84e9a53a86e8a22289141
430,20,Argentina,91,83,3,59,ms****@freewebs.com,ddb2aadbb6a8ce3344e27b9fb60aa7340e903cb6e447d49d98ece55cd9b9cfe6
431,23,China,13,68,54,45,td****@harvard.edu,5f141582014f17e8d109aff2457b24bd930f559a12c79233e8150277dac9eed5
432,25,Poland,49,10,2,20,cf****@addthis.com,2a431c593d344041e8b1fc2be217f0ea969b8d704fce2487eacfed7c964b573f
433,24,Argentina,49,20,86,51,lt****@163.com,b6d5e06f6cc8bc9c6523e1d6260e4dbabfdc3f1cc340297fd2a6b538e3ecae19
434,22,China,90,35,17,47,ab****@census.gov,9246dbd82bb539bc356f176ec004fcd0b9ebb9e605a51ccfdd1d23dbd8b99266
435,20,United States,92,25,64,60,is****@state.tx.us,2ce62fa33980e527ea2f5c84debfcb962914a47b44c3fb3bc70090e260a590cc
436,18,Philippines,22,12,84,39,ww****@php.net,9f0eeb64b0f77c6ff3362a90b110abec1bd5288ff7cb0aebcec09faeaaff1b0a
437,20,Greece,0,44,17,20,cd****@newyorker.com,f0baaeda23fb9bdbe7138c3d1a2bd728e8d8f5f57e602bb1f57cceba1146b9cf
438,24,China,58,5,23,28,as****@nyu.edu,383c4701e3fc80d4f2c51f61393260e740f45a4c88ce4c1d89747a09cd981696
439,18,Indonesia,2,76,78,52,ch****@nifty.com,fb03468ab17a7e1b2834a0a0e8a3cac65c503815762707816f1897bd75c90bed
440,18,China,54,88,18,53,vp****@oracle.com,aed5305169f6673e52c70cbaa977780f25a2e7d904a8b860a2d5ab68fa94dbad
441,24,Russia,45,75,23,47,db****@icio.us,fabd17ac2332a2358eb3917c637ab6ff63894ab88334ccb5ab133dad0ee45300
442,21,Japan,65,5,61,43,js****@google.fr,d31d499fd1eebdf8d8c2d04ef9be46cc20dad0fcea1ec60eb4812eb2e182a713
443,25,Greece,39,10,91,46,mb****@whitehouse.gov,ff4e82f2e650bcfd59ae0cedcfd3812a751df5e867f4595689217630621284a9
444,23,Indonesia,37,40,91,56,ch****@smh.com.au,872f9d287decbe3ef33ffeafb9c9808c2ebdf02bfdab6f678a090bf1f717f9bf
445,21,Poland,80,75,1,52,ec****@cpanel.net,96b0136d7d9a0973a29818af4170fee641e80cd04ec3d748b29de31146460b9e
446,20,Czech Republic,62,79,27,56,bm****@stanford.edu,fa496331faa2f2a0c3adb736f240ce726261bc45e92c246ac558acba6f47d0df
447,20,China,85,72,19,58,ak****@merriam-webster.com,f27fb0cd7c4582c7aeec1d005f0041426e45ae9e56be1bb0f3e4a2487dd77592
448,18,Russia,56,63,3,40,nm****@ucoz.ru,484edbcf29d2dd7b2f04615fd20da1d7b04e8ffa27613e9839b5b0f06d13e9dd
449,18,Russia,24,67,57,49,fd****@prlog.org,7773332da0d398e11cab3da9ddc51312a238d070a3179f3a953b244b6e7a445d
450,23,Philippines,12,9,64,28,iv****@lulu.com,b6094fbf517d1bcb11087ea16f5e520f4f11af2e0568546c2389eb3aace234a8
451,19,Brazil,98,14,11,41,do****@smugmug.com,669efadcdf276e1cc8397de051835ddf3a4c7d1c34c51373b098c99c59a4d5df
452,24,Syria,74,41,33,49,mv****@cafepress.com,ae6a140ad381da7648fb48077df8f94789215417c7495a24087f26fedeb81b1e
453,20,Finland,23,1,26,16,gt****@bravesites.com,2ae45fb2af44bf13a920a7a0c790dbf13cba1fde6daf8fa4cee6681f6dba4010
454,22,Kazakhstan,91,0,40,43,jb****@privacy.gov.au,433cb378ff75576f16b4e68d886b177948e41e572e3d3be18085259c48f28197
455,23,Russia,97,12,48,52,ac****@guardian.co.uk,b1b78737601bc03c7336840515167f7f067421a94b1430c31840f7fc5140f238
456,23,China,37,37,45,39,ka****@unicef.org,63e8d1122b95876b6492ab4252f8cf15700c97e0dd6fedf93d70c7b09e1e2673
457,23,Russia,56,11,12,26,pr****@forbes.com,488ef598640b04a310e55a9ae636c1584734f04bb08a78dfb15d83a970873e97
458,18,Peru,41,78,18,45,vh****@quantcast.com,5c01b02c8d02dcf000ae91eac1b73fa2ae4c8a8f3f8c080cb822cbd691d255f1
459,23,China,94,21,15,43,kb****@dot.gov,f0d9585171aca9c96ad7a73ea74788e3804a2302f16a4bf86dd4238f372d6c5f
460,20,China,23,23,89,45,bc****@rakuten.co.jp,4a6fcbc8bc7a3aa95e371dac2bc0b5a78e3a221641f95fa0bf776921e2f7b401
461,24,Indonesia,13,29,85,42,ab****@youku.com,6235a38492e6b80c5a731434ebf3a2093a1fa43a47417f3cd7852add441f2eb1
462,21,Philippines,21,6,47,24,go****@kickstarter.com,93fdf042fc6a42e9138182b3fcb731c1a8e1e3261acaf4e2b59123cffa95118d
463,23,Sweden,92,76,6,58,qf****@java.com,f36814e82c126c3a2e3e0a1516642403984b0993c735a4c2a7f779da94ec487a
464,19,France,55,2,93,50,ds****@cargocollective.com,06c82da8b0a4b5700d0362e786f4c0b716af4c9dbbef425956576da5df245655
465,21,Mongolia,34,95,5,44,ub****@weebly.com,ffd432dc4dda6be46a8c60aa2a4bcb1e229746a75b182f6e6f6476c66041372e
466,22,Sweden,54,41,15,36,hh****@microsoft.com,41ef2e56ac4533a5b831814a94ed70fe8a1afbe10fa0e5821f039b46dbb35211
467,25,Vietnam,3,23,35,20,ds****@naver.com,701df3a9443b0cf9baf121b4bfc3721bc581b0b9fa3fd5738d4892da0004bc71
468,22,Ireland,15,75,6,32,ec****@github.com,aed887659215954a73daea9ff096c05c71f0eda97a3ec8de6e15c83ade04e729
469,24,Indonesia,31,7,62,33,aw****@desdev.cn,05efc347c9fcd6689b088ac91e45850ba80f7b8934360eac98bbd4dfc2c5c3a7
470,24,Serbia,80,13,39,44,ly****@narod.ru,4a39c548711c94bff7acf802027bb4a4571828ad320aec09c1e46604772fa65a
471,21,Panama,72,91,97,86,gh****@unicef.org,3d894e6caa5133cfef2e043aaeea5460bb7d273930490ab3d57ee1b59778c8c4
472,22,Mongolia,90,98,67,85,de****@kickstarter.com,ebb3877696755340fa31ee493efbc16e4f7e46277479621f51313155d16ad141
473,20,Portugal,79,23,65,55,jg****@va.gov,458711ba42c31e4140149f764028fe5510f875522a85984c00a55fbb72430679
474,23,Sweden,61,46,69,58,lb****@ucoz.ru,2719335c53188095f3cd6556a18ec6b529af793ed60773547d095b42329d552e
475,20,Poland,52,16,45,37,nt****@uol.com.br,9223b43750e15d91c59d1958d35679abb5428288293796b12f0938c5a71a0b07
476,19,Latvia,69,20,41,43,hb****@ibm.com,d4ede77c2549e171edbd619ec1738b0bb8f169ead8932074e5d400136128be2a
477,22,Peru,90,2,78,56,ac****@cbc.ca,936dd91362ccc9e3a2193e8f29a177ec935127704db380bfaadd3ddc344892fc
478,24,Guatemala,72,31,74,59,ra****@whitehouse.gov,76c861a8689232023f680dcf9c45815a7374adc0e98d8a7a96f7308660c1c5b9
479,19,Czech Republic,51,99,99,83,ap****@moonfruit.com,2551625692544cf9298e8d507840bf0d969e826b1efa03f4cfbe90bde18943a6
480,22,Malta,31,35,24,30,kg****@hibu.com,51462683d52bfe57426f845a9b50b94aa1b764a2a786a72d8bae479f810d3414
481,19,Colombia,57,21,23,33,gt****@scribd.com,dc6944a00908a16d49f9fb58be984caa379010410882f588f0d1b9f6079c7354
482,23,Chile,25,61,66,50,mm****@networkadvertising.org,2deaf6fd136a86fbf4cad8f46fbde06c39abf66ed47c8f15fa07468ad48082a3
483,22,Canada,30,100,96,75,jd****@opensource.org,d12dbf012589f6c5d58616409e130b9faa2a597de778296734f6d83366c95c6e
484,22,United States,54,24,67,48,bn****@gnu.org,d6ba0655a776f91ce12a8e026b93ea65b889f753ef7b67a8e57f7382203c43b0
485,22,Russia,5,85,26,38,lf****@princeton.edu,7554f535cb567f90c6ba6590937fbc78bd86ccdbe29d01f53bf7f5a016d1aa18
486,18,Indonesia,90,76,7,57,ci****@go.com,c54c09a3ee30f80ffef56700df446580e186b47e2c0cb94d14c77a86d8f60ec4
487,23,Spain,29,30,67,42,nr****@pinterest.com,bee4ea2dba52692a1f5dd2a75ddec9ab3f5cd31d271affd5809be040afe8174b
488,20,Indonesia,12,2,22,12,md****@berkeley.edu,0586b64983c4e07879f408be5e3bf34d0505bf1937b3bc01c769e3d2f31ee58e
489,19,Malaysia,81,100,68,83,jr****@cnet.com,79d6c43d4844f58495bbce92201078eb1f0c4e6b75e2460847942488f295abde
490,19,China,80,60,37,59,jb****@ebay.co.uk,74febc0d3472fa3191b1aee4a076be8a425a5d2bd36e582c61c0da07f272ef89
491,18,China,1,51,50,34,gb****@prnewswire.com,d7384192ff8c337ea379fee45d3db5cf1d42c2d9f0c6755b096f7664c392ad84
492,19,Haiti,11,18,98,42,cb****@cafepress.com,27db52c76d4a6ee66caf6099bc371b1db5b5bd9a0d6dc1c743f7106665fe2f8f
493,18,Brazil,22,28,22,24,tf****@sphinn.com,5adf8a65be4f40c5c27d4203740e6e261c7a6fc0be7ec9c9ebb791418494ea80
494,20,Israel,56,12,39,35,cr****@seesaa.net,96e8c3045e856111756d1d9677727ee29be25a483f126df7d6f172d6409292d4
495,24,Portugal,55,72,13,46,gp****@ted.com,5cfdd08f02f283c69e6f8b4b0b8434db49d8d4346bb1e12e304765dfaf24705a
496,21,Sweden,32,89,38,53,bg****@apple.com,67f33b36486e70a114782ee8eb1c8424129c19802caee3ac5f15842d126838f3
497,22,China,75,7,89,57,aw****@yolasite.com,f4a4d7640de7e9a1d41cdab1c9fec597558024a3bf135aee9be17bbd2cbb5092
498,24,Portugal,70,97,66,77,kb****@diigo.com,45d273c3b34814da263f4323e41d2108694607cd37cbc55cd994bfb7a9b36f2d
499,18,Indonesia,78,88,68,78,lc****@mysql.com,cd652f6ee9721b266af44976f1e027d59fa790de0932d05970ed2a59a6cb9324
500,20,Mexico,42,63,46,50,ha****@virginia.edu,335f923fd65faa6273090c94457c6b96acbe4fcef45cc8542838f6bf4888bef2
501,24,China,23,96,92,70,ra****@livejournal.com,671e4d84189c07c8d9413996288566a67a5c387f7b5083b19b39041e1507e4d7
502,25,China,48,59,8,38,md****@meetup.com,ea4cab82a79809441f77d16b9461639ae0638c402f34433f7ca8fc18b4a3d0aa
503,24,France,81,39,16,45,lg****@twitter.com,be57daf1f0e72c877e8e828b8f374f9e804e384a3737d146861f4bac4dfc64c8
504,23,China,45,58,24,42,am****@hubpages.com,169f1a79bb9b487af0291b2f68d89860b49b1d1e712b87d6f7651e5775adaada
505,25,Ukraine,44,52,17,37,el****@istockphoto.com,54280318d29163f5e5a6e9b510793f136ddee29d201dd3bb94fda4d7398cd0a5
506,25,Sweden,61,92,47,66,cp****@shutterfly.com,4e43b6a81dcaa273f0af51ecaa49395f0faf349160e0dea2ab494d4d47d4d95a
507,21,Philippines,92,52,58,67,fy****@businesswire.com,643ec302e47e1c49c5102534399422d7da97af5c8823fc3f5d4c5709b98fd43a
508,23,Indonesia,58,84,69,70,ct****@de.vu,8199aa55c9a384a3dba51f03db42943c74ea94c99d76ce4e61a083242900f4b3
509,25,Indonesia,21,22,92,45,fs****@nyu.edu,6a113adfb78df4e99c78f440b5241de714b5d7cef76b09e8eab0daae7f1db13d
510,19,Bulgaria,54,96,52,67,mb****@sphinn.com,24d4a65bb54b136411cb7dbdee44cf1dc75b5f37722b4664c76ba742e076b556
511,18,Russia,26,10,29,21,sl****@cbsnews.com,eafc67784a632e1c09c8055fc18a0ef243ddbcbd6e8f0116a45cb04b1a56d376
512,19,Honduras,55,78,44,59,km****@angelfire.com,43709abfdff2ad2f9fd21164c35e3ec5a0b6889517d88265f8d663e182ce984d
513,21,Indonesia,44,31,72,49,nm****@lycos.com,8475fc44cdb31102335349ff0fab4b7b6627aaaea9d8ef14367aa942fdafa01f
514,23,Iran,24,59,75,52,gw****@bloglines.com,18e0f3a034933a31022e3f306cb866efb7eb217ee937ae2ad67dccd76ac7190d
515,22,Ukraine,7,64,30,33,jc****@smugmug.com,bfd04a7cc48040960d0b278fe47da618bbf5bed7082978a2c6e7a0d1bfaf8758
516,20,Canada,71,2,69,47,cf****@ca.gov,d07476f328013db47713ffa6b435162baca2d0dea187c325beaafa0317e13be7
517,21,Venezuela,60,25,39,41,fw****@mozilla.org,7b7904a10ac7664b1e4c963436c60b0389d0dddcb1df0e6b5fc6e4b856f287ce
518,25,Philippines,12,79,4,31,gg****@g.co,601f085937bfa0d6e1d8f74de03be6c85a9fe065b9dcf9ddf59b9e99fedf38ce
519,25,Micronesia,53,100,36,63,cj****@cnet.com,d26216088f75a66fa57ce6948f8f013c699b5c84320b8300d66994186b5b5687
520,18,Brazil,55,46,86,62,dm****@freewebs.com,5ba352c11c1c9e7e2e34edd625f02416c5ddd3b337df8ec1aa4add32782d3ab0
521,24,Ukraine,50,98,7,51,mp****@uol.com.br,16204f70dbfce11eff140fa6dd73a4d9f66fd4a4aee0a26d24a0c9f0f7238076
522,24,Russia,84,75,74,77,cb****@deliciousdays.com,c5f6c198ad54905883fcc9db70fd3eff6d3626ca90aae598200b32f9c2ba0461
523,25,South Africa,32,99,7,46,bs****@phoca.cz,9e30d067d0b9fc4859a0fdf6bcc1158cfecb3808c07a7a97620be8780230bb59
524,25,China,57,16,35,36,nt****@diigo.com,2b630f35c1d02605cef96bf3b13e5525bd185cc9cd61ddaa86fb6987cf1da4de
525,20,Peru,87,45,52,61,nk****@ucsd.edu,bff57acd54ab40f13e03f38c65866996bf1abe9c9007f857cff22f9649d10441
526,19,Dominican Republic,42,74,63,59,bp****@technorati.com,755e593d01e3e1a819990a8b750556baf9cdf875c3506da27e05f96f73ee7c9a
527,18,Russia,24,49,94,55,bt****@soundcloud.com,8bc1ff6d71bbcfe2621c83e2cc01f5090d1f94779b59e67217e4fd5ccc4bf19b
528,19,China,17,40,69,42,mb****@amazon.com,006655fd8b4bc586a62e54624a62aa0c37f5a0a4351df171b7df86e8e16c1a4a
529,21,China,85,52,43,60,bv****@clickbank.net,e9a0cc3f1c58edf6de723baf09afdac474c162942a6f330dd12197179488875f
530,18,Denmark,73,24,55,50,am****@hatena.ne.jp,45de50b5ecd360dfeeda0bef1086d5fe5e5581976bbb6346e5ba75c96ccc9018
531,25,China,78,98,88,88,gs****@furl.net,b019f329d28896ce03cd2d7e020b56495ce28e9d19fdff09c708ebd7f6c800d8
532,23,Indonesia,38,29,62,43,hg****@altervista.org,99fbd514fa0f467c069c9ab078371898f13c114d9c4a345c195dcd374bbed7ac
533,20,Russia,3,87,47,45,jp****@intel.com,99f9ce218dbd6c9e7f3a4cddd8fe1226027a98ac29fd1d70bb55824a573a6a24
534,18,China,30,36,43,36,sc****@google.co.jp,d2801f96eedf80e8c622d40b18b6eb97d2511f21f1e3dc93d74ce10777c99ca7
535,23,Nicaragua,52,5,43,33,jl****@nbcnews.com,1ad7fda91adc16cc61926f5bad0c8c9a6fbd49a131f95f9dd13175b9114fd7d3
536,20,Brazil,28,31,65,41,cl****@canalblog.com,0e4ae2e63f854da2132274c2eb3f58fbf72c7bb668dd8b9e0958dc23209903f9
537,20,China,59,58,91,69,rs****@illinois.edu,a44c5c82ae3c361b049d1709cd19cc304e56cee3ea086a0e71818b36a0442389
538,18,Indonesia,5,90,52,49,dd****@yahoo.com,24c677a3bf8d39fddfabad9b038abcaab9f96c4f95d717a1893918dae54e7ceb
539,21,Vietnam,29,90,29,49,th****@is.gd,601b77eb6d9224e8dce14157d81688b4969ddb976eaa348a91b35dd6394156a1
540,20,United States,18,11,83,37,jl****@irs.gov,0e1e5ec049855460673caba1f30446ed453158c5943d94e1b02a43708ae36702
541,21,China,36,15,20,23,bk****@clickbank.net,60d10e1b8dfe679d12386d81880c3b67b9b5f99cfa0b55e24a2f0e4b663703f8
542,22,China,37,16,99,50,pk****@vistaprint.com,eef34955b31424c941cc08b43097e0cbfc6359c3cdbc632938ef0134e957d034
543,23,Cameroon,74,47,25,48,gl****@webmd.com,1dec4cb0640ca3ae64de551144522ef4c393e1fbacb698964c335a1592a1ac3e
544,25,China,60,98,37,65,gb****@desdev.cn,e01a47213d7048d919913f91d5fc2c21f1c89d43d29cc45b7799f9fe2a2c4827
545,20,Macedonia,61,59,39,53,jk****@amazonaws.com,b9c3b63e36c156fed905a404e8bf8840b86994f27927d5866979ad1e631a29c0
546,21,Indonesia,27,26,2,18,jr****@nifty.com,06abe7d899ebfd1d037595070f3d96667d79bb68fed6168e0922794ee6d727c5
547,21,France,89,84,39,70,em****@jalbum.net,ec13e812fab6a0b8faced368d95134b7970eb720dfbdbb3f21ef83539df2f93b
548,23,Greece,22,83,85,63,tb****@flickr.com,c72f478c729d7a29da5407faf5bae3b61e8d9de82bbb5df4250db43926c26006
549,19,Armenia,89,39,92,73,jh****@woothemes.com,9bbebff90dc3398bbb3e2b65c1a5625efa8b663af791058df89e1b307e6aebb0
550,22,China,46,94,84,74,av****@ucla.edu,5b0048a0e72cdfdfd3e449266599e7e17fece38ef098b58847f1672fc635d316
551,19,Slovenia,0,98,51,49,nb****@google.de,a69c4088faa77a83eb914005538b21cbb25200db33c85fdaab50aa7b5d556153
552,22,Portugal,80,51,13,48,dc****@imdb.com,9d55852df2fb2ac82e82e88fefaa1338312a8da7077b1a382f27ebedd670fc4f
553,20,China,59,79,51,63,vs****@yahoo.com,e970a65b83b7d109b3728bb5cfab51221d751d3f448ce66e3ad9feea8831eac1
554,25,Nigeria,22,59,63,48,cc****@creativecommons.org,87b4ea122810adcf05484ebcb50d9ddebe8ec3e0876dee25dc14fbc1ab5778fb
555,20,Portugal,23,86,34,47,mo****@reference.com,b4c8166b73b78ee53d5b2a4d798e97c9ba48cdf4c41f54d43318cfb91c541c99
556,18,China,36,91,37,54,ic****@unicef.org,bde6e607603d1f3eab869b0a7ecc7f1ffb6fc449edd9c803dc009c7e5ac6b373
557,23,Canada,84,79,84,82,bg****@thetimes.co.uk,62f497e73d968aeda5d1d4fbb2da1464e80e1484a9050bec4eb137da519c27f9
558,18,Mongolia,71,72,86,76,rh****@clickbank.net,23221ade9013011af83595d8879a96876303e584645126fcfc5ede24d097037e
559,24,Brazil,99,67,27,64,ke****@independent.co.uk,fbc3f22ef7b29f3c1f6ac2b794c10138b8b57f336796286db0747dd932d65784
560,23,China,3,49,49,33,gl****@bigcartel.com,b5bc12a7255a5849a178b27b34497604f313f55c0f0483e9f7bf478cb020a1f0
561,19,Brazil,91,21,6,39,di****@statcounter.com,3d14e72de6a5368eb6ed496f90f35d97320eb1a5a5731a247a28b82169555302
562,18,Philippines,72,44,38,51,wb****@de.vu,87e136bd3f685785f7ad709f81d8b79ab4b2da48633fc6a1ed167cafdfa61cd6
563,21,Indonesia,21,51,42,38,gb****@whitehouse.gov,e095418b01bb1f3ea1c47fe02a6174020f16991d1de6a86351a1e709e54de130
564,18,Ukraine,72,21,93,62,pd****@seesaa.net,1931db1f1681d07ca39f1e5e0b72a3084a550bc58f6eddd257511a788d44ddc3
565,23,Jordan,22,51,65,46,pp****@1und1.de,e614df94b7a9f583267adc788e8f3a7490779adc7c0a285f087ffdd2a2104dce
566,19,Japan,4,81,81,55,tg****@geocities.jp,778be103d55fe8919335c28ec182cc8fc011a7cc68c659f4f10f67a2daa4f10f
567,20,Russia,35,5,14,18,ab****@huffingtonpost.com,58b0c9467a4101e27a36ef8e22d0e417f38be6177cfb19f8f969748a5c36c83f
568,23,France,27,87,16,43,ap****@infoseek.co.jp,f6c78293c93b964c301d6d8e28d620c692b7080f3d86a25c3932539ef18a95df
569,24,Indonesia,13,53,35,33,cs****@reference.com,164c74d08eec030be8fd56fc012adc27dca5027316f9332f527366ba625cbaf4
570,24,Indonesia,93,95,29,72,cl****@samsung.com,d6546d6564551eb6677d042792abc9479f356b027b1d458d7cd8c0e62ca65d6a
571,19,France,28,96,22,48,pm****@amazon.com,cd3cdc24dbbd69721cc34e2f29e941a74998cd6fd17d6633b1695fefc76e1026
572,21,Ukraine,17,98,34,49,mm****@google.it,6ef8eb77f4938978b691f691183fae9a8d7a015f6d9d96e4863f88c9593e4c24
573,20,Philippines,68,95,82,81,mn****@jugem.jp,6e56e74e17468e6a038b554097b6df85659e8c5683ed39022799dc5bd0753fdc
574,25,China,5,62,86,51,lf****@epa.gov,19b710641052fa500824633e1e5904008d63a7e15764defb5242df8714fcbf16
575,23,Japan,96,92,1,63,br****@weibo.com,64c9f00924e0abb2c57d8ff398c48bc8fa89fabb737f03b97813951f0575896e
576,20,China,76,89,96,87,bd****@netvibes.com,d4bbe7a786f3db1ebf9f959f5570a2fab364cb9994faf153a0c3e28133a6941f
577,23,Cameroon,97,71,15,61,gm****@aboutads.info,e482d07bb00878421430c576cdbe699ec0cc93ee9121c48bfa95132309247b4d
578,22,Nigeria,18,3,45,22,jc****@tripadvisor.com,c707bcf4bec90cae0240d5649214cf2eaf82394b79556e7c05e105bd0d919867
579,25,Kuwait,23,28,26,25,ck****@vinaora.com,6d151308fcc11331aedd84a10e7d92043118dcd9713babd91db3d33ad5877162
580,21,Central African Republic,16,30,50,32,ub****@edublogs.org,1c5ab4ebf82214c3dd3f5607c458f2a5276672af2d9f4e302c14db3481e56b65
581,22,Portugal,94,87,64,81,jc****@issuu.com,c2736e82b0a29ca5d64f9d4e75b24c00703b772bd2ca4f43c0c04d7f84c13506
582,24,Bosnia and Herzegovina,49,1,11,20,sc****@statcounter.com,2b66f2924fe3aad3003ef6f9768599c93c37d68e278f6caa794b631d31e1b635
583,20,Mexico,22,93,100,71,fd****@seesaa.net,762bd555d3cb500c38b49acdefa2287a8c309637b76e29d12036f9580adbb0d7
584,20,China,97,66,75,79,lg****@patch.com,d0bef86d20b591f8b8c1ee334386f23b26e41d964ff1c2a4ecdafb003b3c0845
585,18,Indonesia,94,80,57,77,vp****@tripadvisor.com,0a579e6c2e4dfa642e67ed1f5611822db808ca01791931989e53fd71f7dc96f6
586,24,Armenia,58,58,73,63,fr****@jugem.jp,2babf258c9f92d007f2fce512cee35ea0b8c8d792f2f88fa9a93d49c48e87bd3
587,19,Brazil,12,12,97,40,ep****@senate.gov,dca3ff5ee8de8d465a2d8ca14bc53ddcc82c849690332af603d01c91ec2b9581
588,24,Kuwait,70,85,10,55,sk****@tiny.cc,e522e34cb746a1050e3a97fe34f7f50ac250a63d8f7e543c1c2183d742d57aba
589,19,Russia,1,61,25,29,bh****@webnode.com,f894f56a9bdc618e164881768d2bf5a433d886320e20229a8634cf3f615c3304
590,20,United States,29,38,20,29,jv****@reverbnation.com,88dd5a506b5907967f95f299e36bcfc78cb7f0389249d3289cb08d2b36da8851
591,24,Argentina,43,95,63,67,jc****@adobe.com,74713a8eeba86e536bf10bde3ed03e77d560045a57596e9849ed98859a2221c6
592,22,United States,81,28,18,42,rs****@soup.io,7962e3a90e9ef4a65fd6303e597b6f3adaa1ef03128d2dd89e5913b8d8e52f69
593,22,Indonesia,61,24,69,51,ab****@nyu.edu,555c6611fa087ed64cfc8b016053c8c6e0ac4bb89c202bc8f7fdc36243187aeb
594,24,Czech Republic,81,62,45,62,hg****@telegraph.co.uk,fc8f1dcab9371daac5dd2f5ee7651d5246cca2db9ffa56240f4c027027c3a51e
595,21,China,68,28,11,35,cb****@businessinsider.com,15d74318a73ed13ef769be73c01ce809b7ce1229cffb47e57aef28d030d9f216
596,24,Japan,7,96,40,47,cs****@pinterest.com,8f146528a403acadcf8b711be1c68b6a810a2523248586dcaff9aa35660f1ab8
597,20,Argentina,47,93,94,78,kc****@unesco.org,49216274eb65239e2a3a2e26cd61def95f3c125e9fe8e7b4d73a4a3ce3e987e1
598,25,Indonesia,51,18,91,53,lw****@newsvine.com,5b13fcb9f4dc65548e3db2a8c712708834db24c687edf1548f15ac25f77aeade
599,21,China,84,6,19,36,sm****@springer.com,ac5c4089149b4d84b496e3e8d5bc0d7d72590059c502f72db8e71790d3b880a3
600,18,Brazil,100,9,99,69,br****@rambler.ru,54923f4b51405ac64a0622a9d78f7ea63205394b58b9b0fc4a792b2c884248ea
601,21,Colombia,96,51,20,55,er****@domainmarket.com,593b4f3538e36d035b5ac47e4616a03604358b8b84102eb9f17b240e0b9808ad
602,23,Poland,32,14,72,39,df****@rambler.ru,0e9b1ac039fbf7fb94b7673f538082f4d0bbb97cece48e6d4636b863ab0f859b
603,23,Japan,78,92,72,80,fb****@nymag.com,f70de8fa07de9f2c3bc4d74edb383f54782501395984487d8afb219df2b4f2b5
604,19,Russia,39,79,87,68,cs****@sitemeter.com,f7cc7e7bd55783b2438a3f4870ac6963df4f5e5e7d7a7827d90519ed1ec9a2b9
605,25,Croatia,78,97,77,84,ko****@tmall.com,84a2461394446ca1a884c17157f309c24b5ce79847e51b15a32c0252ee59e9d1
606,25,Philippines,55,47,86,62,pa****@usa.gov,b212c007d1e9f5a09b44fb00ea5eec89b79d1c0150029f0860e3b6e9e1524606
607,23,Argentina,48,18,46,37,ep****@blogger.com,56a57c17808061c485a82ec7b4b453a183c4e673810509823d549984e686e5ba
608,19,Brazil,65,55,44,54,sc****@unicef.org,2e847d187f528ff6d09ba0ea7b49b3a8444455834264b87f64d9e270a1df4830
609,22,Sweden,19,56,82,52,aa****@godaddy.com,de6a60df6804974a0ee2683b3b6fd5232d8cfc8bf31ad5af4fce557ff3c9f951
610,19,France,56,18,96,56,bk****@google.co.jp,527a83e4f6a50af4717e6efe1039dd05fc38c594dc714a9a6f4762bfffe82565
611,25,Iran,15,50,18,27,ml****@samsung.com,4dd43602eed4997d8dd36a887501c53f472d5820d4a443361a402abe58910bb5
612,20,Russia,73,19,74,55,tb****@issuu.com,8dece31333a9699b666b8a008544757c12ad82f272f57e0aeeb7d53d1b7f3349
613,20,Indonesia,80,17,97,64,nm****@hugedomains.com,11d96bcc9aca4e917da4d95d2a44705035afbe1d15fa2e5b56067b3c1ef8ecd1
614,22,Brazil,1,20,100,40,af****@who.int,cc016057defdd098e82a6eb56bb975b51c665af3346486be7d4ffc3f13ae4043
615,20,Russia,82,25,92,66,nr****@desdev.cn,b27604c8d788c5a013c8fad46f96f3f5beaf404a13a975f2858025cb2b5b3a9f
616,19,Indonesia,82,10,64,52,am****@techcrunch.com,7fc3c800fc0f74f186f0bbcef6ee97ad2420f7c824bedbc33b77e3514f743001
617,23,Canada,42,34,29,35,aa****@cyberchimps.com,d59dae46fdf8ffd3f9540e64ffeab82fe7d04d1c34f01c805c68336f14e6656f
618,22,France,54,43,55,50,ad****@ning.com,29e812776e394bb823f14648faa567bd458050d04a2066cb507efd372f61c1f8
619,25,Indonesia,54,76,30,53,jn****@addthis.com,64c67ed5968817d68fecf91a426d7edc924cfbbc2f9fcb8590726021b3cedb7b
620,23,China,3,5,36,14,kd****@rakuten.co.jp,dd22625767e651fdcaf85034898289b85a7f12a38e5443600c4a813e7a2fec70
621,20,Macedonia,34,18,47,33,lr****@cafepress.com,f0853c0b0156993bfd6938cf5ac7a745c112c9c7e3e7d0a1dfbda1c748814682
622,22,Guam,9,29,57,31,nf****@irs.gov,b209f18798cf7693e6e78dc8379a7867911f4e693dd23c8120475da97a71ccd4
623,22,Portugal,66,1,71,46,wd****@dedecms.com,96471c63d08b8a2624f5bc4c3dcbe13883f7b3e97639ec540a43f1dddfe42fe7
624,21,Poland,19,94,93,68,ms****@infoseek.co.jp,71efb7e62a02aa75dc8045395a25529468e61acaca398c951cebc6a69a0d11a4
625,18,China,20,52,83,51,tg****@fc2.com,c2447bd9cb67c155f8dfbd2de68e768a06f27d326a2c3cd4c2a157112c91b500
626,22,Botswana,23,49,61,44,do****@infoseek.co.jp,8b639920d4f3e570aeaaf4f5a5086eccbc2b6d6c62c631cbc26a5ecc42681a36
627,25,Nigeria,26,57,18,33,rb****@rediff.com,bab9d042cf9263ab8e45e4a0138eabdfd5b45a73c01c9bb915dbc93a015baefe
628,18,Yemen,54,58,29,47,lo****@xrea.com,9c608b0428a6c3cee65235a57cc18e668c314102934c1e1c595031cc217a757f
629,20,Brazil,69,58,21,49,js****@ezinearticles.com,9c7f64dac63ee6aaed14745482beef06f9d0665c9aa9934611f86c03ecd6ac4a
630,19,China,68,70,100,79,bh****@kickstarter.com,710104588cc27e8bd3cc3528ce3b119a8028763c09d29cf6258278e9d9e2073d
631,18,Greece,14,37,50,33,hz****@nymag.com,b2223e0c4deac25f828540da2d5063fc8511e4c8c978d5b69da3796ed2700299
632,25,China,57,85,49,63,mg****@biblegateway.com,07150779a56d1cf12f9c31e0a92669a34b22e3502836112dfa26c17bf1ec6928
633,19,Russia,11,15,25,17,sr****@wikimedia.org,eea2f2febbc668110e2dd50f1a091a6b9fe78f69fd590f5f08231885127e7f39
634,19,Indonesia,80,26,97,67,mt****@mashable.com,738415203f57dc7e76a6aeda5f03b1c5ad4d48d67bf1d8a5adef47b2ab1fbe11
635,24,Poland,56,49,46,50,as****@house.gov,b6ded0e38b02a5b7d44a919cde72e4f2f184a92dbfa246bf24cb5e36f7a3db33
636,25,China,37,25,58,40,ms****@hostgator.com,adb66bd4f47ea1b1ba86bb2e475bc6239bddff6a685fcc8ecf055bc7457a5d47
637,22,Philippines,6,20,91,39,kd****@phoca.cz,7047c88d5b2e7ad70f72a108406a6099161cbe4bf4891ecbf32f139e83692443
638,20,France,88,30,70,62,ls****@webeden.co.uk,db81b2ac500567bb82afb0d556fb4a248d0f82a26b352169b81ec955e84f87c5
639,20,Brazil,87,15,7,36,ra****@angelfire.com,90f3f21821177d8e3e99b52b0a5912f9f739dc0f78af41d7964a5f6f425dfd83
640,20,Russia,84,42,80,68,ps****@w3.org,a0316537a60847b4e25a23fc744f03d00117a3393abe45cf66fe9579584a41c0
641,19,China,82,10,81,57,jk****@nps.gov,b1159fa99dfc263c1074de8d30373dcfd5586e37f5b078a57474cb55ff1de664
642,25,China,51,30,3,28,rw****@hhs.gov,bfb4fd31098ef5882df88497e0d5b0ae137dadedd1cbedb7ad89e722630b9e37
643,18,Canada,21,38,8,22,ds****@cbc.ca,43843eb363bc9a7765a0f1e9c43230e65184040f42d0d58f19ca260e1237938f
644,23,Latvia,38,87,63,62,re****@unc.edu,35afa43114f4a2371612d17d44c5fcf4ec8638786a75eac2eae53e904b2f53da
645,21,Indonesia,20,81,21,40,kf****@hibu.com,0c2a92dde760b66d0498b92f4a0821cafdd38c6f67b8344b3d7a90851afe3fa6
646,23,Macedonia,33,93,44,56,ac****@pcworld.com,4654816989adf4f1a9aa6b2427c248980e250d19e906308bdf5d8eace6d91281
647,18,South Korea,30,29,98,52,ik****@icio.us,3e67872523ef128b4a1681522ef023ca3d52c2b36bf354434d958c6e7c3bca6c
648,21,China,95,53,54,67,lm****@mapquest.com,9c91b473a3e4b39ca97645afdd44b1eb789d4271bca58d8092ae67be804708bd
649,20,Malta,0,45,21,22,ma****@independent.co.uk,bb638bf4b5da40be4ff71674690c3cc072a94fa93ea67f5c5a7fb29e57f53092
650,23,Comoros,68,72,43,61,ib****@bloomberg.com,0bade86c1e8c94d11914c0ca0a6d0621b8d6dff52a6697f54bec1c3ee6ef8240
651,21,Portugal,34,33,96,54,kr****@java.com,b4d24a8921f0091ef57119f8f28291df5eee22fae184da5d58e01cc6234111c6
652,25,Russia,11,47,100,52,tm****@uiuc.edu,0c8b5051f1e60bc856588b8c7b6ae6a71b9994db3ebd1a722dd19a4a621fa147
653,18,China,32,49,7,29,dw****@independent.co.uk,11cc5e2071693c640c170105aba58a8063620bcfd825c08b352e429a36fad627
654,19,Brazil,26,35,89,50,nc****@4shared.com,5ccdee8eb36e23f40bc42eec940f100e0dc0e9e79b07029ce96b9280d60611cf
655,19,Philippines,97,6,31,44,hb****@xinhuanet.com,733b930c27af6f63ab3ec88d843f2e7ef8774fc49d59f773a7d3f9e92c880c3e
656,19,Czech Republic,45,64,0,36,rk****@eepurl.com,f4196b1a9f5e79988020a91fe12da4f1d48bba0c680cfd5a6766610d0c7edc60
657,19,Philippines,24,48,23,31,ak****@ocn.ne.jp,fe29556ae57ad1bab55a21fba1f56227f936a1321ab216a3689f29566d56e6ff
658,20,New Zealand,62,8,85,51,sb****@cdc.gov,01a8de31036195d72edb30843347aaf4129cb424c8e63598d30a30c93c94b1d6
659,23,Egypt,81,8,45,44,tc****@printfriendly.com,c0c953ed14f607a7811cca679116a5ae6fadd085561f3b76e60a951013974f84
660,21,China,36,56,4,32,nm****@woothemes.com,a76ecfa399a5d67bc06966024dcd1f6d6bca05e6ca557eccd077b7f38a32ada5
661,25,Finland,90,28,53,57,mm****@w3.org,04bbaea8dec448b96f0fc93fa71d99c98cf3d940d920fde32a6ea4bd49919a9e
662,24,United States,1,2,93,32,el****@flavors.me,3499af9a2aefa3de9887b2e093c756faacef37b8fba3aaf11d911d823270eb09
663,24,China,51,85,84,73,af****@sciencedaily.com,58a857779bec2f688a2a3f4677b57b03f978b0d14867cc1faaee7a13060503b9
664,21,Honduras,15,97,65,59,dp****@google.co.jp,3547c050ffb9fed9c76cdd828110f9846fd336a935ffa74160450e2deecdc7e7
665,23,Argentina,25,1,79,35,rs****@desdev.cn,a92d621d8204442d09ee86b525c65b1ecc07b0b45fb4fe54afd15b899cc34282
666,23,Senegal,60,13,31,34,cs****@cnn.com,30b69a85efe90cb1a39164640a3f3004ab3e6e6909ab1b4ecc2093924dfa9363
667,25,United States,97,68,45,70,nm****@earthlink.net,b2d2b76da5f30f667ced66846aa9eda1566b7f13ce0043f9ff77134405a1063f
668,19,Ivory Coast,15,76,68,53,em****@a8.net,50b7abc02d89b9ace6078c555e4493da0aa9f375fe30155dff6082973501a65e
669,24,Sweden,87,12,87,62,tb****@illinois.edu,29c8f2e4282342d8ed1eca5fe1208f5d1fc572a8c292595e0175dc4c85816bbf
670,21,China,3,31,36,23,jr****@youtu.be,d0c75cd2ce15e3525e7333703fa95890682dd3e613516c9f20534d370dac1eea
671,20,Ukraine,67,86,21,58,dc****@blogtalkradio.com,8d65b0c4e7dd3427011b7518467d9a32d40c112ef799ffb9c80800a81d3e9514
672,22,China,40,73,27,46,cf****@ezinearticles.com,a3c3365d6feaad3639165f821f5896c2f921b16beccc0a689dc307e527dc1fe0
673,25,China,78,94,0,57,ah****@spiegel.de,9d6b84594a8996c8c00d8414dcaab0a5cacdb0d53e99b09ae5854eebd6b1109c
674,18,Russia,99,19,1,39,sl****@mtv.com,21c0fe6b9f2fa6a9da6d81d52d13e491869f802f1f5abf7ae1c4cc7ea3e5c029
675,18,Czech Republic,82,60,42,61,gl****@yahoo.com,c35a0ea848931ca12579b1adf5f201270c85e4cecaf74effaab6bb172474280e
676,23,Cuba,58,87,11,52,mw****@lycos.com,6547983dc47f06deb3539a7c38504fed4f0da1ce1326327857da58bd72fd04ad
677,20,Peru,53,39,66,52,of****@jiathis.com,9996008fa7d306aeae302efe39ba558a24a16080de77d266ee3a021f8c01f99f
678,24,Czech Republic,56,91,48,65,rc****@tinypic.com,cd437236d3783a6a06fa6d0f4258dbd295d09926b7eaa107f42d6df5d6e4e568
679,18,Colombia,90,48,62,66,ro****@cdbaby.com,eb4748298b6d142f07f5c2cfc300317903153bfd245e0ac59040ddf8e14a7b4f
680,18,Indonesia,47,58,68,57,aw****@yahoo.co.jp,8035bf1c0bae380313a3bb319f7a5f027e3080bc6dcfba87cd7beabfcff0c86d
681,19,Norway,17,72,30,39,ds****@uiuc.edu,f002339a620b3ad88c6dcaaa11b5fa07ab083990ef6fd67eb3a9f0b4e3c9385d
682,24,China,65,43,13,40,ml****@who.int,b788e8d544baf5264bd7fd944fba67d75dc4169dd3dff5c7fc78d85882691d18
683,25,Czech Republic,39,34,10,27,wm****@wikimedia.org,1080eabdfd21566f06f6097b88630d482e93f75c52b84c388e3a0cdd5aaceb7e
684,18,Nigeria,9,42,36,29,kp****@diigo.com,9882824b3d4747347b2ec78cd73522e55e56b9a2ca508439961b6a2a769ef002
685,24,China,66,71,73,70,zr****@goo.ne.jp,cc39691ea743de71570125b54a6ad4401a751489774c38b9d302db9e4e67b3b9
686,19,Philippines,70,99,56,75,rb****@ox.ac.uk,1b5629663fdc9221f87da198543512dad06185bedbb5d6ccbe68f564c3e7acd5
687,25,China,4,35,42,27,ao****@arstechnica.com,757ac0bdc5211a9ff00e2be8a773db916e12da712a70747fd382590ba2ef2781
688,25,Malaysia,30,39,91,53,tf****@aboutads.info,34407e03bd290ad3ab7618786defbb0c8e6ee21b1700485757053fd484a16e2d
689,19,Indonesia,9,25,30,21,ec****@uiuc.edu,608b84e446f759bec2710120a96f9ce6a4ac720ad74f36a78dd984a2b31546d9
690,20,Indonesia,68,12,1,27,gp****@fema.gov,9c3da5bd86f7a957cf0f63b5fe46111f1e571efd8ea6335637552228d0036c40
691,20,China,38,93,36,55,fm****@linkedin.com,c521cad233443d25efbf80558d3656aed34fa1920ecc48f41ad040535aa13e35
692,20,Ukraine,85,92,22,66,cb****@washingtonpost.com,45d3d1e7202d006061108c745039861697f18d074517ea87b2cdaca0cc577821
693,22,Democratic Republic of the Congo,97,68,18,61,cm****@theglobeandmail.com,e966d3d42c8f8f40c9992ff9b39bb11b2ed14aceec03e2e828ca0676a3506281
694,22,Peru,69,87,36,64,dg****@drupal.org,2dc13dec4a02d90cbda7dca9e9b8e1fcf98017d4a5b85ba69e5a8e880131ae7b
695,21,Ivory Coast,36,100,4,46,wa****@marriott.com,ef26de7878f7cb9fe47eb6fddcdcc10f28f49b6906cd65b18e0ff1128cbe8679
696,20,Sweden,88,78,1,55,sk****@admin.ch,e7dfdb722ace5c8fb55c3b69ca760baf569178cec8c49f49445e1a94e46519d9
697,22,Philippines,45,66,30,47,do****@tmall.com,dc441c43011dab0ed80dc8e0222df49f1862b25abded87fd454ecc6b13a652d6
698,18,Philippines,64,4,72,46,eb****@google.com,55e18714e9b59e8ee030f373529fa5339eb3641798e2da3e2dad022e90696a92
699,25,China,82,99,84,88,db****@wsj.com,2d166cc4c4d9b9ced0c0f6db086c58c2622425596f505496777fc3531bf42c07
700,22,Tanzania,51,43,32,42,ac****@ifeng.com,85957bab2e4017db585f6c1129f490c09ac567a7b233f078fc830fcb7e7c9c1c
701,24,Nigeria,13,46,2,20,mf****@deviantart.com,184a2f5c115a9d96e235ecfdd0daa697838a76e7c00da02de1a8a181ff6bfac8
702,24,Greece,66,88,92,82,vd****@zimbio.com,ee3aad20071f792c82fbe092df1aa1a8b7259103c90b7944ff7b2d6a4b9ead88
703,18,Greece,72,61,98,77,gy****@shinystat.com,4dffd75fb4819cf9fea40a70ca9144cfac39d2168b692d71617db5687b6c3276
704,18,Israel,17,8,2,9,km****@moonfruit.com,36e2f8254f722be126c95f96aec550a764c941a652c673dd2929fbd40a4a4326
705,18,China,90,33,64,62,pp****@ucla.edu,137c8f0242da8785ba3ac7a14f999a2f3fc60b79a23316f9d06d61ed30fa8d55
706,23,Ecuador,96,38,65,66,ya****@cargocollective.com,f302477e1dac728e6367334be30d69d66c1a911256141e4af34a98dbd19bcc9e
707,22,Bosnia and Herzegovina,47,72,46,55,sd****@sciencedaily.com,58f40ae8f8e18a21df282a39734e5d82015bb9804b6a4fadd888e25856125a68
708,21,China,62,4,8,24,hd****@clickbank.net,6c38347c010b76543daa14c26feb1c58f3b7e9cbf6f4b1e8ce42c6443933f24e
709,23,Morocco,58,25,85,56,mm****@unblog.fr,5d2a792c5eea4598036cd955a60eff3642e9573cca7d713d0978c77385da58d3
710,25,Philippines,68,4,14,28,lc****@artisteer.com,ecf6b3a35b19012cb085c8c5ac2823430886cd28e390ddfdc25ec0efa4a8f47e
711,21,Philippines,29,9,85,41,tb****@cpanel.net,a6fdac598bafd4a2439b5570be750102aa22d23f03d22f286fa8eaa2ef6ed8e2
712,25,Philippines,10,25,92,42,sd****@google.co.jp,7ea0053da2683ec73b3ab8b34a0e4f2f2213329c49a017505e913415fcf1a638
713,23,Lithuania,85,91,58,78,rm****@opera.com,b0d1de48767fcf946882850f9ede5ea7ab4dde0ab692787d9a538ba8566fbe12
714,24,Philippines,11,24,95,43,km****@blog.com,efdf3f5d16a9eed468352cf50827ed5400b2ed54a0c1a07b8b8e31e64baf8a57
715,18,Netherlands,9,43,29,27,bg****@nymag.com,9fbd62e904fe17d2d99e26524f31fd55a1469510fc6c664f79e70d16be24c5a3
716,21,China,8,92,39,46,zc****@jiathis.com,6da93fec95042763bf738cc66024719cde85c435493dbcc2420774b35dd85808
717,20,United States,89,54,20,54,ds****@bluehost.com,c46cd2cfe7a206ad89b4fb4e2c128ae469dc1fffb8c79072e21b96937d6c7e2b
718,23,Indonesia,57,2,72,43,dm****@skype.com,07e38ac127000ae1d9014b7e2f9700ad827718b2459a299e29ad0195c8426e46
719,23,Malaysia,78,63,25,55,ag****@baidu.com,f139450443e6d8870c251399a14f4d589ca24451d495c4dbc6a25963319a5960
720,19,South Africa,6,68,93,55,kc****@altervista.org,7c09cfb6e7c25e3e89ff3d7aecdc86d57f0cf417a112134fb7693e18b42b64ee
721,25,Russia,83,44,55,60,mj****@bloglovin.com,8482592e23a788794eb3bba13f65d8081862e95bc3c708377c2b0b70aabc56ef
722,19,Zimbabwe,16,69,84,56,fl****@apache.org,62676a02ab53864f3dba722416c01cd0c2271d386b960a90d7b6d937b7569475
723,24,Mongolia,56,80,74,70,ji****@cdbaby.com,3962ff46dacd16cfcb2468f8bcb850e91455865cc4a0d25f0080b9bfa93dc379
724,20,Azerbaijan,53,80,42,58,bm****@huffingtonpost.com,d15fd6eb05be8ee49731176e8be795309d3b34392777d8b15a610401a13b288d
725,18,Canada,21,81,92,64,ig****@exblog.jp,b1873ceb4c4b2df95a349c18c9186afe7dbc45842e3f4bf5ec215f9bc37b85e2
726,18,France,69,27,96,64,mb****@weebly.com,183c476dc3855fc2f6d9bd1564ecc00998e3fc5d6c3b931090dcc501ba675b86
727,22,Dominican Republic,90,85,61,78,wc****@twitpic.com,af01b32732be745261d60a026dee16f5f62095d70a08412aa3e916ec74afbaf7
728,25,Thailand,53,87,23,54,bh****@economist.com,5912e1773904e1c8ba5b5c900b76be402dd7ae3d56ed7b2d498843a445752c34
729,20,Portugal,51,75,76,67,tw****@alexa.com,85bdd6e9be085c0296b02efc603f3a65c807e74e9cbe97bdab0d093b437a4c05
730,25,China,93,21,56,56,mb****@example.com,46ead52462ffbd62ad2c62d1c4fbf95157df08ff906b2cfc24c3ebec35a7eff4
731,19,Libya,54,83,81,72,wi****@weebly.com,a71da0f54f55d85f7531efd2629b5bd5d7f2ca45252b471ff7150e0d9376f4fa
732,18,China,6,82,40,42,lc****@engadget.com,ca63b2b1df72d968195fe393bb07444e2d328ce585ef7103664435e6922acd83
733,18,United States,15,35,86,45,vw****@ucoz.ru,a8369210a2e170ce336bfdb74fbe89031c9ae875e87e6e5073e38a550eef5355
734,25,Brazil,79,18,64,53,jd****@networksolutions.com,4553479ae0c1bc402d5459863e09b4548328095baf2f041f8d016df500e87d84
735,18,China,77,58,7,47,hv****@huffingtonpost.com,40e22aa65f310e062cd2c8db465670d8bbe0622f2c6d7650515a8a5aa542b743
736,20,China,56,24,54,44,hb****@tmall.com,5da9d7f4d8052072134b8804746a3fc3666bdc55cfc7a9d57eaba01c20247fde
737,21,Indonesia,78,97,96,90,ab****@microsoft.com,296c818242205bbdf2b6d0ad04446436bf6c6c517a49a709b586ca479cd653bc
738,21,Liberia,54,48,33,45,so****@home.pl,58fc1f5e196aa3931bb92da45c8cebcb9a87df48613ea70a1762518debe51aa3
739,24,Poland,97,48,94,79,vg****@usatoday.com,b5e2c93f91429082f072cd61a786cb096ebb3899adff0007389213036fd28344
740,21,China,93,80,95,89,gs****@cdc.gov,546fdce8f1ae70f9469ab1dc5b875165649c0fd03a42a26ea3218e26aaa4ef6f
741,22,France,77,16,17,36,wm****@photobucket.com,90ffa7c22ea7466e8c5f8dbcda542fe8e0d9a0ccf5358b9a2ba6bb90efc6d95f
742,21,Indonesia,22,27,93,47,tv****@theatlantic.com,86469912cf988302c377510d9739b863fa5975cdb11d936b9403d329b25d8467
743,18,Brazil,8,89,62,53,bb****@theglobeandmail.com,546670373ad5e3670adf713abc293ca22188273a657f4694c24938725e035df1
744,24,Kyrgyzstan,69,22,81,57,ac****@instagram.com,a51c63bb7dbb352485f304473bc2df668afe44ea601906af667c8f3fda208111
745,25,Cuba,33,88,47,56,kt****@merriam-webster.com,98d07219e98a0ffcc628b5f2448be088879faae831fd6e1168dcfc7ee40084c5
746,24,Vietnam,7,39,22,22,mt****@google.pl,e291cf9a2ef3dead48c27a6f5f596d07da400ce467e6767980f93f1e7421aa1a
747,20,China,91,10,99,66,mc****@ibm.com,608f251fa31efe746045fbade0acdff455baea443462051b3d1d6ac7cd068359
748,25,China,56,53,87,65,ha****@posterous.com,cc9c0db39e0834a6bd6c1fa2a48ef8c557da1dd2d6fc7bd28783b5650c639bc7
749,25,Ukraine,48,19,3,23,gs****@home.pl,1e39d39d0bb5afe6eed32a6abbee56fd19b9e66999bc187760fe84a919e5ce76
750,22,Israel,14,89,59,54,lb****@google.ca,3ef8c6d1e0808a2f97630e843a5bbd72d005c3d6234b7cdf69cbe0934645cb99
751,23,China,7,68,48,41,dp****@ted.com,503e582abef582e1b7f51eefdc53dc27337ac7b6c1eb99ee645eeea8f6c07608
752,23,Russia,62,75,5,47,mp****@umn.edu,8a16b65ed84c5b79b4be451b85101ef61d53471dcff78e4de47bed041bf070dc
753,19,China,45,67,36,49,dg****@netlog.com,581436716aaf264c853a3385490068cb17581253d5fdc4e9fa0e276047e701b9
754,22,Guatemala,93,29,94,72,zb****@economist.com,0430b399b4368ae17644ebbcbb46e1c647b4a570fb3405f18fe2e75060b65ab1
755,25,Indonesia,35,78,86,66,as****@google.com.br,23e1625b0d7fc50a5de995ef970673c1adb8bac108a2aa18cb4832541a77d43f
756,20,Tunisia,62,54,28,48,gd****@accuweather.com,20f12b24fb212423a78de675a1b573debe76a59c7b008dda77a6125218e4cb8c
757,20,United States,48,59,99,68,ec****@ihg.com,0a783a47a927f4d7f4c2f7a661fff20229a94317d5532bb6e919bd26127c3626
758,18,Thailand,68,7,10,28,gc****@google.ca,85803ac4baf9b9adc7e61c67dc5f4403ee5f6b81e955ba5cd6594bec0d5d6307
759,20,Indonesia,42,75,2,39,vs****@is.gd,5b32c5dc28ed8a125d1ab76697c3600dbf90a3a9998fcb6572c633138d8080cb
760,23,Philippines,60,63,1,41,ds****@upenn.edu,293d9c2e664df71c7c762d504e81856506919e8f68e90dcb8cdb7bcd7d249996
761,23,China,20,100,49,56,gr****@comcast.net,1797a39d2e10984c1a136b96a8a2608be824e26cad38133e3c5cc2c8243d8f56
762,23,Philippines,9,15,86,36,gk****@bigcartel.com,584e2387aae55c4e7aeafe372c2ad04cdf28b9bcc96ff9ad3078596ef344eae9
763,25,China,87,11,79,59,cg****@youtube.com,48fc142b95b9e64fa8d4273aecdb93ddf1f5f72bb0dac6c2c55d6dbac78ffc0d
764,18,Sweden,40,59,46,48,wr****@samsung.com,54fe56ab9d488c516a14f248682b3eb7bc535a25eb132de457a1ad01f7ed5902
765,18,Bulgaria,58,11,81,50,yl****@booking.com,64970ed26adc8796b515e78ed1feca250507886158df54b468df0eec2bdff526
766,19,Venezuela,100,39,76,71,gh****@wufoo.com,946de5060f860f750834819a0d72a2f5662040aed165b0ced962f739b30525d2
767,24,United States,80,29,31,46,tw****@discovery.com,97f1131f47b21bd665fd1c53963ac07c59998afd80210c6fd56a04ab4796c692
768,20,Peru,65,36,30,43,hf****@naver.com,efc14f6e061d58c4c14d1a34765c67043725788dba84d30ee6d8b9fe81ae5593
769,18,Colombia,0,15,10,8,aw****@earthlink.net,468784cedcb8b86e914d1456c24d962706d446de806b5f3ff58cfb9defb4a930
770,22,Canada,27,88,63,59,ah****@google.co.uk,041f2332f451301d44bcc4dbbcf0466ae1813cef1b0396a9ff7a887a0ab7e705
771,21,Kuwait,87,13,66,55,km****@rambler.ru,4690b81a3f792226041a96f8c6e2c166de4f9e255529baa57df8aaa828b3498c
772,18,Argentina,99,55,86,80,ak****@issuu.com,9ff0fd9b14bd75201d4c202fc7e1e126cbad80bab8e1d6fb11d4c193a6d1aac2
773,22,Martinique,69,75,71,71,sf****@desdev.cn,3b921ca97b8a2eadf20d8b5a598ed02f9737972e410bd56b4c91fec67501ebd5
774,24,Poland,13,62,15,30,tc****@fda.gov,24138b9ecdbb08cf825cf6af84727a46794b3fe1a6ac7490ba36e410c6e64522
775,22,Brazil,46,2,38,28,fb****@feedburner.com,0f254567de4e3e724ac753d20c2ca3fc95a3029b1e31c5959e2ab203020f1242
776,23,Nigeria,72,85,80,79,es****@archive.org,bc74663d8d44a5e5d57262335a29cf62c8f8fd0ae0eb84e1770ca786cbb9d3a1
777,19,France,11,63,48,40,jm****@nasa.gov,79097c8ef326800233c9fb617e8570e8f7555171267f01c93505de100cb1cda7
778,20,Greece,96,64,97,85,ms****@xrea.com,eba06dc9328b50b54dfe47e918c695383b892fb825b8f8f5e885ccaf551a43e1
779,20,Russia,72,74,64,70,me****@mozilla.org,f2420bdc9b748295906d92b78aec10d0032cce30259a8f620d40976d33efad8e
780,22,United States,80,100,28,69,nb****@plala.or.jp,59ff56c0690f1f607a8aa0f1a8e050485d0fc0baf350b6295e537a06366ff2ed
781,21,Portugal,44,18,42,34,tt****@cisco.com,0530aabca47e45579b643f7539333a606fa078184b76a51369d4070dcd5312e2
782,25,Czech Republic,43,95,79,72,ab****@parallels.com,41ea7cc7f61b0e33dc4aae9ca7aba40fdb3b6c8305ef236abce5cfb69a0997e8
783,21,Togo,31,54,89,58,vc****@columbia.edu,11e22b7c00e4ac1be3dcbf6c4df9a1c56e7eef4aac5faa5382335e9fa07950c9
784,21,Mexico,83,57,4,48,lw****@fastcompany.com,297f90ee5dbd12196bf7e225a69f533394059f5406d93775ed6c101863a1076e
785,22,Russia,21,25,39,28,sb****@npr.org,1e0eb7724410f61813dcfa953e2e4fb71394d175527246c5052425abe2074079
786,23,Jordan,0,68,48,38,nh****@usatoday.com,35e2445c4a0f1d7123460c5725179a2e3bc488e5362b3c50131513bf56a41b47
787,23,Albania,58,26,85,56,ds****@geocities.com,de7849dc4c46a87c69161541871278f1c79673c15690410272cd9ec5eb783719
788,20,Indonesia,92,30,12,44,ms****@twitter.com,ce79d36e69ad1cdfec1dde045c612ecc18efdda14946ceee1583d661121fb26e
789,25,Poland,68,53,4,41,mc****@sciencedirect.com,ba5f38e8a7704fbb253d9854f3915eecf944ae52f5cc26de6aabc60ebfa6303a
790,21,China,35,79,47,53,fc****@google.co.jp,c71ba103a6f1edb3c3348c261413359a6c8de694baee109647e6a3f5ca5b2ef5
791,20,Philippines,26,33,56,38,uc****@lulu.com,354936aeb649e5f44aa8fc686bad8f1263478694652569c9df170b68aa4c2402
792,19,Uzbekistan,87,44,13,48,jk****@imageshack.us,0d86496dd073694ec9f2abd25e50710dbda078f73e39d189d779f64de7b0c521
793,18,Russia,64,10,36,36,kk****@merriam-webster.com,e04037b634b339aa2d855ba668597fe3d5b27fb3bfbacefed90ed185ac8934ee
794,22,Nigeria,36,77,37,50,tp****@state.tx.us,9b92e4ce7c689a230bd8f0ea5a59fed5e28ecdd6be2c7818d60228936ae82a6f
795,20,Indonesia,76,52,32,53,va****@wordpress.org,9f474d8d6ece50ad0b61be6f14e969e886c26c6680a72a7e26d50c07a4cf3291
796,25,Brazil,23,14,33,23,am****@state.tx.us,5dbfbc754721d0017da8e840d15998e047ccac3640a18b9e7bbb10b82e6fd4d6
797,20,Afghanistan,8,32,56,32,ls****@shutterfly.com,59f6352a684ed891cd82a2ea84cd7d6f852f797aadde6b097661466c971aa01d
798,21,Peru,97,81,46,74,fw****@squarespace.com,e4b32136e215363f91f7c77d514971fe1f2142f6bffd23bbd5b5d691acbc8108
799,19,Nigeria,40,53,25,39,ar****@wunderground.com,c912e27dca0ecb0bc2546355280daee2ba77543daa86c7baa4c2e8843e546e39
800,24,Serbia,3,31,92,42,gb****@google.ru,f6d95fabca5d4d9ce123da8c7642e56f8c0e3ea4e5ed927b563edfe1ce89fc5a
801,25,Chile,47,34,20,33,sg****@mac.com,95edef1a78bae77b5469f3c5906e38e7b4ff15d96cecde6feeccd8097c8a6f2e
802,21,Poland,14,59,17,30,hh****@fema.gov,c13ea83e18907313b1bd927d98361550949a75f179c5de3abf148d0435108fe2
803,24,Colombia,70,24,71,55,jl****@360.cn,f2c0ec6521234e5664ac07a774d541f2c0fc18c1ee420cbf84eb249c1c5bfc7e
804,22,United States,15,44,93,50,ah****@dion.ne.jp,9d628eb4886def37ba3dbebf4970ac8650f082dc79da1ed0562f67249465a10b
805,24,Philippines,41,81,41,54,td****@ibm.com,ee8d47e3f7dcb61071a2edc77dd1c7da284288aecd3c9c681636a9eaeba9264b
806,19,Poland,12,38,83,44,kf****@chron.com,df154dc17c5c7a21700d15d283ec9d8011f956c41836f5f5d90b81cdb9fa1551
807,23,Lithuania,9,92,6,35,fb****@gov.uk,ee03fc1fd35c2fd89806d21804eeb06cc427e0384aa397475e357a2c98476fd8
808,23,Saudi Arabia,10,24,87,40,dz****@tripadvisor.com,8823485d6b1e0651275579eb155a9c8725d8e87005da937857327ca0f6cdf53b
809,22,Bulgaria,11,97,18,42,il****@home.pl,d4bf3091fa4cbc46a9e254c5c92c7c5e2a2b1665c6c2e2c6635e3e9d1c49e29f
810,20,China,90,42,14,48,pl****@upenn.edu,85ff9467d48a77704bf17eceb3d9c75d029a3c7006d0bd534f42683971ce56e5
811,19,Indonesia,63,50,58,57,df****@pbs.org,905f9dd1516da9acd184faee788dc47eb1f5cce381c2762329fe6bbdee369bd2
812,25,Morocco,29,44,83,52,nb****@msu.edu,5afb6063db3923109d1d020d08a5db1f10db1ce1aa62f0ae74a299b07d6e9f00
813,20,Argentina,28,35,99,54,tr****@sitemeter.com,c3d9570924c08c6ecb442c3ca5eb6e49d40c16ebcef6c384903c4030d91e36f4
814,23,Colombia,6,56,25,29,nb****@europa.eu,3e1dd8c6e2d63cac0912ec541f10a7c57209cdf4a918d57b84f3cf94d59cb3ee
815,20,United States,44,94,53,63,cb****@shareasale.com,a892ff3385f9f817493ac55160e851709aaadbe67b999e46467942badb9df522
816,22,Morocco,58,56,78,64,lg****@shop-pro.jp,3aa3e48d588f1a464df285110be8c847ade3dbc712bdf799a3414a923e247740
817,23,Thailand,94,58,20,57,cc****@odnoklassniki.ru,e4256519df00a701f14815dacf1ce2b1cb07c0c9da58224cf605e06c0106f2c3
818,21,Bosnia and Herzegovina,93,16,24,44,nr****@usa.gov,577d3087eea3848012d34599e73f6a2d64860799e747b1d4f5421303252711c2
819,22,China,58,8,3,23,as****@dell.com,652a3f41883ce2f86fc5fb2c32682b16bb304cf4de8789c3586145eb77e17921
820,20,Ireland,70,9,38,39,mb****@goo.gl,d15610ca2561ba0ab8498c09ddd5548bdb063db0cbcf06b1a4dc066bbb46bc18
821,18,Poland,13,40,96,49,df****@ca.gov,79ec6205fbd7f6509b5447104c1de18265902a2164226ec1b0124262375f68f6
822,22,Czech Republic,50,17,73,46,mm****@unesco.org,0ca1ded6afb3c128a282fd98d855340660128f8d08f0b6b1a51dfddac762953a
823,22,Poland,99,40,7,48,nc****@twitter.com,29ec4fb4dc7faa8b3bbf4c8e47b3742c57eac160d2676febf3e2859d0e702b7b
824,18,China,34,82,71,62,cc****@ehow.com,fcb24bf241cde9eb6d57fcf38e80a10155bd379efb5cac3a53e81e51301fea45
825,25,Croatia,7,81,17,35,eb****@youku.com,09cf6fa4c346a4680b98d988ef398bc0971dbca1af708090121010f836af31b4
826,23,Indonesia,26,93,87,68,gm****@huffingtonpost.com,388e94562a27e26392531e40422e3e1dd41465135beb04de76863556413bce85
827,20,China,88,36,67,63,hm****@eepurl.com,60642b5a9d6c05a1c21ff1982a0b18d2d57b48a6b22e9c6e279d7c19446c6ea5
828,25,Chile,98,43,26,55,ba****@kickstarter.com,5ce76f05521e3565e372055e61916b62943da9020eddc1a93e4180c5973cfe34
829,18,United States,44,70,79,64,bt****@hhs.gov,c414ee63e5a2827c5b0da494e7d796605a4829412ea3fa767f8c863cba7d280e
830,22,Peru,11,34,14,19,pb****@guardian.co.uk,7efb57a875657730c4a67071f6f6b801beda90f3f9a447775a1252731e6e2b25
831,25,Peru,19,22,59,33,em****@gravatar.com,70e6964517235a2f63c9e3af39b48b9de193811fc521640602391271c574ded1
832,18,Ukraine,37,70,3,36,ap****@google.ru,80d9ea449a65b09bb1a8e0f7ca93d562099028cc2566e04b428a825cc0f390ab
833,18,Peru,20,28,18,22,eb****@ted.com,13bcfd1f0b52bc15ad2a6c7497d596eae7e757436471c3d1b6fc1442b9a5b437
834,25,Peru,95,56,87,79,mm****@delicious.com,c7163f052f1f9458d0d1250a48cc0ab1bb00330cb56bddd8ac46ab1031cd73b7
835,23,China,93,61,14,56,ig****@yahoo.com,84a21ee24c6631e44563f0775fd8f1e4b29bfd9d4de587afbf33a711bcfcb041
836,23,China,69,3,11,27,ng****@mashable.com,8d0b0bf2a59e1d1e40c7276347cc97c325f6e6506e3442ea4feb0285a409ad6f
837,19,Brazil,75,61,76,70,vn****@google.com.br,8978b6856640a2a0470950be0c469fa61037c50ba1e7d2ce84fe2c5efd050a62
838,24,Portugal,51,74,100,75,md****@mapy.cz,aeae2e2c8b7d7ea4223653ef24a307c99e225debf9306e096612b63648287971
839,23,Canada,22,53,88,54,pd****@auda.org.au,b5c3bf0b7bdb21d99784b0e095292b0f89f5cf2aa70891809d91ad9f15ce40c0
840,22,Thailand,56,86,1,47,pc****@noaa.gov,433f978dcb9a82bd7ad67a4b81d19e655abc2093a45b5cd319c1335b552e3b48
841,23,Madagascar,8,16,9,11,cm****@plala.or.jp,63cd2749307050c5442eb9c96669bcad7442a2e1e6efe1363cd558663ef0b9a5
842,24,United States,48,33,85,55,wc****@businessinsider.com,6da1bb79a0ad1ecc8fb3c6704b28343104a83d2c2e7e91139f50f68874aa09e8
843,21,United Kingdom,38,9,52,33,ms****@lulu.com,c83bb9ea10ca92b116934912bde280723723b769c8bd5295b13cf00bb1437a65
844,23,Pakistan,92,46,31,56,hd****@howstuffworks.com,83004ea5a5ab7fa290c44963524b910c1a04c4ef6898da79d9474f319ccd028f
845,23,Peru,34,43,14,30,jd****@admin.ch,fe843713aa1d32a25a5fab6f43847cc5338c00f1b8f82d37b28cac462183222d
846,19,Portugal,61,55,45,53,jw****@microsoft.com,40b24562acdf1591b3c23439c40b40919b25cbd4294fbcf672e1af5812401888
847,21,Finland,70,41,36,49,mv****@dmoz.org,52eb1baeafe7155840cfb6d2666fbc031282aa72a9eaa029edfb7932c5495d8a
848,20,Costa Rica,60,41,21,40,sw****@godaddy.com,3de3bde7f2e367e8124cc654d2f221022d00200f3cd72291e24262dee0d3667f
849,25,Luxembourg,78,91,48,72,ro****@kickstarter.com,58f81f329ef99304019106fbf056ba1477a35647571707cefe556c41ebff6264
850,25,France,81,34,29,48,bg****@squarespace.com,e3206b83ef282a1e45869c85ebe9871b743b34fed37ed2d06e120a8792371f46
851,18,Indonesia,42,84,30,52,bp****@wikipedia.org,804d5710e7f382c3a0b12d9a2842359582eb68b024ee5e2a9961975fa226878c
852,25,China,14,68,3,28,ls****@sun.com,42124c3d40823f9e8faf9c5f2a7abbbaabbf940fe79bd69d17cd99e7767aaed9
853,23,Brazil,29,26,64,39,ej****@ezinearticles.com,23f21cc89671a51bdd213f1a4e17fb9164044dd4cc1b7d1c8cfdb6c66cd55c42
854,18,China,3,65,100,56,gm****@theglobeandmail.com,7247a9e81da14e5808b94e2b41e4c365ca21c13bcc2af427f68291fbd0c1eb55
855,19,China,75,33,28,45,gd****@army.mil,786992fbfe09db4bc7c753ddc92aec259e63ce45c9285ea83432793b88fbdcac
856,23,Mayotte,6,79,10,31,gb****@xing.com,019abbe38f5f9bbf3f20b2e745d7f7cd454d09cfdc6466a7a3e63c75e748fd74
857,23,Paraguay,95,28,69,64,ms****@imgur.com,ec26ef8b14504664ad4f2faf81f34c7a99543f6c99a471e340d692efe222c170
858,18,Indonesia,77,46,3,42,mk****@smugmug.com,f5937e45a1c62e5f465455f259c464a20cfb96860b248f803256e3f257797940
859,22,Slovenia,12,3,23,12,jo****@upenn.edu,33eea30e84270ae00032f37f0ebb44d11581b621229e253c4743995532e93aeb
860,20,Indonesia,47,24,1,24,am****@google.it,fffd33955529bfa7d9d516c925a475330572e741fbcc73b0c4c3fccf93a7b30b
861,20,Sweden,74,71,55,66,ch****@nymag.com,c4647332921f961f597e084352eaf40d36c86eb5a390d0b4def06a049c40e900
862,22,Russia,52,11,70,44,lt****@1688.com,ee64a25ab60f0bc0cf8eb3181725eb867195baf1f6df4ea8606237c91b1ff0c7
863,23,Argentina,65,67,66,66,hv****@jimdo.com,8b5e84d9b247d925aa67db39aed622aa3a4869ce1d74d1d79e9fc94d193318ff
864,23,South Africa,93,48,88,76,tt****@washington.edu,4cc0214cbc226f31d0a9d2a25cf750366b8d2f145997c831ef55fb7b53675b35
865,25,Argentina,68,56,60,61,bf****@purevolume.com,7bb22fc1e1571a963ea795d951440dce4fff53b2f3bbb31bb0d008b8ea357106
866,22,Sweden,2,11,9,7,hr****@drupal.org,1b95d15004191075d5da8f2d9f04fdc289d8d9935d84acd0480b653cdfe27539
867,24,China,92,100,43,78,aj****@state.gov,84236f33759a6a61616ea0d0bc60ddb922c9662a483c6edacc8466c9113f5b44
868,21,Honduras,12,58,42,37,rp****@bigcartel.com,20dc5c74ce392ff83af5f90d24064af6b993fd9c5d19dc7d7cf7f4aaaff1e9ab
869,21,China,44,35,17,32,as****@prnewswire.com,b9a6115cf8fe052ead834771f61414ea678ce4e465d7d227885d05ccf0b15dfc
870,19,Peru,12,52,99,54,zj****@opensource.org,7cea70f00c33e73e8922ac7e3d81e3046f5719634d32129d3c309af9d5aa9c94
871,19,Philippines,28,40,2,23,rs****@state.tx.us,64089a15c9d70bed1cc90e1b478eb7d9246c8e072a70ed585a393cc0ecd1cf61
872,21,France,64,53,88,68,jp****@discovery.com,7a49991303aa2f68faa29aebb0ad0a0caee3f5740040a927bdd7147ccc8bb97c
873,25,South Korea,25,74,86,61,gt****@unicef.org,d470568fa6359b41b46395a90726758d07ad91b32a92029831b936ccd91faaa1
874,20,South Africa,55,92,46,64,nb****@moonfruit.com,53e8affbf9344bae6fea59f0c02a5f95e93b2d45de4ad8ed38087c689c68fc16
875,24,Russia,39,51,12,34,bv****@freewebs.com,ef06c8d3c16c33c7eb0cde35a298b29a637000545296f9d47234ab8dfad37717
876,25,Bolivia,78,38,92,69,dg****@google.cn,3e72bfc66b692ff6177e0f2449bb1740a69deaa25e7b9c01474a781755eafa1f
877,23,Indonesia,71,28,91,63,lh****@amazon.co.uk,5f14bc163eb9d4141513bc5cbc7cac420015164612bd233a85917b2b7e66ea3e
878,21,Brazil,9,61,73,47,as****@multiply.com,c5050955ffa4b26e6dd2cca03312be1aae8c369466b0341dd0ece81037320a0f
879,25,France,59,48,34,47,am****@uol.com.br,b301ada4334425de97100e14ada4808a30b5231215b3f64e6e9d734e94b5ded0
880,22,Ethiopia,66,5,5,25,sw****@discovery.com,424233a983fdcbe76d4f7bb0cc70bd8c195bf5079a91c5ceff42184dfc8f685f
881,23,United States,93,20,36,49,vr****@npr.org,6a01d09aa01920d258cca55f1376721d508cf88c43c0026be687a7316537c101
882,23,France,11,12,14,12,ia****@shinystat.com,119e5b2450789e58cbb0b1d46672313ae9231b0d351945ae2405ab84986ca5dc
883,21,Dominican Republic,35,49,73,52,cc****@ocn.ne.jp,03400bf6b9cf47577b0a45e07a2f155b11090183f9de94a18831b3002368f3a6
884,23,Russia,20,45,42,35,cd****@uol.com.br,6dbd4a6bb5b60bb1a867d90640e54adde2e5894f1e4d39f1750b8554a3c01dd2
885,20,Ireland,12,82,99,64,pd****@slate.com,bafd611a7d44af33b2d8c4e2d3187864bb69a47b26040f2963660d8162e173f7
886,25,Czech Republic,99,82,71,84,es****@google.com,5f2d1107a1e17e7ef84ed778be59695ff338574a53a651ef4c4caef67b60d105
887,23,Poland,77,3,88,56,rm****@canalblog.com,1f70da7d8f3cb199a5aed00ff12116e91fb04002a9379ac8a4c54dbc8506eb5b
888,22,Indonesia,31,89,51,57,ds****@examiner.com,3f485e08e981ec4fcbfb7c25096b1d0a3fb8cadca54ff96306d87f91a778972a
889,20,Russia,28,98,59,61,kb****@mayoclinic.com,2fb33c33267035006c60dbf2d950c134ccc0e202fd509f6e377c26511307cb84
890,25,China,18,45,87,50,ao****@woothemes.com,0950c16a1ffba04a36bfe43e4f7163f4b72376ca3adeaec9c6d623d32605b74f
891,20,Finland,53,89,94,78,ky****@seesaa.net,69f7985bbddc94bbdc7781c85559e5aea199857db0fbee16a0517e7471659b36
892,20,Sri Lanka,14,1,74,29,ca****@adobe.com,2022aa5c0032232fc17fc3a6f47b524a1a95177338e53f866ca3a74ac0f74112
893,20,Philippines,42,96,92,76,lv****@newsvine.com,7a7883c48b42745abd98d6c4b48b39a5d988921c64f6eb242711e4c3d4f1d8dd
894,20,Philippines,28,37,72,45,zg****@pagesperso-orange.fr,478677a7d96dc5f555acae9a1dbd434e81f02cd05f55766ed95a3be2fa76ac61
895,20,Czech Republic,25,19,96,46,bp****@cbslocal.com,154bad4fa1d6319ca9e1bb40ba7e595036fb3ff66b8be4447bbfe99c7da43d0f
896,25,Indonesia,52,89,22,54,fb****@buzzfeed.com,5fcdca8458822bf92dacce188310770d2414ced5c89e73f9c4e2c061f5ec1876
897,24,China,49,45,36,43,rc****@dailymotion.com,55cf7433f60a2a54b7afb6a4909de4f954695bb37e93413663ce3fc7e7f2ffe8
898,22,China,45,85,69,66,km****@photobucket.com,39501ce660cc86d018284f3a4382326ba1bdd5ad1eba388880359f88eb71e277
899,21,Russia,64,35,70,56,ke****@bravesites.com,0ae5ba744d2fb701d463f17b41ae4cdb3c97ba07a79dc7619848ed5503ca59f2
900,25,Sweden,22,4,83,36,sb****@wiley.com,bbd0a2afd09412bfe268030d8b69357561523b897850105276ee2beaeacdd269
901,21,Azerbaijan,96,85,11,64,fd****@typepad.com,ff9659c08c326b6b73d8c9d2a74669462948c8c0e8a6d4c23b62a49b8626d894
902,18,Russia,66,46,91,67,tl****@google.com.au,c353e05bdc1f704c1b33e63dc88e0217f7729ba14fd40f2afea46d22591cf526
903,20,Russia,74,36,35,48,fd****@blogger.com,278b5ac74df3679d09045867f96e8bf5971e9db551366801f90150ea6bc63c25
904,18,Indonesia,83,72,80,78,bt****@hatena.ne.jp,d59f585c9b846d24ceab0cc23c15a56bcc8a865e59f478fff3eba8482709c6ef
905,24,Vietnam,56,59,81,65,bc****@t.co,2b9db3f181b669289f2db5ce389e7fb665295397fff20b61b87f50deb37d768c
906,19,Myanmar,26,71,7,34,gu****@ehow.com,839a12252d14205d1007014db7ed6c9f9bb4be6d8fd27acfa6f769f17b6a029a
907,18,Portugal,92,23,0,38,hd****@people.com.cn,03a2208f5cc07b333eb318753e9a8b65c8ce89925ae869033f7c4f0f6441f525
908,21,Vietnam,4,20,56,26,ad****@sakura.ne.jp,a4a5835278ee6ac525f31c743183142c5658df9be4b016fa3cd5384174b6cb1b
909,23,Poland,6,52,52,36,mw****@wikimedia.org,1801c257f5a1833c18becd33650f034ac6140c340150c431d1c9a015b9f92618
910,19,Spain,73,13,22,36,ob****@miibeian.gov.cn,540b6e8bd22b13fa235b9b719bdca87b8eb2aab05087547646bdf1be6843f509
911,19,China,100,47,51,66,tm****@illinois.edu,0a8ccafd131cc5c7053fcec4f7d2efbc8bf0b3ae5d6443b5a57f8ca261e02974
912,22,Afghanistan,69,81,36,62,vh****@prweb.com,c3caed3ffd5c2249039449773794400d0487bccb6b970b63c169abacdd0bfe02
913,25,China,69,74,10,51,ch****@live.com,e4b84a8857f9734936eb8cc5623a81bebb8ff4d3e4905888443391bea9010749
914,18,Ukraine,72,78,49,66,pl****@rakuten.co.jp,40edc0ee0f550f052c7b31a4977a7c35f97988ebceb274be57833eefb4eab9f0
915,23,Sweden,11,33,91,45,at****@uol.com.br,b07171a17b59cdd2cee64f6233cfbfe3b71ac574626d30538ac815a3d62d0aba
916,19,Pakistan,72,32,25,43,lr****@creativecommons.org,673025a6b6a56d446257111bc0d9a6fb42ecc86189b18c94a1e2d6bab67cda78
917,24,Vietnam,2,10,85,32,wh****@163.com,8c0a211b56c09d31a55fe7c2640e3456ec4b14e4047329b162f5403bd49e7d31
918,22,China,85,7,3,31,fi****@sitemeter.com,a32f9a71d5f5133bb21e6d3d33ade763420b0d4b5ba7dd386a1e5792c02d3b0f
919,25,Zambia,5,25,29,19,lb****@posterous.com,9c54861d686a973e6a8f3750459e1becee7a8b347673c9946173439baf7f8f96
920,21,United States,86,58,92,78,qt****@tiny.cc,490eb53af1786363040a83df66a7acc47d3316fa4b8138ddeb6dcb90d84e0e67
921,21,China,1,35,59,31,gd****@independent.co.uk,9b0ddba2eddf569655eaa923c607378743da364b185972c63fc467f46d5da8c1
922,23,Nigeria,88,44,55,62,tc****@quantcast.com,25ccccff2fa276cfce3464e0e04faa2ac7b4d44d66526b9c59c7c3169ab255fb
923,22,Brazil,24,62,8,31,gr****@plala.or.jp,e6f4e072400234c57c67bd94e535b7dd160abc016d53c611cb2eb8c7b5d05580
924,22,China,48,9,31,29,tb****@symantec.com,ad3586e4ec2e8c38f8399a382491ee0219a5c1051d9cf1c2a12eb81785631f11
925,25,Indonesia,96,0,23,39,gb****@nytimes.com,94c6262fab0f21a98e0ddb90a71767f4ade1e0c18e8350b7207e42b17b22c882
926,19,China,84,28,82,64,jb****@shareasale.com,ed32b2994b8db34ccf0093fa66e3329a6df84fdf7efeaf714e9daecb7f18f71f
927,19,Philippines,29,95,91,71,ge****@economist.com,fea798faf2c6bca846845ee1e34cce262e380f23f4b941dfd45e476c159e28a4
928,23,Botswana,66,15,60,47,tj****@constantcontact.com,bf62debe5792179d5d93be95e418c1d6224aba042a45e815e2c5cc64c03088e7
929,18,Indonesia,1,48,44,31,cy****@last.fm,bdc1040c989e0de6c1fb2548a6b8d8f8d711573b7dab0abe79350aa714bc0cb6
930,24,Indonesia,69,92,60,73,mb****@ehow.com,aa908f7c702bdc00dd6d9912281f8bf899b86a1c8f77bf47ac277a7194fcc875
931,23,Indonesia,19,1,66,28,ma****@myspace.com,4734c67899d05dd3b61a89a4e378ea3b0879347e8de35229a038129d4cbf9305
932,22,Indonesia,74,47,75,65,ch****@freewebs.com,935ccf9756d2503dfa2a3dc320aa048eea5afcdd62c19ceece893c00ad52db1e
933,20,Cuba,63,12,36,37,bw****@eepurl.com,3322cf44caa5038dbbff028afb527b2eb173f8685b05b08389cd2a9721957e2f
934,25,United States,29,15,46,30,cg****@noaa.gov,f2a822db3ef6156e2d4b59a804b1a6ea7f467f0e76c3905f474f8d0cc2d2fc90
935,19,United States,65,10,41,38,ek****@github.com,2466c3ac58206d522866d355dcb90201a1a08a9fa7459d42be17fb3673c0cf66
936,24,China,1,43,92,45,ma****@hubpages.com,6871dcd1e93caa3f2113ce3f3362794dc565540a6cc21b93fe205b4af2c7fcef
937,19,Ireland,48,30,14,30,lh****@blogger.com,8af79fe69d2d262b6b457599c25379f900aed5bb42b71a07bbe8c51d7b214d2e
938,18,Greece,0,26,11,12,bb****@ca.gov,bb742b30c84b79e9ac55c99e06808e148e61b169d14f78c3ce33a6a6aba2f769
939,21,Mexico,31,53,58,47,dl****@stanford.edu,10f04b42a8567a968e098785f72f6ad6f3dbf2c6c875c6b0ecf821d2ca8f348f
940,21,Philippines,85,70,49,68,cs****@reuters.com,cb3685e397a7f9f7bc25199183159bd2171d3e974bdd2b56497a4dc2cb1cac32
941,19,Portugal,23,65,95,61,ab****@yale.edu,2b37ae0a9f331151af165b711364b13538f320a520159872180322a2b4e2e783
942,19,Portugal,47,76,43,55,ah****@paginegialle.it,13011595c588a26d993d2b185db090825dba6a8db2c3f1f83a540a78a4bdb20a
943,21,China,91,14,28,44,gl****@timesonline.co.uk,c9ec90c4cc4d3b9ebd6fb0cecf014deaafac1bf166556ad903fd02f0382e95e2
944,20,Finland,20,59,78,52,rc****@soup.io,abc35b4e355328cb9a86df4a639177cc8cbf46b3426df1ceebf9379f921ddd12
945,24,Brazil,15,13,99,42,sb****@flavors.me,10b4665c81544bf01631f75a66853fe8db7f612f12f3b52fc652507a18bf9ce7
946,23,China,46,0,4,16,ib****@newyorker.com,74823c04151d0d5315c4b62dbc62e865d4932675f79a3e17236362a6a24c0acf
947,25,Russia,77,30,42,49,am****@tmall.com,67e6b78ade4e45e1de83699b84f3702b1e754c4153ffe9cf1965509341119002
948,20,China,56,13,92,53,ce****@sina.com.cn,2fa3fea9481a6e35269ddd7b36f4176f766a40476fadb27a3209e174e1ef8c97
949,25,Tanzania,95,31,84,70,st****@telegraph.co.uk,1f0c2f2d83ed5d61603b21a2bbd85bb61dbcf02d6940a1e58b2f603ac4f02345
950,24,Russia,74,6,16,32,pr****@ox.ac.uk,0619602bc1e89e8ce39ac4bddb6626a9d644a0b21227ee15927d008aad1047ed
951,23,Switzerland,80,44,8,44,ld****@blogspot.com,b7ba3b881c4b469045ac5cec45da1c05f5e8c22f63d0e906d7b921fdaacd8512
952,23,Indonesia,14,42,69,41,gd****@multiply.com,1d4f762b30c62548d07b6d1e4c5dda4af2984cf63d441b17f025be65cab9e435
953,22,Peru,52,11,15,26,dg****@histats.com,05cbe9a4acc15dcc5cb78175b63ddc59bd3edd88eb4bef29ad7a93e3dade34e7
954,20,Mexico,60,97,84,80,gb****@theguardian.com,929f4502c65cfa0e05c928afc5711a3b6db772c2fee162de8d471f9a05d6b701
955,21,China,50,4,51,35,mq****@businesswire.com,79b9e02d2290cfc54013b52500225b379f969ae9fc7187b8428576c29b0c3813
956,19,China,47,11,97,51,gs****@businessweek.com,019ff2053a657f41661735e7f8f6bd78d592884b357eff8573afe3a43a6511a1
957,18,Vietnam,25,2,16,14,ig****@miitbeian.gov.cn,03f5d324d89dd65f802efdb14a53d37569d6b74a2f55633426e5ae46763ab330
958,24,Mongolia,46,56,65,55,ls****@hexun.com,245300879f60efc54e6e36397ff7dda098a45ac604965129e7149c58748842f2
959,20,Ukraine,35,11,94,46,tk****@phpbb.com,3bf4db024ac0e5acefd31896e6cfac8291726f891c3d6c8e3e1878e700648274
960,25,Argentina,99,11,76,62,as****@go.com,8c3819838bbb016c9ed937625ca5f94cef44909bc0342f5e3dd7a4617ea73edd
961,19,Brazil,15,43,96,51,gt****@google.com.hk,001dbdc36f43a7c6d194b32e2a8716bbd2268727fc6b1a98cd1c4d85e02139c2
962,21,Peru,75,52,93,73,ab****@pbs.org,d6962e3e3ba5658859e6fc6a0a75caaf1bc3c582e1aa89bd91b5d2866adba45a
963,18,Indonesia,31,89,94,71,cd****@istockphoto.com,36ae2c835fe1861bb9f456688d355b77a7bd00e4cab11e59aca25fba1646aca1
964,24,Vietnam,78,72,89,79,ga****@zdnet.com,05364ce84415134968ff2bc78f91b014b44ab229c554f21cdf4d7fbc093c58f4
965,25,China,61,64,66,63,fc****@paginegialle.it,c246375aadc5851aff1cdbafcf330c94cb04d8b501fe5c61f6bfa51b20d7cd01
966,22,China,1,17,6,8,en****@usnews.com,6b320fd6660df0067758cdbf6dfdce8bd3db5875d9e0ff0e35127191b8843fb2
967,18,Indonesia,64,42,3,36,sh****@photobucket.com,dff20a3873b1c0cfa75370a371698f427eb4701f2c35d0b5f24ee7749df146bf
968,20,Greece,64,44,4,37,lf****@sina.com.cn,164d3e82808041525e3e77766e76cc7af6a33e76d922a7fd6f700941c96518f0
969,18,Indonesia,94,64,51,69,hf****@ezinearticles.com,0339224ab4adf641ebe3e35748f6a3faffe0273dc620c6206507cf9d88973ffe
970,21,United States,20,22,66,36,nc****@go.com,e546fb7d7b9c492f62c650a864a838e4fc9d8dc036d3a67a769c9fcafdb0515c
971,21,Russia,45,89,6,46,bg****@vkontakte.ru,00e48056112ade97dd51613aaead33dd6665a85150cd224e3111b1bfb89f4a28
972,25,Botswana,87,70,74,77,jm****@spiegel.de,192caf61c88eaf1eb558a55be3f2581db6c801ed02dcd3846228b2a3ebea11e7
973,21,China,1,62,46,36,tg****@columbia.edu,a60db1e2fa0e7b802b113c192c5ee8daa3d3180ed450533bf788e4038f891cd2
974,23,Russia,89,81,7,59,cd****@ebay.co.uk,4024ccaed11b77f385b7f0ef5f6c5d4b9a629cfec684c8e80ed8292bf19f6118
975,20,Thailand,90,30,0,40,st****@cyberchimps.com,ced114351e9b9fb3c96e9c957a48e31ed2818f1421f2995c1ad422eeaf8fe6ee
976,20,Armenia,54,12,58,41,ad****@booking.com,869577797789809fe034125b83f079f6224ed7fde3f580292e67c8a00decd935
977,25,China,63,85,25,57,ar****@mashable.com,1a1b3be1492c3f9329640d092df19ea002e79e1b64904d8ab6af192609e2efb7
978,25,Russia,33,62,4,33,pg****@wsj.com,c2da028e78a3fc3bb9034615cbbe87f0f62c22e27b6773df42f877ddae9c8b24
979,18,Indonesia,58,96,65,73,hh****@studiopress.com,2487d50dbdff2b88373b1a1eb1427f5e7a90f3140a44014cb777d1ef41ca7efd
980,24,Pakistan,55,33,83,57,ii****@live.com,2af7871c3b6321f8b0abefae7bdad9244f844fc9fc03dc9a70e05b87986d5955
981,23,Portugal,7,77,37,40,ch****@usnews.com,b33df7af830d963e8ac767fef46a547390fd229cedf81c8f6818b49996c12c89
982,19,Russia,4,86,2,30,bk****@redcross.org,6ea6929f3cfdec37bc2a5f823bf5270fb2ec0d2400502080c5cdaa128aff9814
983,21,Norway,21,18,7,15,ac****@spotify.com,88d28c0c78647b3e7a279edad0e4f096fb1be11ed6ba57e7a7347c8020f21331
984,25,Greece,27,51,64,47,as****@deliciousdays.com,f95e5d10553e008836fd5d8721e1e862190673e127729099ddb684c001ffae51
985,24,Serbia,45,59,63,55,jc****@springer.com,33998c3d6cdaa206d21d50cad0b215d7af0307d932f462fcf0a3bcd915a46772
986,22,Ecuador,48,37,90,58,cg****@whitehouse.gov,19e586a089d2411fdb6ecddc0faa003f0c4aeb892269a9ef758c6fe5ade76aa5
987,24,Indonesia,4,75,98,59,id****@desdev.cn,1d8143bb8b12ec1df4839b4061f274cc0137b2701321bda7d3835bc5584b5ad8
988,25,Russia,32,15,32,26,ic****@histats.com,3b5b4495ba5a80c1d648227f5c52f50318346455eb08d83122d303bd2166f6f1
989,18,China,97,1,12,36,eo****@i2i.jp,b896e32d0b16cde465b91f6d6f3954bd3270a0a3dd8cf9751e0e46bd724b3ba9
990,22,Philippines,68,15,86,56,ap****@facebook.com,dbc21183e4bb88462940d452d00385cd61b66f018b88c3309f346d881245c6b9
991,18,Philippines,87,62,15,54,jo****@tripadvisor.com,20e4417d06293a2740d9c2cf8171a3ce692ca06a7b2e2feece64b1b39c81f8ba
992,18,Indonesia,79,50,95,74,rh****@liveinternet.ru,e2c43a919b82776beaf193a904da3e06794a74e395ef2b5d44d3d36c8ee16de7
993,21,Afghanistan,31,11,1,14,mv****@amazon.co.jp,bb903677c1cac7078c92589c883392792726e702ba9c74b2d615f0454e8df866
994,22,Czech Republic,26,8,4,12,mk****@telegraph.co.uk,0121f4ac3a5daa04c6089e10f9c3680a3744cb6dd7000275aead2e20eba1d8a3
995,23,Russia,20,68,40,42,gd****@sciencedaily.com,efbf3c185f1373f01645164822a1e91fca78bb25ec377666356484737973f3ec
996,24,Cameroon,31,66,94,63,jk****@nydailynews.com,fc6e64d1db009ad5059993bd778a92506052a66eba0b02f17a9191bc88cd6514
997,23,United States,66,30,66,54,la****@lulu.com,020a78396534b489a2fbb4e7e77bfde4053d0003890ba0fe5ef092754a072f25
998,20,Philippines,84,50,61,65,jj****@jalbum.net,36f1a84f6f15c052cb0fecdd9a7b186aea2ccd878e86493a642a1fb2861cf5b9
999,23,Ethiopia,44,11,80,45,lg****@qq.com,9f3afd4d57df1bfcb06ead3580f039065f0566062b9658f9b845bb14efb65fd2
1000,20,Tunisia,64,48,83,65,hw****@trellian.com,fcc84cfbf796ce07bad99b54001e0a9a4da0d90ae8ac1f5c2ccdff7e73223dc4
