student_id,first_name,last_name,age,email,country,grade_math,grade_science,grade_english,Final_score,masked_email,hashed_email,calculated_score,score_match
1,Kerrill,De Cleyne,24,kdecleyne0@furl.net,Venezuela,68,80,15,54,kd****@furl.net,26c06b12923e95e63ab50cdfb41c0e91739900817776efcc4ebf63e673cbfdad,54.0,True
2,Krissie,Vittet,25,kvittet1@ustream.tv,Bulgaria,29,30,60,39,kv****@ustream.tv,46ac4f379c70e96007472da58d7117b75c5783775659632a0c7785a469d83538,40.0,False
3,Hugibert,Haugg,21,hhaugg2@theguardian.com,New Zealand,76,0,55,43,hh****@theguardian.com,f05ef8626b2cb36a42220d130021478a26f7c5bf1de9f21aa5b34d462040c106,44.0,False
4,Fancie,De Mars,18,fdemars3@parallels.com,China,82,88,90,86,fd****@parallels.com,9a4983240c4a62fc62386f6af99d54a7f6de193e61bd92ce0e10e6eb64f5b067,87.0,False
5,Micki,O'Dowgaine,24,modowgaine4@livejournal.com,China,77,23,11,37,mo****@livejournal.com,36745378f01b167beb7059937e999fb7c8d726f6ed0c4b8403ceea5a8adca222,37.0,True
6,Bella,Litchfield,22,blitchfield5@dropbox.com,China,44,78,30,50,bl****@dropbox.com,0703a702bbc98526aacdca2ad80f695d7a6776e6ff337dbf9c24f624036183f4,51.0,False
7,Ariel,Laslett,22,alaslett6@vimeo.com,Malta,100,61,90,83,al****@vimeo.com,b3de8c7453a9147d16988c9cbf9d6e08bd4ea1a7810bcf582eec0cd90fb77c5a,84.0,False
8,Ailbert,Nickolls,25,anickolls7@is.gd,China,98,81,59,79,an****@is.gd,d297e017ec8c03cd3c681560bcd62665aabc299a7f72e82031b5c4b57c9df0ff,79.0,True
9,Jobyna,Stoffer,25,jstoffer8@xinhuanet.com,El Salvador,35,51,41,42,js****@xinhuanet.com,681472630e4da71f8789fcca124c19953092be8df08f7c6209bdfeb309619ee1,42.0,True
10,Saundra,Dietzler,25,sdietzler9@blogspot.com,Argentina,46,38,16,33,sd****@blogspot.com,51cd36d12e8cc68d5165e2555cabbc2ae08f9e0c704140f8f2dc86725fb90852,33.0,True
11,Mitchel,Lunt,22,mlunta@gov.uk,Macedonia,89,40,65,64,ml****@gov.uk,929bf196bbb7f9c1d1021d625bc65adced22c1f935ee7210d70418871d6d8802,65.0,False
12,Nicoli,Chadburn,25,nchadburnb@toplist.cz,Mexico,80,47,53,60,nc****@toplist.cz,aa5460e09d27d96114aa29e0bc73919cebaece400c227e5c564f4949da565cb8,60.0,True
13,Ketti,Naisby,21,knaisbyc@sina.com.cn,France,95,30,49,58,kn****@sina.com.cn,d4c9e29b2baedec93e459b2e355b9be7a8c47781c6c1a0b444fce2085026e2b2,58.0,True
14,Adoree,Rama,22,aramad@xinhuanet.com,Argentina,60,89,12,53,ar****@xinhuanet.com,683fdeeae6cebc5f9d33683f1ebaae8668cca2dd3e03b2c859e825d03391b4a2,54.0,False
15,Berny,Jime,19,bjimee@zdnet.com,Brazil,61,27,32,40,bj****@zdnet.com,85dab12839e5aefc3502bb754c4a60f696f74db3445db981ded301fa4e1a0544,40.0,True
16,Reynolds,Goodge,24,rgoodgef@cargocollective.com,Guatemala,56,2,41,33,rg****@cargocollective.com,ac5fac1d7638e5148b111c58a940f52a47fa8a15353c6bb536d4b574d4ba82ef,33.0,True
17,Turner,Brendish,24,tbrendishg@opera.com,Sweden,23,72,90,61,tb****@opera.com,20448f09f3bfdef134765d48968a56f88393a9604d59d90edd405381ae2ed82c,62.0,False
18,Ninetta,Carrane,20,ncarraneh@etsy.com,Slovenia,78,98,95,90,nc****@etsy.com,3c9b29ba5e6ad8ef5f569ff93d9b2f22eda0a59605a7355cbbe9be89c391ecb9,90.0,True
19,Dilly,Jedrychowski,19,djedrychowskii@aol.com,China,28,40,3,23,dj****@aol.com,2d908be0a545ed7b34eeea8ed82fe655bc81c64d6414204d1b8bc5df91f22715,24.0,False
20,Friedrick,Schrir,19,fschrirj@slashdot.org,Indonesia,100,6,55,53,fs****@slashdot.org,62d06a2daa4f91e9fb3382cf45bda764f3f7858c2d61253f9025391a1f391a05,54.0,False
21,Clay,Gallagher,23,cgallagherk@soup.io,Vietnam,63,81,12,52,cg****@soup.io,64ae24ba6fdf31b0646d26c53af4acc1f56dd84aa1ecf6bbd542b0b4fbf6867e,52.0,True
22,Collen,Foran,20,cforanl@sakura.ne.jp,Croatia,38,67,74,59,cf****@sakura.ne.jp,412223897e9b3202b6ba9fd13edeb2b4fc1c32ce5e7a39988190aa97a664c5a1,60.0,False
23,Skye,Elland,20,sellandm@a8.net,Russia,82,88,27,65,se****@a8.net,8c34e421a642d922f59f69cd819ffdb69f247364ec1f85a3169a44912b9726c5,66.0,False
24,Tonnie,Audenis,24,taudenisn@wufoo.com,Philippines,71,6,26,34,ta****@wufoo.com,2041bfda3eec1678fa11a2d0d259d30ea28c054a94db30528752d756bea106a5,34.0,True
25,Hedwiga,Tidswell,20,htidswello@discovery.com,China,78,97,8,61,ht****@discovery.com,67dca88db39f873005be5ef95a6fa4c0f4a7ac893cf426d01f11fdd54974e8df,61.0,True
26,Clevey,Bargh,25,cbarghp@uol.com.br,China,20,34,76,43,cb****@uol.com.br,2c0209b38b09bad841e66bd4e9852065ebab7e15504114e350bd4f177302c187,43.0,True
27,Kurt,Ivery,25,kiveryq@csmonitor.com,Portugal,51,60,18,43,ki****@csmonitor.com,0ecb1db4a62d0e02f36c2c649116f3d38b1c6d0b7945a9e9fb060f2cb89cec32,43.0,True
28,Lloyd,Yeliashev,18,lyeliashevr@hud.gov,China,87,94,92,91,ly****@hud.gov,88fbd3653d54011275432183f6a8593cd3a45f1d1d97e1a1fa0179b71dd5f676,91.0,True
29,Terence,Creswell,20,tcreswells@domainmarket.com,China,76,66,68,70,tc****@domainmarket.com,06b2e16b80c0d15d6f5d4fd288207678a43ddbd45db45e55e9ce442a1ea042a9,70.0,True
30,Valentia,McGarrahan,25,vmcgarrahant@kickstarter.com,China,32,62,80,58,vm****@kickstarter.com,c49da093e9da8a518d3c2dcf4601ad7afd6f971424314d8cec5705da6cafe55b,58.0,True
31,Tara,Bodesson,24,tbodessonu@nymag.com,Portugal,41,15,93,49,tb****@nymag.com,51f8383d4a6375986c9247fcf30cd56f8bbee60b91ebd8e764d05b594de746db,50.0,False
32,Arvy,Hinkins,19,ahinkinsv@go.com,Portugal,90,95,63,82,ah****@go.com,fce29ea8f3e268ec2ea8fd5750f8b17e5512b602bbdef43c43bf658e6201f2b8,83.0,False
33,Allys,O'Kieran,19,aokieranw@cargocollective.com,Indonesia,87,4,74,55,ao****@cargocollective.com,c4bd382a87d3b3f9d57841bb392a6235f333f61f399a724db275617c485a7117,55.0,True
34,Kele,Vashchenko,19,kvashchenkox@salon.com,Lithuania,12,55,88,51,kv****@salon.com,17877a8e4ef672f30f49f6c45770f5075e57d6f4fa3191960dac4255ffe137c1,52.0,False
35,Eilis,Kissock,23,ekissocky@wsj.com,Russia,0,14,69,27,ek****@wsj.com,5d101a3715873c46c6245b97936a9c5f99c9c80ae434dfbd92e127847ce5645e,28.0,False
36,Phyllys,Prahl,23,pprahlz@mapy.cz,China,31,55,9,31,pp****@mapy.cz,675003d40a2d5f84471c47c8a59bf91a93fb9341050d7f310903fd34cbf51ab5,32.0,False
37,Rosella,Dowall,22,rdowall10@hexun.com,Philippines,81,33,31,48,rd****@hexun.com,08e37f974d4db8adc1047d38939be4fd8e0bae7af89a7d95a25fcbb497a29c17,48.0,True
38,Karim,McDougald,25,kmcdougald11@tinyurl.com,Philippines,24,18,16,19,km****@tinyurl.com,7b3c8fe77e45755b643b85a1c4ccd9c937a2473063495c02f8fcba1b89e14f29,19.0,True
39,Teriann,Gaynor,19,tgaynor12@topsy.com,France,41,1,12,18,tg****@topsy.com,a7853ffa274f65abb7ba1d0436f4050710a2929e0d7580e888c58b261e613699,18.0,True
40,Andonis,Pert,21,apert13@reference.com,Poland,97,66,64,75,ap****@reference.com,30b0151754e38c7810acf031c33ee15fecb4e058dd298b4184e0cfbcdc92d547,76.0,False
41,Garik,Caldecot,23,gcaldecot14@gmpg.org,Indonesia,73,1,96,56,gc****@gmpg.org,0e1e20b74879f97fb90c65f27b98d969f73ada4f41c237b5bd87af61aa8562e5,57.0,False
42,Andria,Bollum,25,abollum15@deliciousdays.com,South Korea,62,41,74,59,ab****@deliciousdays.com,96319abc6cb0634bc6f0b95f332672d6b773924cd3c65a67f885e79507cfdc4d,59.0,True
43,Rodolphe,Bordes,24,rbordes16@who.int,Kenya,87,92,50,76,rb****@who.int,cc998154c8c69471f4ff0535a54fae23254aa152547a7283ef80a5784e57ed98,76.0,True
44,Der,Blackborough,19,dblackborough17@yelp.com,Paraguay,7,70,79,52,db****@yelp.com,5af1dcbe339e51d501efbb562e6561903a93c42fda9848dc1f2bbc89d1b7097b,52.0,True
45,Tess,Laidel,25,tlaidel18@slate.com,Curacao,19,47,90,52,tl****@slate.com,2394ac2f7037f36ecaaafd335d6fbc6ce298af4436a13051022a3dcfee55479e,52.0,True
46,Skylar,Lewry,20,slewry19@trellian.com,Portugal,53,57,21,43,sl****@trellian.com,091462d5b33a963da0eb4a781a705eb20c17fe38b66f94dbf0a3f5417c1bf2bf,44.0,False
47,Dorice,Astle,25,dastle1a@weebly.com,Mexico,16,67,12,31,da****@weebly.com,31b713e3fcda896a5137f43aecf92c091df2a1573f73d1f88e3392080f3fe0d5,32.0,False
48,Dorolice,Donohue,24,ddonohue1b@istockphoto.com,Argentina,69,10,60,46,dd****@istockphoto.com,7cce725eb6cbff75ad4ae97779fbaec84d0e4ac40be11d26519c5c7672f60eea,46.0,True
49,Starlin,Klimp,18,sklimp1c@fotki.com,Brazil,89,5,99,64,sk****@fotki.com,65727ca57da41ccd2bbd8c23d1cebe60712f723c939b4d39a6eeef39bfca715c,64.0,True
50,Prentiss,Blythe,25,pblythe1d@wikia.com,Argentina,90,16,44,50,pb****@wikia.com,6e1adabc7ec7457e3c7706b82465033e8c88a19949603a3505b14fdad137e3e0,50.0,True
51,Zacharias,Colquite,20,zcolquite1e@smh.com.au,China,77,78,13,56,zc****@smh.com.au,d50e9e1eea4625afc381966d32e9b68052ee60a6e32490f1abbd928cc670244e,56.0,True
52,Carmencita,Whithalgh,23,cwhithalgh1f@skype.com,Palestinian Territory,54,28,41,41,cw****@skype.com,9762f46ab465389481b14b64a10d34428de5a3917a3341a5509e27e26acda432,41.0,True
53,Ernaline,Le Blond,19,eleblond1g@bloglovin.com,Japan,59,70,82,70,el****@bloglovin.com,4b1a0876df9c44b82ad6e030c2ac6f8bad3350c17586b7e5caf980ad354b1c26,70.0,True
54,Tanya,Braisby,24,tbraisby1h@gnu.org,Russia,86,10,35,43,tb****@gnu.org,98306d28d6f7118ac3941cb85191cef161496f9c4e23fe4813099ace92baa69c,44.0,False
55,Leisha,Doward,24,ldoward1i@upenn.edu,Syria,71,22,59,50,ld****@upenn.edu,f5690128ce0c3b482f533c73dcabfb99d41a055a90adcad5c973571bd1a364fd,51.0,False
56,Jory,Harsnipe,22,jharsnipe1j@fema.gov,China,45,47,40,44,jh****@fema.gov,f3e91873a469a3089ddd4c68008db37f8af6e290d8bea2b85b5031c36b3cb26d,44.0,True
57,Shandee,Scaice,20,sscaice1k@sun.com,Czech Republic,61,31,52,48,ss****@sun.com,73fb75fec3648424f0c4ca72894abc1f4475a6a2960a9bec48bcfcbddb6835c5,48.0,True
58,Noel,Crackett,19,ncrackett1l@nyu.edu,Croatia,76,43,36,51,nc****@nyu.edu,1564d35d3227e5eb0dc92834524a840f83cbae52299c15493b79e9caa70fba84,52.0,False
59,Corine,Cattlemull,24,ccattlemull1m@earthlink.net,Philippines,98,43,93,78,cc****@earthlink.net,169c0ae849ff23f69c18936f19769a6b2519a5218a31de60b1c448e5fe63e06b,78.0,True
60,Elvera,Kilcullen,19,ekilcullen1n@csmonitor.com,Germany,21,65,91,59,ek****@csmonitor.com,cbf7c1d92d77458d2ee2155cd256da312b0e7a49e9a82112f71b2060b02b0b16,59.0,True
61,Elisha,Cudby,19,ecudby1o@clickbank.net,France,82,34,18,44,ec****@clickbank.net,5e4533eb32960f3309cec7297994b5d10802acae43cf85e68aac7e9fdbd96b8e,45.0,False
62,Fawnia,Pleuman,25,fpleuman1p@fotki.com,South Africa,61,26,33,40,fp****@fotki.com,fb485140e9165aa606b56ae5120ecc6a032148fb93192ff195decb57cff5c363,40.0,True
63,Ulberto,Element,20,uelement1q@mail.ru,Kenya,82,35,16,44,ue****@mail.ru,58a5857f52e7c68f91ad368a68ee6ba235122ab61cf9a43870d8f36fac3754b7,44.0,True
64,Tildi,Scobbie,21,tscobbie1r@wix.com,Indonesia,39,94,83,72,ts****@wix.com,b535b302b8156cbc6310b7b08ce3d670024b1c19e969d827eb93bf42e1de7aa8,72.0,True
65,Claudina,Stallard,24,cstallard1s@drupal.org,Taiwan,6,44,11,20,cs****@drupal.org,b58abd972f8968e8c1d13f2cf32af38828f9454c27c00c8481d67ce5dc0cb31c,20.0,True
66,Ethelyn,Farens,24,efarens1t@wordpress.org,Czech Republic,62,90,39,63,ef****@wordpress.org,9fdb148394c0199250693f19a38ca8980beebca9dcc46344fb1b2658e131c0c1,64.0,False
67,Thalia,Abercromby,24,tabercromby1u@example.com,Philippines,71,78,16,55,ta****@example.com,2cb06db4c19aafc69635f4c1ec059c519236390ea4de7b503091bba82ceeadc4,55.0,True
68,Arabela,Risely,23,arisely1v@marketwatch.com,China,91,64,63,72,ar****@marketwatch.com,144c6f712e3bce309c9a89a5cf3c9705d071cf1afe9668a9571be99a54699043,73.0,False
69,Matteo,Lattey,21,mlattey1w@spiegel.de,Afghanistan,100,27,54,60,ml****@spiegel.de,e07557a3458e6c82c8bd76664cabe59ccc0c58de1d91a2e8a8527ae68fe3ceec,60.0,True
70,Carmella,Ballsdon,18,cballsdon1x@google.ru,Russia,34,57,63,51,cb****@google.ru,b0467a7c1411803365d40255b6851256d779e93a0c528297fedb8902cfb2609d,51.0,True
71,Killie,Lorenc,24,klorenc1y@123-reg.co.uk,Syria,21,16,63,33,kl****@123-reg.co.uk,2d5c7b60dce45b43848307dfaf86c6b932241eb4838abbff3774450f3530f0ff,33.0,True
72,Cilka,Telfer,22,ctelfer1z@google.com,Japan,31,65,26,40,ct****@google.com,e61ef18849b821075cc045f89b0f876f37cc46c610b86b29d0221475b0f56409,41.0,False
73,Delbert,Vala,25,dvala20@eepurl.com,Indonesia,68,33,60,53,dv****@eepurl.com,d914cd5306873408da6ce3e6bc1826089a057f13e31ae8a4512b3da52b2c139e,54.0,False
74,Concordia,Boyton,23,cboyton21@is.gd,Indonesia,9,91,29,43,cb****@is.gd,41dd64da151cd746227ff79d43c5b7f9e7628693e93e9d9259dc7e611ff8f7a2,43.0,True
75,Enid,Pretley,23,epretley22@pagesperso-orange.fr,Philippines,79,2,82,54,ep****@pagesperso-orange.fr,88e5e442026285599d3a16ebd3a1ab4dd95ee931136c7f88918b27c33d36ef9f,54.0,True
76,Davina,Waywell,19,dwaywell23@tripod.com,Lithuania,10,61,86,52,dw****@tripod.com,7c523f594dd18a186f725473f03a7eff44b575d5ebe28b49cc38104f019e4acf,52.0,True
77,Gunter,Ruste,22,gruste24@prlog.org,Russia,83,81,20,61,gr****@prlog.org,6a2a233e78a1bf15ca859a68f52195e9393e25daa5425826068a1613b3008d3b,61.0,True
78,Ric,De Carlo,20,rdecarlo25@amazon.com,Brazil,34,20,71,41,rd****@amazon.com,41f92ef75c78107a5201b0c830e866909c6a79e1ccbfa0781e402fe9bb3df61f,42.0,False
79,Jenelle,Treherne,18,jtreherne26@wordpress.org,Portugal,31,48,5,28,jt****@wordpress.org,4392c6d5bdf6b733bca4f2b4f87283dbff9fe600c9692bcbaa5086e9cdf1011d,28.0,True
80,Welch,Mucklow,19,wmucklow27@shop-pro.jp,Portugal,26,15,51,30,wm****@shop-pro.jp,9f768db6ec545306586c4fc10f0004a8acedcfd8cb8684056f9eb31542870921,31.0,False
81,Anatol,Wheatman,25,awheatman28@spotify.com,Russia,81,72,51,68,aw****@spotify.com,5505605df84b505818899750b3cf9352e56eece7e5cdb166c3a5b5171abfbd00,68.0,True
82,Ritchie,O'Carmody,25,rocarmody29@pinterest.com,Azerbaijan,13,27,62,34,ro****@pinterest.com,d4db16898553779371614748aa1ee48d312280b374de1e939ba19b653a508b1c,34.0,True
83,Davide,Pettyfer,19,dpettyfer2a@vinaora.com,China,44,78,55,59,dp****@vinaora.com,051c0f62acc3be21fb17e03e2599c088e14ab681d765e8568d296f276f02be4a,59.0,True
84,Sada,Anchor,24,sanchor2b@gmpg.org,China,79,18,29,42,sa****@gmpg.org,6d5023d9163bd8f0f9a3a5a6dac27a0fe9129be516c676cb018d37cd90e9f916,42.0,True
85,Maure,Maybey,19,mmaybey2c@si.edu,Russia,69,96,50,71,mm****@si.edu,0b1a3cef74c04bd9e614cdb8dd1ebcb3b0d4500d276766120993bdfb9437c31c,72.0,False
86,Blinnie,O'Murtagh,20,bomurtagh2d@si.edu,Portugal,62,99,6,55,bo****@si.edu,f1d35534c5ba900ae132cb0928b2293e064570df96d9649c87ff4fb4fa1b350f,56.0,False
87,Evie,Heenan,22,eheenan2e@nsw.gov.au,Poland,95,46,73,71,eh****@nsw.gov.au,a729e140f090334c8d6fc6fe34bed2c416110d5fb487fc264592297f7a28801d,71.0,True
88,Bevin,Capnerhurst,19,bcapnerhurst2f@yale.edu,United States,37,47,76,53,bc****@yale.edu,d84cb0bbe7fc410c68f31b2995ec10d448bb8e88213289a8850680549af04999,53.0,True
89,Esme,Allsep,21,eallsep2g@nyu.edu,Czech Republic,74,90,5,56,ea****@nyu.edu,0e7073b03d2296fc844c2e05d41c60bac48ea5f48858781ab0938a52a81ca6b0,56.0,True
90,Ugo,Renbold,20,urenbold2h@nbcnews.com,Azerbaijan,22,25,68,38,ur****@nbcnews.com,2777fe860273595cf721f2bd800daeb5a778e0f969e8a61a1919526db07b783e,38.0,True
91,Smith,Sanpere,25,ssanpere2i@edublogs.org,Philippines,89,88,12,63,ss****@edublogs.org,42b164b88cebb6f380978980df74281c0b5a64f6253931d4bf4fa98c17ebf3c8,63.0,True
92,Clareta,Furze,19,cfurze2j@microsoft.com,Nigeria,37,18,43,32,cf****@microsoft.com,eea7182422fa2a39638c727f7cec9b96b6ced2992c6ed9d40c1978eeb292d5c2,33.0,False
93,Teador,Chsteney,20,tchsteney2k@mayoclinic.com,Panama,3,51,4,19,tc****@mayoclinic.com,b389a86f733b53cb701177e7dab0358ad6278bb048942464eb814b15d21a3849,19.0,True
94,Harriette,McNicol,20,hmcnicol2l@histats.com,Sri Lanka,91,88,41,73,hm****@histats.com,2e92fdc66c0c4cfb27aaa9caf76d3c027b252764740bd83c72a8eb942456eae2,73.0,True
95,Dosi,Ainley,20,dainley2m@gnu.org,Indonesia,13,10,57,26,da****@gnu.org,bdb6836213334b6ae531acb7032406a3a5343a2bc895a8f4acc32a92928f2da1,27.0,False
96,Krystle,Macieja,20,kmacieja2n@addthis.com,China,38,81,84,67,km****@addthis.com,dcde27cbc3c710b456c31436c610b2e5ce0bdf39b3e8b56fe2604efed448806b,68.0,False
97,Laurie,Usherwood,21,lusherwood2o@ebay.com,Russia,94,49,31,58,lu****@ebay.com,60deba5048798c4c06a22a8e583fa42a4c11f69620d3cecde7f10e7a3d4ac1ca,58.0,True
98,Nettie,Vicioso,19,nvicioso2p@theguardian.com,Ukraine,36,81,53,56,nv****@theguardian.com,df06c5c89823996f77a2e7778920375dea2f9c341f71057bde585f2d4e657291,57.0,False
99,Phil,Vanichkov,24,pvanichkov2q@dropbox.com,Indonesia,67,55,13,45,pv****@dropbox.com,7e8ec611104906adec58aa7181430b204b94d9f428beeb88271382f31cece6b5,45.0,True
100,Lorrayne,Vahl,22,lvahl2r@nymag.com,Republic Of The Congo,84,28,57,56,lv****@nymag.com,79bc56566d22f46d4c5b91d7ae830ad75e726bf8a74ce2b19e7b62a255974976,56.0,True
101,Allison,Saldler,24,asaldler2s@ucla.edu,Portugal,44,90,68,67,as****@ucla.edu,80f55f0e72d19e1ad2787ee5ed1d3c0be412efceb5c90c2c32b5f8df4ddfd4f8,67.0,True
102,Eolande,Skune,21,eskune2t@cbslocal.com,Greece,60,34,71,55,es****@cbslocal.com,c3caf76cb2456006b365bf739e2bc7d55e51f77ceec57144bf3cb68d24c128b2,55.0,True
103,Mozelle,GiacobbiniJacob,21,mgiacobbinijacob2u@phoca.cz,Poland,39,18,3,20,mg****@phoca.cz,002baeb3064eda61c0c6cf19a5335631dbd03f4b7915e698d9af55d6cfb6d5da,20.0,True
104,Perkin,Corris,25,pcorris2v@archive.org,Thailand,22,68,70,53,pc****@archive.org,aaa863006dcd617b824a84fa283aa7d1b88c8bac36dc5a185c7e01a06ea93694,53.0,True
105,Willabella,Mathews,22,wmathews2w@blogspot.com,Philippines,12,31,4,15,wm****@blogspot.com,6b00f3e20220179d3684f9be7121801d9ff7b5410729fd1fc1c40a80ae4878ee,16.0,False
106,Esmaria,Anning,19,eanning2x@hatena.ne.jp,Portugal,45,85,47,59,ea****@hatena.ne.jp,54ce55ca67163c08f4f65facb722831e8cd750f7d4bc3d78b5c1bf607955360e,59.0,True
107,Irvin,Dibsdale,23,idibsdale2y@netvibes.com,Philippines,24,38,31,31,id****@netvibes.com,b680d45b52d54f1969afed7fa5fab807fe49545f03ad77a5364125e34e2d4dac,31.0,True
108,Boniface,Storror,19,bstorror2z@xing.com,Brazil,37,40,50,42,bs****@xing.com,093f6b3e791575df1cf59858720ac8c7094f9b834ead660e4b1bd8c6d61cb272,42.0,True
109,Veda,Street,25,vstreet30@un.org,China,92,45,61,66,vs****@un.org,f4a10c1dc1673d31bcd1172f1fc6df95c153aa3a88ab0846c3534f7f0ca54b5b,66.0,True
110,Harley,Rigts,24,hrigts31@soup.io,Poland,55,43,72,56,hr****@soup.io,dc1af4fddd5056908b4b60f08e2b661f5633c66468ef690be9f6de9c260e72ac,57.0,False
111,Bobbie,Perryn,23,bperryn32@tiny.cc,Indonesia,47,33,7,29,bp****@tiny.cc,fc24e0b51ffdc390218e1fbf049adfb5cae456d82b76cb39c7f1e37c9dd72618,29.0,True
112,Estel,McDuffie,22,emcduffie33@kickstarter.com,Portugal,16,26,42,28,em****@kickstarter.com,1e3f0d3e8a587567d561719cac6f38b38f1068b03912873fc5460c1e84bc7bfb,28.0,True
113,Candis,Eisold,22,ceisold34@rediff.com,Russia,48,79,11,46,ce****@rediff.com,9f933a36b1c879681a42c368a11e2a8e16cc5b9b1c315f6a80999e315aec2638,46.0,True
114,Donn,Armfirld,20,darmfirld35@linkedin.com,Sweden,72,76,41,63,da****@linkedin.com,47563f0527ceb82d81e655488220e0ae2d035826dcfb44094d90a39027aeec1e,63.0,True
115,Donny,Jansens,19,djansens36@who.int,Philippines,59,70,80,69,dj****@who.int,952dfb126c326c606da9d62d4ebf6c3a43199725a39ac240209473c11054014c,70.0,False
116,Midge,Okenden,24,mokenden37@slashdot.org,Kazakhstan,4,73,19,32,mo****@slashdot.org,f9bbac8ae7f64f6c6d84a0ffcc5dd1b438de57fc02d6b61dcf200b91d9ad7061,32.0,True
117,Lydia,Mariotte,21,lmariotte38@amazon.de,Indonesia,57,74,92,74,lm****@amazon.de,2e04a6836c1ba194a19767f697b1e9ef6f33173fea125d1fb175ec1c5527072e,74.0,True
118,Garald,Baggiani,22,gbaggiani39@ustream.tv,Iran,20,16,1,12,gb****@ustream.tv,1ab776fb503b4aad8d41711189600f22526fdedf0443ce218f35faefeb87d183,12.0,True
119,Iseabal,Dumphreys,24,idumphreys3a@sbwire.com,China,73,42,28,47,id****@sbwire.com,864c1928ed50ff3a8880f88ae89fa131ce4a14cf91e9c71761500b3af15b11a3,48.0,False
120,Binni,Jannasch,21,bjannasch3b@google.com.hk,Sweden,26,40,19,28,bj****@google.com.hk,9b7cb20b94212089bc080ad99a85bb195cfcbc39d05582625ec7857d141bd871,28.0,True
121,Archibold,Scowcraft,19,ascowcraft3c@yolasite.com,Philippines,17,95,71,61,as****@yolasite.com,741d2c64bad05292530c1a8bde22475e0a028fd06db5bc1c7f19af509c00cff0,61.0,True
122,Catharina,Ravel,20,cravel3d@soup.io,Ukraine,79,67,63,69,cr****@soup.io,55febb99490eaad1d08348d2c1c4f59d4fe816f9f41af141fe0d610587496ae6,70.0,False
123,Averill,Rainton,18,arainton3e@go.com,Brazil,65,90,72,75,ar****@go.com,4c28ae4646870aa8fa9deed44b7d4ee568e7da3efc6bc426107fd2b41c258036,76.0,False
124,Dawn,Maddyson,21,dmaddyson3f@harvard.edu,Mali,35,70,0,35,dm****@harvard.edu,98e69cde6bcd8e06f270d0ff5e4cedfa4bd9d4182344b45bcd8eb7b9de4ea357,35.0,True
125,Suzie,Hullyer,20,shullyer3g@g.co,Czech Republic,22,4,60,28,sh****@g.co,0cd9e3c7f2a6025c8859325a8e17d6a3de1ddb3d29b7c3cda8f91cae28283f3d,29.0,False
126,Rey,Gammon,20,rgammon3h@discovery.com,Russia,94,2,78,58,rg****@discovery.com,95d63440e110810e171d80e18d6b7a86dce54c71e72d714049689407c31e7646,58.0,True
127,Kristian,Leinweber,20,kleinweber3i@ifeng.com,Poland,35,69,12,38,kl****@ifeng.com,b24d88fb9c150ad6f695f6df0305bd6814a234ed1e8bc76ed24b5725bd1a411e,39.0,False
128,Sharity,Neachell,25,sneachell3j@nps.gov,Vietnam,16,31,25,24,sn****@nps.gov,9d02e39543a3bd3aa6ee8144382741c393016119eb814cdf4da8ed4e25d2905f,24.0,True
129,Lexis,Pittson,19,lpittson3k@deviantart.com,Peru,9,7,48,21,lp****@deviantart.com,ffda3e2b8aab700bbbc18cad2955a9b8ad329fae24aa908f6285c0144257443f,21.0,True
130,Friedrick,Pember,24,fpember3l@uol.com.br,Latvia,55,52,87,64,fp****@uol.com.br,31d260a383203f0e3c7f651b01f525c1451f294f22d035336112311c41071ba7,65.0,False
131,Jourdain,Whitmell,18,jwhitmell3m@java.com,Portugal,63,14,99,58,jw****@java.com,1a4c05bca93abf76c3cb03f77f79a7597510b70abcabed32971de35ebda92769,59.0,False
132,Drusie,Baughn,21,dbaughn3n@diigo.com,Japan,8,60,42,36,db****@diigo.com,9ff8fa367df9ecf3633aca3bf65b3475ab45ee5168a67111de72a0c9f592c07d,37.0,False
133,Dukey,Greenrod,20,dgreenrod3o@printfriendly.com,China,64,28,97,63,dg****@printfriendly.com,ce542db50bcb0846c77facba63db9de0415bfc5898da1b05dcefa1811b9028f2,63.0,True
134,Risa,Stent,23,rstent3p@fc2.com,France,42,92,11,48,rs****@fc2.com,6230f3fafc2bf91d39ecca07c924826b00bd806cd2a0b347f35ffb07519a7684,48.0,True
135,Kessia,Larimer,25,klarimer3q@histats.com,Portugal,86,44,20,50,kl****@histats.com,25614d0b1609c5608d23b689e52ec4ac34fb861e98e2a16a9836ecc08f52c9a9,50.0,True
136,Janis,Hindrich,18,jhindrich3r@domainmarket.com,Finland,37,86,53,58,jh****@domainmarket.com,607bae750a6ac6aa6d3d83b81dc2dbefb26634d6a8290374d4d78cc981e0de0b,59.0,False
137,Cherish,Speeding,21,cspeeding3s@bloomberg.com,Brazil,61,3,35,33,cs****@bloomberg.com,21be89fba6639427277d00900c50038fc79e3db40492ee8645ee7c51b745c318,33.0,True
138,Bertie,Fishe,25,bfishe3t@devhub.com,Colombia,67,94,70,77,bf****@devhub.com,a82ff3da3bc58f6d92a7284b62f16d498db52f0127b80bd7437e8bdada194f22,77.0,True
139,Lorenza,Herculson,19,lherculson3u@shareasale.com,South Africa,60,67,79,68,lh****@shareasale.com,044308f020f693f526f108fdc2c02f50506da46f33469d42c667e42f3dd41eb9,69.0,False
140,Garland,Dearell,25,gdearell3v@live.com,Portugal,17,78,69,54,gd****@live.com,2c8c027cd30d52d5e5ed4ab81cb2015ab8fd901c0f0e87f334571f05106e0e3f,55.0,False
141,Stavro,Waltering,24,swaltering3w@so-net.ne.jp,United States,15,78,70,54,sw****@so-net.ne.jp,d7b27c56a907708f0e36b251d196167f3b222eb18b4bf885dc6ecf1ed78348f8,54.0,True
142,Stephie,Simm,19,ssimm3x@51.la,Sweden,17,49,27,31,ss****@51.la,aeab84548b460227f2c66a0a812dec041d7ece5501816d720b6d529c2b505d91,31.0,True
143,Silva,O'Kenny,25,sokenny3y@wp.com,Indonesia,3,73,20,32,so****@wp.com,2db8ebae7b5880158c44a65b19cf8dfec5491be871bb3a7e954ec99d172184f5,32.0,True
144,Sherlocke,Fairfull,20,sfairfull3z@clickbank.net,Canada,18,35,100,51,sf****@clickbank.net,9e110f4203282aebcd7bde7b3046e8adc5cdc48751fe55e08063e01c6b437251,51.0,True
145,Norene,Gosnall,25,ngosnall40@trellian.com,Luxembourg,7,30,94,43,ng****@trellian.com,f87984d6292008dad702cdefe865681e33d3b53e089e698815b9399c901e4524,44.0,False
146,Bendite,Dimnage,20,bdimnage41@imdb.com,Russia,65,28,36,43,bd****@imdb.com,97f8726bc08e4a9cadffdf5c801525161bf923e50154f8c4d16fe755c1f83e84,43.0,True
147,Mike,Arson,20,marson42@nhs.uk,Brazil,40,2,91,44,ma****@nhs.uk,372a80eb8ebfad0250dd917496c0c48b9e857fa9a89e6f74f633d74af7a00fb6,44.0,True
148,Alida,Ducker,19,aducker43@nydailynews.com,Russia,49,41,36,42,ad****@nydailynews.com,856c0d83d86ce6b418e665e4df9ae38663b0b542e50b5effa6997d6b1a520c11,42.0,True
149,Claudie,Rushbrooke,24,crushbrooke44@msu.edu,China,50,5,99,51,cr****@msu.edu,cc0b90a002d8d45290c7d9ad428e15aa5d1df7605ae7339cf4d00792aad43e8c,51.0,True
150,Arabel,Meekings,23,ameekings45@soup.io,Ukraine,19,84,55,52,am****@soup.io,044a7c5a3ea5d1a22c63167654ecd0d116ede721e6e50fd830cdfdd04d1e0455,53.0,False
151,Michelle,Tallant,20,mtallant46@cpanel.net,Philippines,99,96,77,90,mt****@cpanel.net,b14876b4f35be2dfb4c55fa6d0c6cc56ca5a53bca54d6dcacdd11b062365bb28,91.0,False
152,Shep,Grealy,21,sgrealy47@deliciousdays.com,China,94,26,68,62,sg****@deliciousdays.com,ff4675a742be009435415a05c711692217875ee095e35627aafd725917176011,63.0,False
153,Harriott,MacGillivrie,24,hmacgillivrie48@hao123.com,Russia,66,1,80,49,hm****@hao123.com,e719dd6990172715403323b683b14e90a6a14fc2cb48bc00d01fe2b10341c7cf,49.0,True
154,Winonah,Heal,20,wheal49@chron.com,Mexico,61,14,98,57,wh****@chron.com,7d76813d090afd335f5e20d088a23b6fc410963e4b5d2a925035c67687c2a703,58.0,False
155,Gray,Woolveridge,25,gwoolveridge4a@newsvine.com,Philippines,78,94,34,68,gw****@newsvine.com,e4769a2a27c2cc9aeee52ae959694b8eeb206707eb15d9f9ee253d68f25ec33f,69.0,False
156,Jobie,de Guerre,22,jdeguerre4b@github.com,China,26,1,9,12,jd****@github.com,b06ba1d999add8c14848abdf84b2b8366889c588b5bf6b72263093f0792c2e85,12.0,True
157,Augustine,Roberds,22,aroberds4c@archive.org,Poland,20,95,77,64,ar****@archive.org,16fb95a8275ca05b880c69d9c181042e9dd78afcbe62406b2d2204a57dca6ed9,64.0,True
158,Daile,Stork,21,dstork4d@goo.gl,Peru,94,32,85,70,ds****@goo.gl,467749312163c9318b413b7c40dbd5007ead10d66d130dfc2c4a35e8491c5cef,70.0,True
159,Guillermo,Laurance,21,glaurance4e@ovh.net,Albania,13,5,48,22,gl****@ovh.net,cbaeb19895901023adab77b5e59385beb5a24aef0f3f06838236819ca36021a6,22.0,True
160,Ceciley,Egle,19,cegle4f@slate.com,Peru,5,88,47,46,ce****@slate.com,10625e23d0145895508477c0ff469354bd402094ae612c3161da59aaf08d2944,47.0,False
161,Anselm,Pakeman,18,apakeman4g@mail.ru,China,6,40,56,34,ap****@mail.ru,0cdefd20bd903cd9fc5302eeaa18035b4401c326d37f5928b107d9cd5adf1481,34.0,True
162,Kennett,Shovell,23,kshovell4h@phpbb.com,Indonesia,31,54,83,56,ks****@phpbb.com,683bf5dc9d04c3f599639870605cbfe019bdf17f213dbfee36c47426cf2d1925,56.0,True
163,Kermie,Mabon,24,kmabon4i@unblog.fr,China,50,43,93,62,km****@unblog.fr,7fdc71a8cef4a400b8a401d08af215b5f3ea6a8759ea0e40bd5cf0da8d1aa5a2,62.0,True
164,Sebastien,Gaylord,23,sgaylord4j@squarespace.com,Reunion,78,41,10,43,sg****@squarespace.com,02f357be2501b94b9bcbab53f75f6fd4aa0ceae309dab9497da2999aa1524450,43.0,True
165,Laird,Lumby,25,llumby4k@sfgate.com,Guatemala,91,33,83,69,ll****@sfgate.com,ad5683d9c8a50c7254958ce9cf96f0536a4f7e1bacd50cc4d5cbc63e06cc611b,69.0,True
166,Giustina,Tagg,23,gtagg4l@sina.com.cn,Portugal,34,13,38,28,gt****@sina.com.cn,713df5520e43fc29319d40d3e4864861f9631e24d5e80c0e1f097622cde1f2d6,28.0,True
167,Horatius,Oscroft,25,hoscroft4m@ycombinator.com,China,88,89,14,63,ho****@ycombinator.com,9d9e33f7954b0fa3813586a21e8f8dc0a9aed7a7f101e309679b592fe8ce906e,64.0,False
168,Belvia,Baraja,25,bbaraja4n@unblog.fr,Indonesia,54,56,0,36,bb****@unblog.fr,67b42858761b44a036c72b96d0f016ae536309c186d560ead2fe17d55ef5c0bd,37.0,False
169,Poul,Farraway,21,pfarraway4o@sciencedaily.com,Czech Republic,83,41,76,66,pf****@sciencedaily.com,1cda5e628affc3e92826819c718cc3e4ad78d3b990b027e60271aebfcadb6638,67.0,False
170,Montgomery,Whisby,25,mwhisby4p@ifeng.com,Brazil,73,41,65,59,mw****@ifeng.com,eb0896d2830417a0b43c933ad4f7080b65d74a3a4c05929ab93cbf786f3025a3,60.0,False
171,Woody,Croker,24,wcroker4q@rakuten.co.jp,Argentina,19,2,90,37,wc****@rakuten.co.jp,6a6198f2c5703532b28310469bb819af2e29434424c15768e37094ab16bee8a6,37.0,True
172,Cassie,Dawber,23,cdawber4r@timesonline.co.uk,Poland,8,43,47,32,cd****@timesonline.co.uk,1771daf08e4d3aa6e638ec75026ceda96b5b450f769079ef166bfe115aa4636e,33.0,False
173,Claresta,Casterton,24,ccasterton4s@sciencedirect.com,Panama,30,48,40,39,cc****@sciencedirect.com,c3b2e071ce4cf0accee3054be38527661b993de206fde3829afe535b9e634006,39.0,True
174,Velvet,Barlass,19,vbarlass4t@marriott.com,China,24,25,20,23,vb****@marriott.com,05111168ea1ccc468e8d9386410b2b2d9973e65ae2a196c2748c6db52df911bb,23.0,True
175,Moyra,Foulkes,24,mfoulkes4u@wunderground.com,Iraq,55,45,14,38,mf****@wunderground.com,cc182033c67463eb888015f3bfa046158362d1dea6e5276886e77d2d2d1cedaf,38.0,True
176,Roxi,Milham,23,rmilham4v@ox.ac.uk,Portugal,68,28,20,38,rm****@ox.ac.uk,d9abdb0b61fff54386f3151ab5a421120465d8fbc70d2f15a4520c538258229d,39.0,False
177,Nady,Oats,18,noats4w@wired.com,Poland,15,30,81,42,no****@wired.com,40f52ae30a6c1baa4ea55c4b44a041e149e11a5d784b0438ff551e2b40e3d8fd,42.0,True
178,Carline,Timbrell,25,ctimbrell4x@parallels.com,Indonesia,77,69,96,80,ct****@parallels.com,94dac50c8ea109a24552b5ab619e651f4efac118a17d518cf40521bf43b523a3,81.0,False
179,Burke,Aire,21,baire4y@businessweek.com,Brazil,31,31,14,25,ba****@businessweek.com,417c3d1749eab0d00ac94e33b6cb58d0c5dabf4d6dc25d93c0eb2874642ff1c8,25.0,True
180,Fanchon,Leonarde,24,fleonarde4z@123-reg.co.uk,China,56,75,24,51,fl****@123-reg.co.uk,a64997a016171b33098a3ea2ce8a5b655680659e9b63178bf47cab467628d355,52.0,False
181,Spense,Offer,25,soffer50@army.mil,Indonesia,89,35,33,52,so****@army.mil,4e973ac5b9f401f2ee225a4a86cb414680f69f4d701bd2dc1922abb09d4f6071,52.0,True
182,Vaclav,Danat,19,vdanat51@senate.gov,Sri Lanka,44,64,79,62,vd****@senate.gov,71d7b69b11b7f6b1b2cb66454bf125449b78aae5406434e629ff71a73c210626,62.0,True
183,Terence,Rooson,20,trooson52@businessinsider.com,Vietnam,86,91,99,92,tr****@businessinsider.com,9edd47c0dd8e86fa6528d7c9ed7223c664f65c6c049d0fbd5392ba302ba93b5d,92.0,True
184,Gayel,Bilney,21,gbilney53@foxnews.com,United States,6,35,16,19,gb****@foxnews.com,ba68013535fc08d3c2ef8d57bf679fd5c7632e567f90ce8aa14c68721bd2533c,19.0,True
185,Amandie,Pittson,19,apittson54@zdnet.com,Peru,41,87,14,47,ap****@zdnet.com,8945bae5af08a313c979a9faeb4e13c09fdf04a4ca31c0d6e8f3897bdad63605,47.0,True
186,Sher,Copestake,20,scopestake55@live.com,Nigeria,30,22,7,19,sc****@live.com,bca5233ba2f4d8514a63c8a7ddeb9794c0229071c95ef9d5e54aba31928883d0,20.0,False
187,Loreen,Flux,20,lflux56@marketwatch.com,China,82,75,72,76,lf****@marketwatch.com,a8899cef87cdf583515b28430904892af5c074e27cd6dc4f7c02c0402e678b3a,76.0,True
188,Harwilll,MattiCCI,19,hmatticci57@parallels.com,Japan,98,87,26,70,hm****@parallels.com,673f273b40eb0b75db3bc85c0eba3b28c38d4ddb1379fc62f57044dbdc2c5e23,70.0,True
189,Berthe,Rasell,22,brasell58@tinyurl.com,China,65,44,66,58,br****@tinyurl.com,509eb1254e493e81390a39de3301401b354971e7e0efaf60b6ff4d2873bab93f,58.0,True
190,Lauritz,Proby,21,lproby59@google.ru,Togo,5,51,24,26,lp****@google.ru,e726227e969bec2d63349ab81eed9c0299887650b081837ce077e5218c450bad,27.0,False
191,Isidro,Sprigg,19,isprigg5a@tripod.com,France,39,51,41,43,is****@tripod.com,c0d5aed12664d2e4acbfedd38ffbe81e6724ba2ca7edaa33a760c320d73279fe,44.0,False
192,Normie,Petegree,21,npetegree5b@engadget.com,Brazil,82,37,14,44,np****@engadget.com,e813af46e80b7943ac52c39188f13ee4018c19391f5bcf5bf22d8b38d7082403,44.0,True
193,Poppy,Cornell,23,pcornell5c@foxnews.com,Israel,23,54,75,50,pc****@foxnews.com,6b0ab6fefe08d32cb0ffc7d97a143ae0d855f13195ed4af58d7c4071f4e8b2a7,51.0,False
194,Mendel,Stolz,24,mstolz5d@smh.com.au,South Africa,37,39,36,37,ms****@smh.com.au,c3bb38f7ff08b042c7ac9d8c0a7b49ccc22d2ae39575736db65aa1f1332c9a8c,37.0,True
195,Abbe,Craig,21,acraig5e@goo.gl,Croatia,27,52,96,58,ac****@goo.gl,9672ff784af4f8e0a071d10708236a14156ed30cfaf54635a70caa2acf732cc8,58.0,True
196,Foster,Dunrige,18,fdunrige5f@telegraph.co.uk,Belarus,35,28,21,28,fd****@telegraph.co.uk,98b47dad403f9bc43f5953794ddb5f9139bad3d97f2b93d79c8991875a227595,28.0,True
197,Fredericka,Quarles,19,fquarles5g@dmoz.org,Poland,2,88,70,53,fq****@dmoz.org,50d5c32a039c5419e330d8816dcb11c0c6da21d3dc984d22d228137eee2e4ad4,53.0,True
198,Tanya,Guyer,18,tguyer5h@oakley.com,Poland,45,24,45,38,tg****@oakley.com,462c7e1e035ce3678baea5fc15950546eacc8e0dc4593d1b979c45a601441bfb,38.0,True
199,Amata,Funnell,21,afunnell5i@posterous.com,Indonesia,82,2,80,54,af****@posterous.com,9e5ede472912ea8cf588c19793b3e89ccae36ada397e0324a8701040a4fee716,55.0,False
200,Hillery,Nowlan,23,hnowlan5j@altervista.org,Argentina,22,83,60,55,hn****@altervista.org,45c86bca58f6e7011bcbc5f29cbdddc7a88c42a1b7b97b71b8b3ff25bf6be91c,55.0,True
201,Dannel,Sallery,18,dsallery5k@wordpress.org,Indonesia,17,2,21,13,ds****@wordpress.org,4dcc324b63108c01fddcd8fc9fd8a530a04dbcd6bb6df21eeba1109950d592f0,13.0,True
202,Tarrah,Jerzycowski,23,tjerzycowski5l@nydailynews.com,Chad,66,26,61,51,tj****@nydailynews.com,5f7b7547d9182754a040475344db56b99182dc2eff5acdaa0333d749139566a6,51.0,True
203,Quinn,Mellon,25,qmellon5m@issuu.com,China,56,4,8,22,qm****@issuu.com,d9f5652c56b8e315ced7ec65a1e78a88f31bc29ccca3ef9768140755234ad160,23.0,False
204,Conny,Ducker,19,cducker5n@state.tx.us,Ireland,95,21,29,48,cd****@state.tx.us,330bf36284439404b278f0aa570c2b09becbcb8c07859df7a0a9271c57f392bd,48.0,True
205,Yovonnda,Gillebride,18,ygillebride5o@microsoft.com,China,62,51,97,70,yg****@microsoft.com,21c2024b09844b9a9a147737c454027d7167a6d6cea6c9a5e5e283d088e69ff5,70.0,True
206,Ina,Liles,23,ililes5p@1und1.de,Swaziland,17,21,75,37,il****@1und1.de,dae3bbe31d9af636e91d7d817b9b1da267a1c3946243584118f377e9b5c9fcdc,38.0,False
207,Brandon,Arden,25,barden5q@berkeley.edu,Iran,24,94,96,71,ba****@berkeley.edu,49ec3c3898f758d4e1712e9af84f6ff4e362c1278da4917df1b95f9f931ac506,71.0,True
208,Guthry,Twinterman,25,gtwinterman5r@gravatar.com,Niger,74,6,44,41,gt****@gravatar.com,fbd15ee1db46f27c32e9d25e6ba4124bc002d52a743c6f44abefb3e244c83ac3,41.0,True
209,Alaric,Wasling,25,awasling5s@diigo.com,Portugal,34,31,17,27,aw****@diigo.com,69780c3bed5bdd3937f35c6a963a6ff2538cec8545e4e2bf66c0d5c5d78189f1,27.0,True
210,Gerardo,Laugherane,23,glaugherane5t@moonfruit.com,Brazil,8,14,44,22,gl****@moonfruit.com,366156c0cef6a48bdb47c3462b5185bf6bcbdb02c1a84d35714aaa6d01c0302a,22.0,True
211,Editha,Abercrombie,25,eabercrombie5u@woothemes.com,Indonesia,73,34,7,38,ea****@woothemes.com,008c2a09cef761eead21cf964ed6ae1e7631ca5b17d1a510bfa0eabbbdda68ef,38.0,True
212,Jerrie,Queyeiro,19,jqueyeiro5v@aol.com,Indonesia,23,70,19,37,jq****@aol.com,bcf4600ce7b426dca75152e92bd3bcf5c2bd2dabac61d9da5b5c67faae545d9f,37.0,True
213,Toiboid,Menary,20,tmenary5w@paginegialle.it,Russia,50,91,69,70,tm****@paginegialle.it,0845f31c1588427c5b6a409f51a759c0dd3e6120c589027f49575a9e0f1868cd,70.0,True
214,Therese,Aloshechkin,19,taloshechkin5x@myspace.com,Ukraine,6,92,61,53,ta****@myspace.com,834816eeb690f5d62537bdf238ab20079a5edf8accfaec21bbd7950720933019,53.0,True
215,Sanson,Bilbrooke,22,sbilbrooke5y@icq.com,China,73,33,52,52,sb****@icq.com,e3a9528234c47913274aecd52680c1938a9bc8ecd4658936be301d0992e4bd40,53.0,False
216,Isobel,Shadrack,20,ishadrack5z@google.co.uk,Brazil,72,15,21,36,is****@google.co.uk,e6230eabdde67afa936fa11c3e3b7c48b61b7e98a5ebf5a484ed219711eedecd,36.0,True
217,Cassandry,Lauridsen,19,clauridsen60@i2i.jp,Indonesia,17,12,66,31,cl****@i2i.jp,49f4b51f6113d3ee7224d65a00b88c93481d35e5a354f61f72b073ad3dfc878c,32.0,False
218,Ed,Doree,24,edoree61@theatlantic.com,Poland,29,23,20,24,ed****@theatlantic.com,a7916758ee45249477d71cc14dbd1852d88f57faa9cec27d297956d4829cf809,24.0,True
219,Farrah,Fryman,23,ffryman62@utexas.edu,Canada,47,73,82,67,ff****@utexas.edu,77e4acb8addfeebd6a5f26ec32a59f949ea10c1c93bc9844339b2807a934e2b4,67.0,True
220,Mattie,Kitney,24,mkitney63@examiner.com,China,51,84,64,66,mk****@examiner.com,b1eaaaa03fabd4222b5b45ee6ef9978a5584474673f3f0b5cc0e912eed5cfc5d,66.0,True
221,Joete,Ousbie,19,jousbie64@hubpages.com,Poland,41,32,29,34,jo****@hubpages.com,c9779b5de1d7b0c46bae0a047f845c0d9d2681ec3d07a19ecce7801c624f961a,34.0,True
222,Tobe,Baxstair,20,tbaxstair65@cnbc.com,China,98,61,46,68,tb****@cnbc.com,4035bc6ade2d1d383225b465db3909971d70b6d350fd473600ca37038e9e7522,68.0,True
223,Winthrop,Simukov,20,wsimukov66@soundcloud.com,Russia,47,38,100,61,ws****@soundcloud.com,7b98cd663e97270f9d9b59f7f6359bed9b3f0ac89e661eb7991533b9ff60d100,62.0,False
224,Dulsea,Blay,22,dblay67@noaa.gov,Poland,17,6,6,9,db****@noaa.gov,58f07cf4c2f1a2034c37fa4daf48454ee623f2e0c4cce6eaea5571e4233caf67,10.0,False
225,Nickie,Smyth,22,nsmyth68@mapy.cz,China,93,56,78,75,ns****@mapy.cz,fdd38c80752572697e686e45435c9dcca7bab4d521725b95cf20f3ea71dad351,76.0,False
226,Broddy,Udell,21,budell69@google.ru,China,47,48,93,62,bu****@google.ru,9c779b8b202d2623752ab0793a610eb733582d3f1db31662a63cd9078d5ee692,63.0,False
227,Kelsy,Davidavidovics,18,kdavidavidovics6a@google.pl,Indonesia,65,52,72,63,kd****@google.pl,4db50e6ca783d0079b37eff5f30d7130058702135c7536a470c3b7fb8ecf9261,63.0,True
228,Harris,Foggarty,22,hfoggarty6b@infoseek.co.jp,Russia,65,10,10,28,hf****@infoseek.co.jp,c0e10b2a8a307894b7977577b539bc7ffee5c1ee80bfcec64c141da34865491a,28.0,True
229,Benedikt,Hateley,21,bhateley6c@guardian.co.uk,Sweden,56,38,94,62,bh****@guardian.co.uk,e143f1af89b173d917870c7164ce6947043ba52f8d0f9bbb63b56d0343706e48,63.0,False
230,Antons,McCleod,19,amccleod6d@utexas.edu,China,80,32,85,65,am****@utexas.edu,2948273435b321a3c6a4ebd87faaba2dd21a4b517c612747cb58112494608014,66.0,False
231,Bernetta,Sexti,20,bsexti6e@domainmarket.com,France,20,31,66,39,bs****@domainmarket.com,7e5a663d5930b0f819e33141c907d183aeeffadbc057d1c6ccf0ee6e4ff2e3e0,39.0,True
232,Gaylord,Crumley,25,gcrumley6f@upenn.edu,Peru,99,88,84,90,gc****@upenn.edu,26e925c4f77073999fbb5572c1c3e82c1382eeade15dc01a2127d480a3dde74b,90.0,True
233,Vassily,Levee,24,vlevee6g@weebly.com,Sweden,25,24,9,19,vl****@weebly.com,3148a7190df8709a7b3072fd9d0bf6ac518ec8f8f5769029939d786acc6c0448,19.0,True
234,Kristina,Twells,21,ktwells6h@google.com.hk,Argentina,60,74,60,64,kt****@google.com.hk,098fae6e3e50bd4c7e447b25873ebb030f810496258541a7303ccb6219fb6606,65.0,False
235,Heda,Johnsee,19,hjohnsee6i@state.gov,China,54,48,22,41,hj****@state.gov,a03af9e4f670b2f120bd3651d9b78e91923be3b66e0127299f99eee3bddb2a12,41.0,True
236,Mikel,Tearny,24,mtearny6j@auda.org.au,Russia,65,33,31,43,mt****@auda.org.au,0956469d2c590e812f4eee3d815a3e0d34bf8d79905ed98abde3147ee5bd4578,43.0,True
237,Hermia,Scimoni,18,hscimoni6k@imageshack.us,China,51,13,86,50,hs****@imageshack.us,072e1f88cd3135f5adf7809beb16cf8424d3ca73cdec41d590bb8e4aab741fa5,50.0,True
238,Auberon,Rogeron,20,arogeron6l@apple.com,China,24,88,61,57,ar****@apple.com,36e8a678eda408237319b8a8666bb67ff7a7efaa67109a7efb7d199c9a5a8741,58.0,False
239,Wolf,Maffulli,21,wmaffulli6m@51.la,Portugal,32,92,10,44,wm****@51.la,2fe2946ecce601e18e9b8a840e20d42defba516a1110ffa4c1b8793fef9a4be4,45.0,False
240,Kendricks,Aldwich,24,kaldwich6n@moonfruit.com,Czech Republic,57,13,37,35,ka****@moonfruit.com,e7e79d4b953a74d65cabdc68353c71b1c41fdc54bb7d564c83dd72f3bcc7e3db,36.0,False
241,Vicki,Davidovics,19,vdavidovics6o@amazon.com,China,32,57,92,60,vd****@amazon.com,fb441c34ed1fb23f759e75c0b239493b521bfb0f8995414a80ebb115a0f463b9,60.0,True
242,Chilton,Caff,20,ccaff6p@parallels.com,Brazil,9,1,47,19,cc****@parallels.com,24cab0b1e4245cd2715a61d9082e32d01dcbab6006ede72d3d24cd53b702739a,19.0,True
243,Addy,Bolam,20,abolam6q@cyberchimps.com,China,8,20,53,27,ab****@cyberchimps.com,16a7221e2510ff47c3a186abaa1d06fdac6d9379b5c56e3aef55951eb7181e65,27.0,True
244,Allegra,Doeg,23,adoeg6r@cyberchimps.com,Luxembourg,42,83,8,44,ad****@cyberchimps.com,2b1c285fc7a804ef944cd326abf2ab76ac62fb18b31976031f3859feed072406,44.0,True
245,Sigismund,Showte,25,sshowte6s@about.me,Sweden,10,78,68,52,ss****@about.me,b4adcfdf969f45ab74525ffa81fe0eaeaf73fcc73c0193c3fe5b325a24066e52,52.0,True
246,Lancelot,Northedge,18,lnorthedge6t@nymag.com,China,73,88,61,74,ln****@nymag.com,41f646db0c0a112dd2d076093694d8a75667d24a070ac55af6f32f7b8c052cca,74.0,True
247,Angelia,Probin,21,aprobin6u@virginia.edu,Mauritius,34,10,91,45,ap****@virginia.edu,0fafb30400363edde5c518ecbc10c0d73b83139e74c74d0aed93fd883aadc943,45.0,True
248,Lamont,Pettegre,18,lpettegre6v@comcast.net,Philippines,59,86,98,81,lp****@comcast.net,b296081aac3e811aaa1d841eaff9ccc48d98a10d9d562ef1be3d1f777bc39738,81.0,True
249,Gerrie,McInteer,21,gmcinteer6w@springer.com,Brazil,68,32,5,35,gm****@springer.com,11a939705302b9f384f2756e61feb81e9b8936cc9660b1eadac2e248f0a1e78e,35.0,True
250,Carmita,Ewestace,22,cewestace6x@etsy.com,South Korea,30,60,68,52,ce****@etsy.com,f82d90d2d62a64908577b4f5083849d02cfba4e57f3755fa97850723f98e6f33,53.0,False
251,Arv,Sallier,24,asallier6y@cargocollective.com,Philippines,8,97,30,45,as****@cargocollective.com,7aff4d766f9c87de3702068e716cb12a4c5ea039f63ed6a0849c17b355e05022,45.0,True
252,Gwenneth,Poytress,24,gpoytress6z@sourceforge.net,Czech Republic,90,54,99,81,gp****@sourceforge.net,6e7df6dcec1d5af5d734d6091bbab81afa39ece40a1f20b1537a49321d164616,81.0,True
253,Tammie,Ferroni,22,tferroni70@miibeian.gov.cn,Sweden,60,23,29,37,tf****@miibeian.gov.cn,aac75a6eeffdb0b2e64c79d02469dccd1e0131df93020d6ab762bb4a40b07365,37.0,True
254,Blake,Minci,22,bminci71@senate.gov,China,64,95,71,76,bm****@senate.gov,99255a0155e0291b4592df00ea6ad73f52e6b8447b0a4a8d513a2440fb698526,77.0,False
255,Oralia,Hankinson,19,ohankinson72@example.com,Indonesia,91,24,62,59,oh****@example.com,1797efa849f328527aaa6fbf48aa528c9c7962ba8c83812344cefa0a97518734,59.0,True
256,Caryl,Cannon,19,ccannon73@skyrock.com,Portugal,2,34,71,35,cc****@skyrock.com,613923cd44e11e41f3ac89568b4fcf042e7bf56c99550aa163ca9bfa18dbc6c0,36.0,False
257,Freddy,Pilfold,20,fpilfold74@auda.org.au,Cuba,56,69,71,65,fp****@auda.org.au,0aa6a73da92ecd26eab6be75de14800bae0032484ff96f281ecc85372217aa91,65.0,True
258,Brock,Farenden,19,bfarenden75@istockphoto.com,China,83,70,95,82,bf****@istockphoto.com,2c51e384016d5ebb78f09c97f66e9656c0e81ce846da6bc0306649a433c87ec2,83.0,False
259,Yardley,Highwood,23,yhighwood76@statcounter.com,Finland,3,79,46,42,yh****@statcounter.com,69e61794416c016b5a6e01d94e509baf468ea0c4041d1f3b900dc0c653bb0583,43.0,False
260,Phylis,Cranstone,20,pcranstone77@cdc.gov,Russia,81,41,25,49,pc****@cdc.gov,5f972a4af5a76fa3764909a59ddc8e531838aecb8adde52fb600af1d7969f3a1,49.0,True
261,Merola,Jeary,18,mjeary78@google.com,Indonesia,94,13,5,37,mj****@google.com,bcab2cdb6438bf26432b741d819fcf40f9eaea31fece08d9b86c621aca9e60bf,37.0,True
262,Jude,Van der Hoeven,23,jvanderhoeven79@google.co.jp,Indonesia,78,27,88,64,jv****@google.co.jp,62bb41440ab57a26786b1f86b86f3ed628cb91356a53fd4cfc940ee838ec95a2,64.0,True
263,Hurley,Frantsev,22,hfrantsev7a@networkadvertising.org,Philippines,31,70,53,51,hf****@networkadvertising.org,b7437223416e45b0cacb8a8ad2421720e2e9c8744bd99f49878e0a65d868e8c3,51.0,True
264,Marris,Driver,23,mdriver7b@free.fr,Brazil,1,68,62,43,md****@free.fr,c31f588d7426e82ec80b1bdc4e6e6ac00bbc4c88a852c82b0221b606808c47fd,44.0,False
265,Cari,Gladman,21,cgladman7c@bigcartel.com,Portugal,77,94,61,77,cg****@bigcartel.com,7148caae8c12a03c8808d3c1ffe0fa6ec7657682d7d4cc3ad5653ce20828216e,77.0,True
266,Amalee,Sancraft,20,asancraft7d@last.fm,Azerbaijan,44,49,85,59,as****@last.fm,aa7369f228b403c47ea315f4badb3db9c3b38ccdf2f0b4bbbb6854dc67d5d753,59.0,True
267,Aprilette,Tejero,23,atejero7e@e-recht24.de,China,17,27,1,15,at****@e-recht24.de,ab5a17c43721c8f5376dd92ae884e0ced4943529e8f0e32055f5bbe3e8d52c58,15.0,True
268,Winonah,Simao,21,wsimao7f@nhs.uk,China,21,52,26,33,ws****@nhs.uk,ce5ec6c7e0a9893503af6fd52e703651f6f6a9c90518cc3f7ed74b9047b917c6,33.0,True
269,Justinian,Hearons,20,jhearons7g@etsy.com,China,93,23,75,63,jh****@etsy.com,e3d5fda5afc34342b187292775cab8371e2bce53ca443703e848abc99512cc7a,64.0,False
270,Stacee,Standell,20,sstandell7h@xrea.com,Indonesia,16,85,84,61,ss****@xrea.com,e1c8032e69778ee69de4673c8ec1fbd11d385a0d3ee49709f9fbce0fa6a8e46a,62.0,False
271,Chet,Worlock,25,cworlock7i@japanpost.jp,Indonesia,18,65,62,48,cw****@japanpost.jp,2fc72d3002fe896f029aeb11840ed81feb22bbd0ba6c2042037a2c2bfdd2bc97,48.0,True
272,Karlan,Layborn,23,klayborn7j@deviantart.com,Afghanistan,37,98,18,51,kl****@deviantart.com,820cc10de45e3563a572c1fa89963b9f2997567575d1bd4fa2e790b7074a0522,51.0,True
273,Roselle,Filipson,21,rfilipson7k@rambler.ru,Philippines,67,41,55,54,rf****@rambler.ru,75d0a8349930444f30697d6a5e1a9fa617dc64336d5ba34a2a5659bd2f178fe8,54.0,True
274,Konrad,Powderham,21,kpowderham7l@themeforest.net,Estonia,70,25,85,60,kp****@themeforest.net,1628461a099b819a8fea3792de974aef88b0eace080bd98ee56c17aebd6af10e,60.0,True
275,Angy,Lashbrook,20,alashbrook7m@google.fr,United States,35,69,66,56,al****@google.fr,348fbd9da2add2d72030519378afd8c856dee1136d8f0940ef2672a8b2d2a90b,57.0,False
276,Jerad,Peatt,22,jpeatt7n@census.gov,Philippines,82,18,51,50,jp****@census.gov,4b87d03dd483be9048d221adc57c515f3c2a86ac706be85c0acf4aeb88a1b398,50.0,True
277,Hally,Loveman,18,hloveman7o@arizona.edu,Taiwan,32,71,52,51,hl****@arizona.edu,10b6ecd249084dee23a8f47e90007573dcccaf651ca11f9593a27add8d112804,52.0,False
278,Mickey,Bryceson,21,mbryceson7p@unc.edu,Peru,57,21,51,43,mb****@unc.edu,89dfeff44fad5b448faa9c62baaa4fe2c2ff1b3f877da02b580051744e9e573d,43.0,True
279,Arthur,Don,22,adon7q@tripadvisor.com,China,38,33,87,52,ad****@tripadvisor.com,e14292c27ab3fe77d8b8fdef9083680f1ad7563930f7ca4d425b616ec0dfdd62,53.0,False
280,Dix,Zink,18,dzink7r@japanpost.jp,Somalia,35,18,26,26,dz****@japanpost.jp,87f6658f491debc1a25bb561006309ec35448484057fa0a69c96cf78bd8d690c,26.0,True
281,Pearline,Studdert,24,pstuddert7s@g.co,Russia,53,43,33,43,ps****@g.co,c861bbeba89e49ec266a106d230bc18da44c1b5807d6d40747d44b59ffeb343d,43.0,True
282,Horacio,Trayes,20,htrayes7t@zdnet.com,United States,26,34,6,22,ht****@zdnet.com,4ef613fa46ae783260381484382023c5fcbfc36a05d2149c95064ff802b68cf3,22.0,True
283,Waneta,Ickov,20,wickov7u@fema.gov,Philippines,0,40,18,19,wi****@fema.gov,cef17608ebffcb9b0d7af1571b9326ec1cc71cee8aab61108ba2ad4e06642ac7,19.0,True
284,Margaretta,Lissemore,22,mlissemore7v@youtube.com,China,9,96,89,64,ml****@youtube.com,1d6f2d9972c404b5698ff0f488f29393ff2d068d8226f02c6790552398fe3c62,65.0,False
285,Stanislaus,Bennison,19,sbennison7w@ocn.ne.jp,Philippines,96,71,12,59,sb****@ocn.ne.jp,7aa9f2e0f64af20c6eba74b21ef5ce5422b3bdad1d7cd92756749e1e702b93c1,60.0,False
286,Lil,Crips,21,lcrips7x@vistaprint.com,Colombia,18,3,64,28,lc****@vistaprint.com,1a2cfb2e6a79cfd0aad4cbb7a2f57e940f35b7b177aa8825ef1fc8d2e535503f,28.0,True
287,Andreana,Beale,23,abeale7y@free.fr,Indonesia,72,5,35,37,ab****@free.fr,c772513ee6c87a93c181aed6103dad2ced379b5fdb62d9883335f6d148ed52b0,37.0,True
288,Grata,Garnett,23,ggarnett7z@about.me,Argentina,16,49,48,37,gg****@about.me,6aab206bbca793ff7215838facb09484dfecb8a0fd39d05955b0bcc90e31b8a3,38.0,False
289,Josephina,Grayshan,20,jgrayshan80@home.pl,Philippines,69,92,11,57,jg****@home.pl,f0824a8aa03c2430c7f7f43266963911b746a14e90babf6006b50de261cff062,57.0,True
290,Casar,Chantillon,20,cchantillon81@privacy.gov.au,Sweden,84,47,34,55,cc****@privacy.gov.au,535c60606a07bce064f7e1fcd80540bf76ae56aa702a65716ccf92f70d68d935,55.0,True
291,Lucilia,Le-Good,23,llegood82@hao123.com,Albania,0,3,95,32,ll****@hao123.com,e2b07bb88653f333b70a8385cb27e8ed8a4f2e02ccd163fd64af3b92c1cbd8db,33.0,False
292,Ardine,Benoit,22,abenoit83@wikia.com,Colombia,59,45,86,63,ab****@wikia.com,a00156aa65873229c291774494b4eea11aa74afe74395f15ec0dcc5053d14056,63.0,True
293,Marylou,Antosik,21,mantosik84@admin.ch,Ukraine,61,25,18,34,ma****@admin.ch,35be28338bcecb168e41316bc3721403ba372ed7caa2862687bbb74580c95e88,35.0,False
294,Bron,Simmank,24,bsimmank85@state.gov,Ukraine,38,37,98,57,bs****@state.gov,bb1d379bef960922332075971c258ef2198b95142f4c6d6111b96ea7ef9247b1,58.0,False
295,Timotheus,Florio,21,tflorio86@google.com.au,Brazil,53,8,27,29,tf****@google.com.au,2945e91814cdc8e0d6da289afc6a6fa6f437d644f9d94ffed3b61ee769ff98d0,29.0,True
296,Ty,Merrall,19,tmerrall87@ucoz.com,France,36,86,46,56,tm****@ucoz.com,0f355ae892d4529edbbb9bd73de277577ca726add1ec64e726f97df6386d99bb,56.0,True
297,Jobi,Philpot,19,jphilpot88@opera.com,Croatia,60,39,4,34,jp****@opera.com,e26182bae5e4cf63580e42d592f8217ea55a54811410e25039cdad7308597796,34.0,True
298,Giulio,Endon,20,gendon89@posterous.com,Poland,31,24,44,33,ge****@posterous.com,ba364dd2a2165420bb71993a6d1d2f30231a9d67fbd8cfc0d6e88936d922164d,33.0,True
299,Alma,Collopy,24,acollopy8a@smh.com.au,Indonesia,7,69,67,47,ac****@smh.com.au,8087772bdb82126c77394293b580d14b3b0ff05b85155bb34ef016ade950c79c,48.0,False
300,Doroteya,Jantet,19,djantet8b@answers.com,Israel,79,1,100,60,dj****@answers.com,0f6c3f7cc564802733570e85f18a13851dcf2d1b5dbfa50f9b5747e2d0477949,60.0,True
301,Benyamin,Troup,24,btroup8c@disqus.com,France,27,46,80,51,bt****@disqus.com,f8c8266860e1734e608766a9390f39411191ecc52abc13d220865bd9957391a5,51.0,True
302,Babara,Beldon,18,bbeldon8d@elegantthemes.com,United States,38,13,38,29,bb****@elegantthemes.com,ba09a9369c51d6213396ded7ae7a1678c6815273bee389d9a3a836686b55a713,30.0,False
303,Moyra,Wagen,23,mwagen8e@plala.or.jp,Portugal,64,14,45,41,mw****@plala.or.jp,aff2ca456f57907b518bc99c199c5e3b3b6ade4916b83cac0a60cd16d3b95e60,41.0,True
304,Gleda,Scorton,24,gscorton8f@reuters.com,Spain,98,14,88,66,gs****@reuters.com,854a1e113f684481c24f63c6815c16dddd9531fd0f3ba6d371a7be7f31b971a4,67.0,False
305,Fritz,Tupp,24,ftupp8g@etsy.com,France,82,25,97,68,ft****@etsy.com,50aa3a8499366f2849698342694a3e4ff176e258b60b95dd4bc2dbaa9c1453db,68.0,True
306,Camila,Scotter,24,cscotter8h@sitemeter.com,Japan,94,90,6,63,cs****@sitemeter.com,034cffa7b6f2f9972be370088a879d6c9df6fe767b4c4e4f34b00086e799684b,63.0,True
307,Ciel,Fippe,22,cfippe8i@nasa.gov,Indonesia,84,24,5,37,cf****@nasa.gov,4c1ce665a8a3793d784522851573ab4081e0cb626ca6d92125f09170c7204215,38.0,False
308,Jeramie,Parriss,25,jparriss8j@exblog.jp,China,49,4,50,34,jp****@exblog.jp,d30214cb09913f0c0859db304b75a6dada7dbf0e1c89d3fb8cbd6ce86e40feac,34.0,True
309,Giuditta,Havik,22,ghavik8k@google.com.au,Albania,34,54,83,57,gh****@google.com.au,b07f8041e195d131395ca8298fb8b2a85bf916b1eb68c7969adbddc619f15959,57.0,True
310,Kylen,Dean,24,kdean8l@businessweek.com,Japan,15,57,2,24,kd****@businessweek.com,5c64824d1735354978bc04834fd5b3b4086ccc5c086adaa97bd0b62dce56621f,25.0,False
311,Benoit,Calderonello,25,bcalderonello8m@discuz.net,China,89,33,21,47,bc****@discuz.net,e42864f404768cd47a083722c378860bd9730030b84b90c7c405b533aeb5ff5e,48.0,False
312,Samara,Hemphall,19,shemphall8n@epa.gov,Philippines,58,0,61,39,sh****@epa.gov,88e7baf6fde9dcf0473ca60978f788a9b532a3d9965dff66633b9070646dd879,40.0,False
313,Engelbert,Turney,19,eturney8o@ted.com,Mexico,51,86,84,73,et****@ted.com,34300de72f31d838af10691628340f57963137b5a9d00f37ad941848e9c0bf5b,74.0,False
314,Donaugh,Anstice,23,danstice8p@hhs.gov,China,54,19,58,43,da****@hhs.gov,8fe735a912af540bf7c20be301dad6e17eb4697cc8f8a131be111c2d49aa00e0,44.0,False
315,Cole,Deverick,18,cdeverick8q@washingtonpost.com,Dominican Republic,37,38,42,39,cd****@washingtonpost.com,f052fc17351fc46cf1526305b209596682ef7f7578a7bb3bb3217887e2fbf52a,39.0,True
316,Peria,Stoves,22,pstoves8r@unicef.org,Costa Rica,32,72,33,45,ps****@unicef.org,c8b267a0e70178c2573b6081f8998e1ff92f568310bc33444906bab7cf913636,46.0,False
317,Meryl,Klugel,20,mklugel8s@ebay.co.uk,China,82,1,19,34,mk****@ebay.co.uk,aeb348720ccbc66ffd559b4cf041a93088eaeb11dc32a5e962487914f12ddce2,34.0,True
318,Dewain,Siehard,22,dsiehard8t@irs.gov,China,10,89,16,38,ds****@irs.gov,dcaec26862f0ec49e069c41da0ed4f45ebe217493c673af1d3c9940b27c9eb48,38.0,True
319,Marianne,Mulbry,19,mmulbry8u@exblog.jp,Chile,37,42,43,40,mm****@exblog.jp,f6f90a9a0797259b9cee8a05e0dc9ff06463227cb3190215432e641532473d6e,41.0,False
320,Babbie,Laydel,22,blaydel8v@utexas.edu,Poland,87,35,22,48,bl****@utexas.edu,5d98545d75863f98ebda0a6d4007668d1781240d7be53888e7858d86dea933ed,48.0,True
321,Desiree,Hamlett,22,dhamlett8w@chron.com,Ethiopia,21,74,85,60,dh****@chron.com,6b83876040a858ae2e9e60e01e0c4ac0e3e1039824bd167e3673132221fd74fc,60.0,True
322,Annadiane,Antonov,18,aantonov8x@globo.com,Indonesia,26,17,46,29,aa****@globo.com,95d5531390d0c350d43c04f5f366a349abba4556a257e31d6133a25d117e25d0,30.0,False
323,Stanford,Greader,23,sgreader8y@skype.com,China,36,87,25,49,sg****@skype.com,b388752d8e25824c0ec80fe51b9e3230bedb9610a332972b6571fc448bb40bf6,49.0,True
324,Jerrie,Rackstraw,23,jrackstraw8z@bluehost.com,Brazil,70,61,63,64,jr****@bluehost.com,20de654ca0c84a2a1acbcb5dfc7e5832cf6db4dc344a5a2de491d4964ffd1716,65.0,False
325,Byrom,Verheijden,21,bverheijden90@bandcamp.com,Poland,40,28,48,38,bv****@bandcamp.com,25f2184f5f335ceebca1946c788db103b3762e90acbdc271dd94c75ba4061456,39.0,False
326,Nikolai,Headingham,21,nheadingham91@imdb.com,Poland,14,67,30,37,nh****@imdb.com,b39d20ea63272cb20985a13aa696f4d4783bc570ed27dd364439ad2ab31993ee,37.0,True
327,Minerva,McKenney,22,mmckenney92@example.com,Sweden,11,62,31,34,mm****@example.com,43219db33ce63afa8863cefc5e2629d7641f9a0f00442c5b127abe1c0a9bbc1c,35.0,False
328,Isabelle,Johnsson,25,ijohnsson93@typepad.com,Russia,8,7,57,24,ij****@typepad.com,7b23b1bd81ada3512d0f07c3a7ced5572c87633015943c6d90d3aa2fee0a545a,24.0,True
329,Braden,Newcomen,24,bnewcomen94@soundcloud.com,Brazil,60,72,35,55,bn****@soundcloud.com,400224613dd09f32e9a5450bfd3547e2bdda325ab1a3cb80abe17bfdc9c3b5e8,56.0,False
330,Willie,Kilpatrick,22,wkilpatrick95@hp.com,Portugal,9,3,78,30,wk****@hp.com,19a114f65dbfe8835afd170390f53922a1c7ff273e1ae3084d067830810e23c3,30.0,True
331,Nettie,Sparsholt,25,nsparsholt96@printfriendly.com,Czech Republic,76,87,59,74,ns****@printfriendly.com,45d73d44dfbaee02fa37fe8a39d5c719d6effcb587907b3dcc88fa8c2194deb4,74.0,True
332,Olympe,Hartill,22,ohartill97@vistaprint.com,Portugal,71,91,87,83,oh****@vistaprint.com,1e2951fcb9f46790216ef99296de4c428979b02f5685f18313ba2557464fdcec,83.0,True
333,Lorrie,Dace,25,ldace98@netlog.com,Serbia,49,100,74,74,ld****@netlog.com,9f20acb9034f8c3b50b4fdf2152d838d2d6088cd36c5ea63a5e08b1598279b97,74.0,True
334,Antonetta,Atkins,23,aatkins99@xing.com,Ukraine,67,3,82,50,aa****@xing.com,1f563ba2a5018ff290df2a582c79ea6025156408a5fd419d647033f7c1b7283f,51.0,False
335,Mandel,Whyte,23,mwhyte9a@blogspot.com,Mauritius,11,49,69,43,mw****@blogspot.com,6db7ebc6c9cd2a1ca48fdc71bf57b05beb4b08990a4f92de0aab7b00f404525e,43.0,True
336,Inger,Twiddell,18,itwiddell9b@tumblr.com,France,9,9,89,35,it****@tumblr.com,9b53b007b52cbba38fc594fbfd9343d4edf3c5db30fc321aa3f2c268d4d94bbe,36.0,False
337,Dede,Melmar,23,dmelmar9c@yellowbook.com,Mexico,98,10,78,62,dm****@yellowbook.com,5f5dfeeac798a701f3cec8887620a9b5f9bd79e9e8dde6f3d303e513db8ac609,62.0,True
338,Ebenezer,Isakovitch,23,eisakovitch9d@ucoz.com,Colombia,34,43,15,30,ei****@ucoz.com,a13dbaa33a009a0c3e6d7aa5bac2506622edbb4659fb59498c5f29a12d38962c,31.0,False
339,Zuzana,Meek,21,zmeek9e@earthlink.net,Georgia,64,91,26,60,zm****@earthlink.net,a064100b1e14c5076d19ff1abe3f0ab548b2db6c3920579053758efd00fe41fd,60.0,True
340,Kelly,Roseby,20,kroseby9f@tamu.edu,Peru,68,36,66,56,kr****@tamu.edu,f0d473d5f1a9aa1c63a1a5990ef293be02eb8043a425ffe7d91c285a19c1a985,57.0,False
341,Rachele,Ianitti,25,rianitti9g@europa.eu,Philippines,89,47,89,75,ri****@europa.eu,e247a691bd4073efc44919b9f73652d16e7c81974038e10ec6587d172e67c435,75.0,True
342,Rodrique,Madgewick,20,rmadgewick9h@woothemes.com,Philippines,69,44,92,68,rm****@woothemes.com,180131c1019168a3b748fb7638579a7309e8ba8651e64b438f5cb7dc1c6872ec,68.0,True
343,Helsa,Cockill,21,hcockill9i@opera.com,Venezuela,98,58,6,54,hc****@opera.com,8a8dea0fd33d7a98faac38adbd278111baaa639cc4dd8c88ce26904f77829000,54.0,True
344,Locke,Bruhnke,18,lbruhnke9j@lulu.com,Peru,4,73,85,54,lb****@lulu.com,19bb8b19f03c48b13b4b0c654852a92f9b6c3fefa6f22038401ecdd267a06b7e,54.0,True
345,Ambrose,Temprell,18,atemprell9k@ezinearticles.com,Poland,37,10,72,39,at****@ezinearticles.com,a471867bb69aff615c5cc627fc6ccb190031092cb2496dc1d08bc0f471bb1b0c,40.0,False
346,Iseabal,Bendall,23,ibendall9l@usgs.gov,China,22,76,5,34,ib****@usgs.gov,e5dc49329a8c2b689f2d7d66f9460d7dcc81619834dbab887b4a119bb651db6c,34.0,True
347,Halsey,Sanham,25,hsanham9m@blogs.com,United States,96,36,4,45,hs****@blogs.com,b98bb8e77ed4c35d8b4a442e95d24054e8b92214c59eb04c29e97c446cb53d8e,45.0,True
348,Julianne,Garfit,19,jgarfit9n@bbc.co.uk,Estonia,31,13,81,41,jg****@bbc.co.uk,929db6ec5a7200cd6fd8fb70741daba7c6cc99cbbf772ca9f2a9493773b00748,42.0,False
349,Cecil,Abberley,20,cabberley9o@e-recht24.de,Portugal,22,65,42,43,ca****@e-recht24.de,daebabfb2ad4cad9ba65f9f26198fbf7be771dea556e8a38646906999a4e1108,43.0,True
350,Martica,Davidi,19,mdavidi9p@google.com.hk,China,82,56,99,79,md****@google.com.hk,f86a75f496ceb654620a3ec9c0fbcaa1e8736b1c8ccf2f77bac217e4f68023e3,79.0,True
351,Caterina,Harriott,19,charriott9q@google.de,Peru,23,91,35,49,ch****@google.de,1e6cd188a0e80aa04bb71bb724d8d637aded8feb41534c065a6d9664a2136e3d,50.0,False
352,Shana,Winsbury,22,swinsbury9r@nps.gov,China,82,7,58,49,sw****@nps.gov,c60b7284cd3272765660ce29b0bed754920c4f14313b21f15f2f0cd5499c90f3,49.0,True
353,Saunderson,McNess,19,smcness9s@cpanel.net,Ukraine,99,53,57,69,sm****@cpanel.net,bacf3f7b4eb7e65fdb4c4e64ca3ad8919c81274ce2e29f535f0c5ac927214e33,70.0,False
354,Nickolai,Thurber,19,nthurber9t@amazon.co.jp,Philippines,32,27,58,39,nt****@amazon.co.jp,a6525b56f84a457899e9f7f8f0acdb32944b184997b28bd323e40bbe39451959,39.0,True
355,Patsy,Saich,22,psaich9u@zimbio.com,Russia,74,68,31,57,ps****@zimbio.com,5f6d6636da3a9832dc43533441da978ebb8e47d103aa4ed2c2e34f52c5281aea,58.0,False
356,Jasun,Lascell,25,jlascell9v@geocities.jp,Spain,5,80,49,44,jl****@geocities.jp,09ebe48a8e3e0b36b471fa4e9f8fdb16e43b908ad7f4cac70ea69905c37521c2,45.0,False
357,Lilia,Wilne,22,lwilne9w@com.com,Bangladesh,13,48,81,47,lw****@com.com,2db90d1f673e068a12958d40d0c93d4d2027242ce20cf137c48ebc5b62743341,47.0,True
358,Jilly,Caddock,18,jcaddock9x@sohu.com,Thailand,99,23,15,45,jc****@sohu.com,c77cc507cf21a42d9a2497a7c1bd2fbe99f00e1ad6f5a8e54d4dbddad80fd558,46.0,False
359,Manolo,Benz,21,mbenz9y@skype.com,China,61,59,76,65,mb****@skype.com,08532a9d310834f9cacac7337a25f2881f99ede816633ddd38923e208d43cd2b,65.0,True
360,Holli,Schonfeld,23,hschonfeld9z@reddit.com,China,47,45,69,53,hs****@reddit.com,321053e38a5ddcfd7de1c0dc9f58ffca2c6d342d65dfbc8b2c3c9c0e7cbc8416,54.0,False
361,Golda,Flather,23,gflathera0@xing.com,Indonesia,18,75,71,54,gf****@xing.com,7c98befea012696e13fc9e617b36f2175e450f8a975017721d1defef2375c838,55.0,False
362,Carline,Bremmell,23,cbremmella1@admin.ch,France,63,32,38,44,cb****@admin.ch,4e288aabec169d0580f5932b0a52cf35803b0bde94e44b6a500768ac61360d50,44.0,True
363,Bibbie,Saffer,23,bsaffera2@icio.us,China,65,9,27,33,bs****@icio.us,7f2a7f3e1803054833404ddee271f7cb390643a9cd7bd8ec2fcc012ead31dab3,34.0,False
364,Fredi,Shailer,22,fshailera3@cdc.gov,Portugal,4,2,71,25,fs****@cdc.gov,af5d7194dbb1f7a9cfe4d5050acb13f299a797ece94baf32951ffe262e16efe7,26.0,False
365,Nikolaos,Runchman,24,nrunchmana4@mapy.cz,Portugal,89,55,21,55,nr****@mapy.cz,79eacda61d3f7e0e9b1b8245f5fb09c0275f018868a3157d04215c1f6cd5d621,55.0,True
366,Coretta,Maginn,22,cmaginna5@reverbnation.com,Indonesia,100,17,84,67,cm****@reverbnation.com,2b778661fe69628a072799f1c633b06e303cf4e642a270b7abb8ddf810a3f204,67.0,True
367,Kevon,Giggie,18,kgiggiea6@github.io,Luxembourg,84,35,20,46,kg****@github.io,ceb192e4778e5c2f817bc09fcd977917d6bfb99bca99980a0dc7c5a34d4c4ca6,46.0,True
368,Dorri,Santus,20,dsantusa7@youtu.be,Croatia,49,5,16,23,ds****@youtu.be,026e1b87c02729aacf31d25e2c9ffe623b686f422f73aa8867f31f076bfe5efe,23.0,True
369,Georgeta,Aleksidze,21,galeksidzea8@people.com.cn,Portugal,50,94,96,80,ga****@people.com.cn,52f2d74354ab1fa44773bc3d5cfcfe8d8d44a2ef097ec13404fc9ce0fc4cbc05,80.0,True
370,Ursuline,Sitch,21,usitcha9@cbslocal.com,Ireland,56,97,17,56,us****@cbslocal.com,b645488a50d899792288be5e151bae6cf9dc0eb4cce94ef7714469ea70766946,57.0,False
371,Bert,Sember,20,bsemberaa@earthlink.net,China,47,68,39,51,bs****@earthlink.net,d6bd3d2849d7ee7a91d32558e831bbb5662ae553ef4c56bd62944946ab4de290,51.0,True
372,Veronike,Dwelley,22,vdwelleyab@wordpress.com,China,36,86,77,66,vd****@wordpress.com,7e5468fb103432ffc6798093edfb2a79cd07f2abba7d026b27f5a591f7a73774,66.0,True
373,Linet,Fobidge,21,lfobidgeac@surveymonkey.com,Belarus,89,22,93,68,lf****@surveymonkey.com,20a3e1761827464c0ffee4edb2277e2c2a96f3f6ae17bf66a99ee5685efb4e0c,68.0,True
374,Yalonda,Pamplin,19,ypamplinad@quantcast.com,China,80,64,5,49,yp****@quantcast.com,3154bbefad3bb42ff49dce36b2e8953a99eeac707ebd55342ab14aa71379ab8e,50.0,False
375,Anastasie,Wilbor,19,awilborae@drupal.org,Portugal,2,10,21,11,aw****@drupal.org,ffd5779f2b4e0ce31d336150f97f070b1ef731535633ca25054d5390e6a4cd1d,11.0,True
376,Byrle,Lyste,19,blysteaf@meetup.com,Dominican Republic,81,46,98,75,bl****@meetup.com,0e72eb17d4e3879c61589b971b3f2033b3401b57915f0a050f957b930d07f635,75.0,True
377,Wat,Iozefovich,24,wiozefovichag@smugmug.com,Brazil,74,5,55,44,wi****@smugmug.com,e6405a90968ad35c2209ccc8788415f956d4f6c95b9d1a78e4ac0a53bab16905,45.0,False
378,Elisha,Lambrook,25,elambrookah@house.gov,Indonesia,44,75,29,49,el****@house.gov,b0c61cbb5682ef3c193cac74dfdaf20e7fd71899d024a858524a5120d2b34b76,49.0,True
379,Modestine,Johnys,25,mjohnysai@360.cn,China,42,31,49,40,mj****@360.cn,7bcfd324bbca4e524d1934fa55a9fc1bd4723a64c9ece7d82fca23d69aae31c2,41.0,False
380,Gwennie,Hischke,18,ghischkeaj@bigcartel.com,Philippines,94,83,17,64,gh****@bigcartel.com,a0e84849313bccae35af9168789484b3d9bcbd7dcfb3b4bd8e65cadfa80caf08,65.0,False
381,Herve,Rubinchik,23,hrubinchikak@hc360.com,Indonesia,7,85,43,45,hr****@hc360.com,f9a8414609fd6fb8d6747dfa86269b62349464b5d780cabaa363e8b20d99d5f4,45.0,True
382,Tawnya,Waddy,18,twaddyal@last.fm,China,98,80,50,76,tw****@last.fm,7cd1bba253477cd4531af61b59668a456fca72eeb32a75cc5652192d8daad961,76.0,True
383,Iolanthe,Noore,24,inooream@guardian.co.uk,Ukraine,85,78,49,70,in****@guardian.co.uk,11fe42481f793ec659997eb8405655479017bd31667f85cecbf44a3b1eac98ac,71.0,False
384,Gavra,Gatehouse,20,ggatehousean@earthlink.net,Indonesia,48,24,34,35,gg****@earthlink.net,d9c1ff93d813dd8337b4a3d811b8049c5c050aa82675834b94919dac08fb5ae7,35.0,True
385,Rod,Podbury,19,rpodburyao@ucoz.com,China,77,87,95,86,rp****@ucoz.com,4067ed7dc0e95434f308f5996b5486bf06a9cec0e3ae4380f1d5ce338f821e14,86.0,True
386,Delainey,Dumbleton,24,ddumbletonap@dyndns.org,South Africa,58,12,47,39,dd****@dyndns.org,74371f4a57ffef50051d819a1440065fe8b6c80841648e00c23696c479909515,39.0,True
387,Miguel,Karmel,22,mkarmelaq@mapy.cz,Ecuador,48,28,36,37,mk****@mapy.cz,e863852c919840ed377a8fbb0fb3399feb17881554baee6b2a2b254e399e1be6,37.0,True
388,Gretta,Shird,20,gshirdar@psu.edu,Dominican Republic,85,60,57,67,gs****@psu.edu,a0afb6d1b60b7ac0de87d5ef476f6f3db685931f16ecfd607a80d47606e93ac4,67.0,True
389,Babara,Franchioni,25,bfranchionias@weibo.com,Argentina,40,16,7,21,bf****@weibo.com,746c99acc264c6fd0f1101d5376cc749ca00a42f8e0e1a3c071d7d518a6e45cb,21.0,True
390,Norbert,Boldison,22,nboldisonat@addtoany.com,Russia,15,40,89,48,nb****@addtoany.com,eae567f4adcf140385faf7dcb12f4d98a89dd847866b29ce14bb542d3e7234de,48.0,True
391,Earlie,Luparti,25,elupartiau@hc360.com,Slovenia,12,96,100,69,el****@hc360.com,232605007251c69f71a978cfa372b8f4225f75d3417b9f54884ed6c67c6931a6,69.0,True
392,Robbie,Illem,23,rillemav@discuz.net,Greece,48,87,8,47,ri****@discuz.net,11fd0f7530a5cdfb537cef02e331da200c166a179c4c8cfc907f7fe5edbf3682,48.0,False
393,Jemmie,Neem,22,jneemaw@moonfruit.com,Austria,36,78,88,67,jn****@moonfruit.com,228353f829b2fbe504ff6e6aad07abcbe7e3bcbc33370a5cc807e17eb8f2d013,67.0,True
394,Maddi,O'Callaghan,18,mocallaghanax@e-recht24.de,Canada,15,68,93,58,mo****@e-recht24.de,ac57dbbbe1b6e8ab669108c2c11a8618bb700be186bcdce06b3c1b29aa4d76b8,59.0,False
395,Ellary,Broske,20,ebroskeay@howstuffworks.com,Indonesia,93,72,40,68,eb****@howstuffworks.com,165893c34c00a1d83ee14bc3bff54b94774798fe834127d6ea618232b4eba8e3,68.0,True
396,Britte,Kelson,24,bkelsonaz@jiathis.com,Spain,14,92,70,58,bk****@jiathis.com,925b37f9f620c9587316915d4fc1602d0f0ea4ec20d9ef25e140ab05d9aba103,59.0,False
397,Fenelia,Ford,25,ffordb0@taobao.com,Philippines,5,60,22,29,ff****@taobao.com,6e8ea4f18c21e49d13949e9dc14872d61212c3dfa538228a4f4e88b21dc2c0b5,29.0,True
398,Hailee,Eskrigge,19,heskriggeb1@cbc.ca,Sweden,35,14,32,27,he****@cbc.ca,fc6ef548a44e50931db4ffe846293dea8873ae3d3afae062e2fe57b03b66efbc,27.0,True
399,Anstice,Juszkiewicz,19,ajuszkiewiczb2@fda.gov,Peru,32,76,78,62,aj****@fda.gov,47932aba85006274c1748ea257d318b768c3533371740512fa37a5047c489086,62.0,True
400,Kelsey,Postlewhite,24,kpostlewhiteb3@flickr.com,Brazil,16,48,37,33,kp****@flickr.com,b3e16ef9e1e51ed185ceff0322f1c4adccff9f4212d6b2fbcdbb9028209eaa7f,34.0,False
401,Lon,Kernock,25,lkernockb4@abc.net.au,Poland,21,32,58,37,lk****@abc.net.au,f5f89a582b312e7b97ddc1b74b274a1e0a0bd45af9e1d3ab7f60062a287aec04,37.0,True
402,Fairfax,Sidden,21,fsiddenb5@paginegialle.it,China,42,61,33,45,fs****@paginegialle.it,3e4527a6fb39c08600284379a3607cacbc6bcb1e29bcd537f450719ee395b5c1,45.0,True
403,Andra,Garnar,23,agarnarb6@hc360.com,Japan,59,71,73,67,ag****@hc360.com,2601847bbbb88ba0b04eb48f6e9a095cabed0786282201cdd1272057538e5b03,68.0,False
404,Taffy,Hessentaler,21,thessentalerb7@usatoday.com,Luxembourg,43,93,66,67,th****@usatoday.com,e7dda3c02bde84d1543b5a41b8876d343aaa9091b66f43810c3f658e1762e0f5,67.0,True
405,Cherri,Lainton,23,claintonb8@theatlantic.com,Colombia,53,67,79,66,cl****@theatlantic.com,335927a47937171a49ff43b8d2da0ada25dc0ef28d4a7921b6604a3e1a2ddd8d,66.0,True
406,Costanza,Januszkiewicz,19,cjanuszkiewiczb9@vkontakte.ru,Morocco,63,96,18,59,cj****@vkontakte.ru,f19a269b996bbffb0ab2d26a055e5f8b2bd258b789732cb4d68fa5482e690396,59.0,True
407,Izaak,Saxton,21,isaxtonba@dell.com,China,43,30,59,44,is****@dell.com,189e7fc43cc5931ef14a882053caf994ac22e0455c3a7b72035ca0bcd0e20ee5,44.0,True
408,Gerick,Baumadier,23,gbaumadierbb@miitbeian.gov.cn,China,42,61,97,66,gb****@miitbeian.gov.cn,247385052d51ae6b45f15fee3e3d0f0d3923ae75ac6f5e620ea3e45421e804f8,67.0,False
409,Anitra,Poad,19,apoadbc@arstechnica.com,Madagascar,50,71,8,43,ap****@arstechnica.com,1a29c5d5acba566076d072556837ee1d7b5b36725333c32ad635aa57517e1af3,43.0,True
410,Teddi,Furmenger,20,tfurmengerbd@eventbrite.com,Indonesia,71,49,89,69,tf****@eventbrite.com,9175c3adcabdc4c6d74b3111b3dd8751f14583be9794e2636bc28d3b2734d365,70.0,False
411,Jacintha,Rosenkrantz,24,jrosenkrantzbe@dmoz.org,China,64,2,54,40,jr****@dmoz.org,304ca1be8cbd4240ec1634bb0914b31745d123a2b5107377f442813a0eb88d56,40.0,True
412,Beulah,Gruszecki,18,bgruszeckibf@blogtalkradio.com,China,96,23,35,51,bg****@blogtalkradio.com,9672fb79e4ce346486cbe7a62f7268d1656f70965b5c3d2bfac778e9355661a4,51.0,True
413,Donnie,Gilstin,20,dgilstinbg@tinyurl.com,Guatemala,50,14,67,43,dg****@tinyurl.com,97ea529ed148d2062c617634a77d13416c04a5feca2bd8f872c6124bdfc7fead,44.0,False
414,Arabella,Scoyne,23,ascoynebh@networkadvertising.org,China,47,1,17,21,as****@networkadvertising.org,837a08f8765916a44d3f952f05dc5b3674ece2a764c238c80022e6abb712ca1d,22.0,False
415,Lem,Clelle,25,lclellebi@mail.ru,Slovenia,90,27,92,69,lc****@mail.ru,a81e695ff74f28ba09bf8653b061037893e737f5c4b8b9a4368370822c314fa9,70.0,False
416,Shari,Ratnege,18,sratnegebj@seesaa.net,Slovenia,22,76,61,53,sr****@seesaa.net,70d371036626b733fa7785bb74398301fa2dbb77f03e10d2275547ce7edf1af7,53.0,True
417,Michail,Stonhard,21,mstonhardbk@freewebs.com,United States,17,16,0,11,ms****@freewebs.com,329e7d441096ccee039e14f3505ac5693b77950d71a3b988764733cfc80bec13,11.0,True
418,Modesty,Berriman,23,mberrimanbl@loc.gov,China,52,8,72,44,mb****@loc.gov,282088c82ea2c5ebee783f6b1e9b9b21655c2b284a24b3ab84d34804d9eda376,44.0,True
419,Sondra,Zorzini,25,szorzinibm@networkadvertising.org,France,57,38,28,41,sz****@networkadvertising.org,2ea2d96602d891564dfc2293a1aa60253b5fbb3e8834f27207490bf9debddaba,41.0,True
420,Matt,Braunfeld,24,mbraunfeldbn@cocolog-nifty.com,Venezuela,61,69,28,52,mb****@cocolog-nifty.com,3fbe87b24768ac01653c570425e5727f67b91bb251733588143d699385a40641,53.0,False
421,Reese,Soame,20,rsoamebo@com.com,Germany,86,0,28,38,rs****@com.com,493acecbb5ccb2ee1fbb1f196c121343722d0a740ab9782d696023c529d47903,38.0,True
422,Chevy,Sidey,22,csideybp@columbia.edu,Senegal,38,81,85,68,cs****@columbia.edu,680a228b2bf70c0dcdd89745ab464abe3dea99de43e83964519b49365261f94d,68.0,True
423,Monti,Mountney,19,mmountneybq@upenn.edu,Colombia,12,5,19,12,mm****@upenn.edu,45e95fdf1d16a4f48a4dc545f7c5d249ae6ced85dc34a1ac16b36db22b04754f,12.0,True
424,Pen,Lemmers,19,plemmersbr@disqus.com,China,78,65,24,55,pl****@disqus.com,78dc4d0eafe4906f597ce7ea9d3c338595c08512b6a1b0d6343a0a69933202d2,56.0,False
425,Demetris,Maillard,21,dmaillardbs@patch.com,Australia,1,41,43,28,dm****@patch.com,e2fa1b2bbd7a325719ce051fe423385382963209d2dd36b0dbac7968b2856d78,28.0,True
426,Sanders,Gladbeck,19,sgladbeckbt@skyrock.com,Indonesia,96,44,32,57,sg****@skyrock.com,09b1414dafe1da7bc55266fa1e97eb4f51d7077a8a25c3571184870045b4b656,57.0,True
427,Adriena,Kentish,21,akentishbu@goodreads.com,Peru,20,11,65,32,ak****@goodreads.com,4daa60430b5c0694478bd2c81dc7a6236fd570b11652ad9f27ebd7df1abeaf60,32.0,True
428,Mariellen,Pitceathly,19,mpitceathlybv@t.co,Indonesia,45,44,34,41,mp****@t.co,48ac73d367cbc2c9d3b1a66f8bd831466686ea5ffba6243661244058e9a2bd52,41.0,True
429,Ethelind,Knevet,24,eknevetbw@cbslocal.com,Israel,97,94,59,83,ek****@cbslocal.com,ec45119309ac9fe96573290394b2e67fdfba753102b84e9a53a86e8a22289141,83.0,True
430,Mortie,Sorrie,20,msorriebx@freewebs.com,Argentina,91,83,3,59,ms****@freewebs.com,ddb2aadbb6a8ce3344e27b9fb60aa7340e903cb6e447d49d98ece55cd9b9cfe6,59.0,True
431,Tam,Dansken,23,tdanskenby@harvard.edu,China,13,68,54,45,td****@harvard.edu,5f141582014f17e8d109aff2457b24bd930f559a12c79233e8150277dac9eed5,45.0,True
432,Cordie,Fossett,25,cfossettbz@addthis.com,Poland,49,10,2,20,cf****@addthis.com,2a431c593d344041e8b1fc2be217f0ea969b8d704fce2487eacfed7c964b573f,20.0,True
433,Lou,Tapley,24,ltapleyc0@163.com,Argentina,49,20,86,51,lt****@163.com,b6d5e06f6cc8bc9c6523e1d6260e4dbabfdc3f1cc340297fd2a6b538e3ecae19,52.0,False
434,Annalee,Bolingbroke,22,abolingbrokec1@census.gov,China,90,35,17,47,ab****@census.gov,9246dbd82bb539bc356f176ec004fcd0b9ebb9e605a51ccfdd1d23dbd8b99266,47.0,True
435,Idell,Salvatore,20,isalvatorec2@state.tx.us,United States,92,25,64,60,is****@state.tx.us,2ce62fa33980e527ea2f5c84debfcb962914a47b44c3fb3bc70090e260a590cc,60.0,True
436,Walden,Widdowes,18,wwiddowesc3@php.net,Philippines,22,12,84,39,ww****@php.net,9f0eeb64b0f77c6ff3362a90b110abec1bd5288ff7cb0aebcec09faeaaff1b0a,39.0,True
437,Cletus,Dolan,20,cdolanc4@newyorker.com,Greece,0,44,17,20,cd****@newyorker.com,f0baaeda23fb9bdbe7138c3d1a2bd728e8d8f5f57e602bb1f57cceba1146b9cf,20.0,True
438,Alma,Sadat,24,asadatc5@nyu.edu,China,58,5,23,28,as****@nyu.edu,383c4701e3fc80d4f2c51f61393260e740f45a4c88ce4c1d89747a09cd981696,29.0,False
439,Corabelle,Hibling,18,chiblingc6@nifty.com,Indonesia,2,76,78,52,ch****@nifty.com,fb03468ab17a7e1b2834a0a0e8a3cac65c503815762707816f1897bd75c90bed,52.0,True
440,Vin,Pettingall,18,vpettingallc7@oracle.com,China,54,88,18,53,vp****@oracle.com,aed5305169f6673e52c70cbaa977780f25a2e7d904a8b860a2d5ab68fa94dbad,53.0,True
441,Dwayne,Binnall,24,dbinnallc8@icio.us,Russia,45,75,23,47,db****@icio.us,fabd17ac2332a2358eb3917c637ab6ff63894ab88334ccb5ab133dad0ee45300,48.0,False
442,Justinn,Sprigg,21,jspriggc9@google.fr,Japan,65,5,61,43,js****@google.fr,d31d499fd1eebdf8d8c2d04ef9be46cc20dad0fcea1ec60eb4812eb2e182a713,44.0,False
443,Marshal,Bladge,25,mbladgeca@whitehouse.gov,Greece,39,10,91,46,mb****@whitehouse.gov,ff4e82f2e650bcfd59ae0cedcfd3812a751df5e867f4595689217630621284a9,47.0,False
444,Christiano,Haszard,23,chaszardcb@smh.com.au,Indonesia,37,40,91,56,ch****@smh.com.au,872f9d287decbe3ef33ffeafb9c9808c2ebdf02bfdab6f678a090bf1f717f9bf,56.0,True
445,Emalia,Cockling,21,ecocklingcc@cpanel.net,Poland,80,75,1,52,ec****@cpanel.net,96b0136d7d9a0973a29818af4170fee641e80cd04ec3d748b29de31146460b9e,52.0,True
446,Bealle,Mickleborough,20,bmickleboroughcd@stanford.edu,Czech Republic,62,79,27,56,bm****@stanford.edu,fa496331faa2f2a0c3adb736f240ce726261bc45e92c246ac558acba6f47d0df,56.0,True
447,Adora,Kee,20,akeece@merriam-webster.com,China,85,72,19,58,ak****@merriam-webster.com,f27fb0cd7c4582c7aeec1d005f0041426e45ae9e56be1bb0f3e4a2487dd77592,59.0,False
448,Niel,McColgan,18,nmccolgancf@ucoz.ru,Russia,56,63,3,40,nm****@ucoz.ru,484edbcf29d2dd7b2f04615fd20da1d7b04e8ffa27613e9839b5b0f06d13e9dd,41.0,False
449,Frankie,Dressel,18,fdresselcg@prlog.org,Russia,24,67,57,49,fd****@prlog.org,7773332da0d398e11cab3da9ddc51312a238d070a3179f3a953b244b6e7a445d,49.0,True
450,Irene,Van Geffen,23,ivangeffench@lulu.com,Philippines,12,9,64,28,iv****@lulu.com,b6094fbf517d1bcb11087ea16f5e520f4f11af2e0568546c2389eb3aace234a8,28.0,True
451,Dorette,O'Corren,19,docorrenci@smugmug.com,Brazil,98,14,11,41,do****@smugmug.com,669efadcdf276e1cc8397de051835ddf3a4c7d1c34c51373b098c99c59a4d5df,41.0,True
452,Misti,Venton,24,mventoncj@cafepress.com,Syria,74,41,33,49,mv****@cafepress.com,ae6a140ad381da7648fb48077df8f94789215417c7495a24087f26fedeb81b1e,49.0,True
453,Georgeanne,Tomasutti,20,gtomasuttick@bravesites.com,Finland,23,1,26,16,gt****@bravesites.com,2ae45fb2af44bf13a920a7a0c790dbf13cba1fde6daf8fa4cee6681f6dba4010,17.0,False
454,Janos,Blanckley,22,jblanckleycl@privacy.gov.au,Kazakhstan,91,0,40,43,jb****@privacy.gov.au,433cb378ff75576f16b4e68d886b177948e41e572e3d3be18085259c48f28197,44.0,False
455,Adriaens,Coventon,23,acoventoncm@guardian.co.uk,Russia,97,12,48,52,ac****@guardian.co.uk,b1b78737601bc03c7336840515167f7f067421a94b1430c31840f7fc5140f238,52.0,True
456,Kandy,Algar,23,kalgarcn@unicef.org,China,37,37,45,39,ka****@unicef.org,63e8d1122b95876b6492ab4252f8cf15700c97e0dd6fedf93d70c7b09e1e2673,40.0,False
457,Pansie,Rattray,23,prattrayco@forbes.com,Russia,56,11,12,26,pr****@forbes.com,488ef598640b04a310e55a9ae636c1584734f04bb08a78dfb15d83a970873e97,26.0,True
458,Verna,Harriss,18,vharrisscp@quantcast.com,Peru,41,78,18,45,vh****@quantcast.com,5c01b02c8d02dcf000ae91eac1b73fa2ae4c8a8f3f8c080cb822cbd691d255f1,46.0,False
459,Karisa,Brocks,23,kbrockscq@dot.gov,China,94,21,15,43,kb****@dot.gov,f0d9585171aca9c96ad7a73ea74788e3804a2302f16a4bf86dd4238f372d6c5f,43.0,True
460,Bobbye,Crann,20,bcranncr@rakuten.co.jp,China,23,23,89,45,bc****@rakuten.co.jp,4a6fcbc8bc7a3aa95e371dac2bc0b5a78e3a221641f95fa0bf776921e2f7b401,45.0,True
461,Aubrey,Beddoes,24,abeddoescs@youku.com,Indonesia,13,29,85,42,ab****@youku.com,6235a38492e6b80c5a731434ebf3a2093a1fa43a47417f3cd7852add441f2eb1,42.0,True
462,Gretchen,Olohan,21,golohanct@kickstarter.com,Philippines,21,6,47,24,go****@kickstarter.com,93fdf042fc6a42e9138182b3fcb731c1a8e1e3261acaf4e2b59123cffa95118d,25.0,False
463,Quintin,Foxley,23,qfoxleycu@java.com,Sweden,92,76,6,58,qf****@java.com,f36814e82c126c3a2e3e0a1516642403984b0993c735a4c2a7f779da94ec487a,58.0,True
464,Dolores,Sharland,19,dsharlandcv@cargocollective.com,France,55,2,93,50,ds****@cargocollective.com,06c82da8b0a4b5700d0362e786f4c0b716af4c9dbbef425956576da5df245655,50.0,True
465,Upton,Bardwell,21,ubardwellcw@weebly.com,Mongolia,34,95,5,44,ub****@weebly.com,ffd432dc4dda6be46a8c60aa2a4bcb1e229746a75b182f6e6f6476c66041372e,45.0,False
466,Helen-elizabeth,Hullbrook,22,hhullbrookcx@microsoft.com,Sweden,54,41,15,36,hh****@microsoft.com,41ef2e56ac4533a5b831814a94ed70fe8a1afbe10fa0e5821f039b46dbb35211,37.0,False
467,Drusy,Sinnat,25,dsinnatcy@naver.com,Vietnam,3,23,35,20,ds****@naver.com,701df3a9443b0cf9baf121b4bfc3721bc581b0b9fa3fd5738d4892da0004bc71,20.0,True
468,Ezmeralda,Cettell,22,ecettellcz@github.com,Ireland,15,75,6,32,ec****@github.com,aed887659215954a73daea9ff096c05c71f0eda97a3ec8de6e15c83ade04e729,32.0,True
469,Ajay,Whapham,24,awhaphamd0@desdev.cn,Indonesia,31,7,62,33,aw****@desdev.cn,05efc347c9fcd6689b088ac91e45850ba80f7b8934360eac98bbd4dfc2c5c3a7,33.0,True
470,Locke,Yurshev,24,lyurshevd1@narod.ru,Serbia,80,13,39,44,ly****@narod.ru,4a39c548711c94bff7acf802027bb4a4571828ad320aec09c1e46604772fa65a,44.0,True
471,Georgiana,Hachard,21,ghachardd2@unicef.org,Panama,72,91,97,86,gh****@unicef.org,3d894e6caa5133cfef2e043aaeea5460bb7d273930490ab3d57ee1b59778c8c4,87.0,False
472,Darci,Enderwick,22,denderwickd3@kickstarter.com,Mongolia,90,98,67,85,de****@kickstarter.com,ebb3877696755340fa31ee493efbc16e4f7e46277479621f51313155d16ad141,85.0,True
473,Jamie,Ghest,20,jghestd4@va.gov,Portugal,79,23,65,55,jg****@va.gov,458711ba42c31e4140149f764028fe5510f875522a85984c00a55fbb72430679,56.0,False
474,Levi,Brayford,23,lbrayfordd5@ucoz.ru,Sweden,61,46,69,58,lb****@ucoz.ru,2719335c53188095f3cd6556a18ec6b529af793ed60773547d095b42329d552e,59.0,False
475,Nataniel,Tungay,20,ntungayd6@uol.com.br,Poland,52,16,45,37,nt****@uol.com.br,9223b43750e15d91c59d1958d35679abb5428288293796b12f0938c5a71a0b07,38.0,False
476,Hendrik,Bowling,19,hbowlingd7@ibm.com,Latvia,69,20,41,43,hb****@ibm.com,d4ede77c2549e171edbd619ec1738b0bb8f169ead8932074e5d400136128be2a,43.0,True
477,Alfreda,Crabbe,22,acrabbed8@cbc.ca,Peru,90,2,78,56,ac****@cbc.ca,936dd91362ccc9e3a2193e8f29a177ec935127704db380bfaadd3ddc344892fc,57.0,False
478,Rozalin,Alltimes,24,ralltimesd9@whitehouse.gov,Guatemala,72,31,74,59,ra****@whitehouse.gov,76c861a8689232023f680dcf9c45815a7374adc0e98d8a7a96f7308660c1c5b9,59.0,True
479,Avrom,Payne,19,apayneda@moonfruit.com,Czech Republic,51,99,99,83,ap****@moonfruit.com,2551625692544cf9298e8d507840bf0d969e826b1efa03f4cfbe90bde18943a6,83.0,True
480,Kile,Geare,22,kgearedb@hibu.com,Malta,31,35,24,30,kg****@hibu.com,51462683d52bfe57426f845a9b50b94aa1b764a2a786a72d8bae479f810d3414,30.0,True
481,Gregg,Teulier,19,gteulierdc@scribd.com,Colombia,57,21,23,33,gt****@scribd.com,dc6944a00908a16d49f9fb58be984caa379010410882f588f0d1b9f6079c7354,34.0,False
482,Margret,MacKellar,23,mmackellardd@networkadvertising.org,Chile,25,61,66,50,mm****@networkadvertising.org,2deaf6fd136a86fbf4cad8f46fbde06c39abf66ed47c8f15fa07468ad48082a3,51.0,False
483,Joshuah,De Hooch,22,jdehoochde@opensource.org,Canada,30,100,96,75,jd****@opensource.org,d12dbf012589f6c5d58616409e130b9faa2a597de778296734f6d83366c95c6e,75.0,True
484,Beret,Noell,22,bnoelldf@gnu.org,United States,54,24,67,48,bn****@gnu.org,d6ba0655a776f91ce12a8e026b93ea65b889f753ef7b67a8e57f7382203c43b0,48.0,True
485,Linoel,Filintsev,22,lfilintsevdg@princeton.edu,Russia,5,85,26,38,lf****@princeton.edu,7554f535cb567f90c6ba6590937fbc78bd86ccdbe29d01f53bf7f5a016d1aa18,39.0,False
486,Cristabel,Izzett,18,cizzettdh@go.com,Indonesia,90,76,7,57,ci****@go.com,c54c09a3ee30f80ffef56700df446580e186b47e2c0cb94d14c77a86d8f60ec4,58.0,False
487,Norby,Roxby,23,nroxbydi@pinterest.com,Spain,29,30,67,42,nr****@pinterest.com,bee4ea2dba52692a1f5dd2a75ddec9ab3f5cd31d271affd5809be040afe8174b,42.0,True
488,Minda,Daintith,20,mdaintithdj@berkeley.edu,Indonesia,12,2,22,12,md****@berkeley.edu,0586b64983c4e07879f408be5e3bf34d0505bf1937b3bc01c769e3d2f31ee58e,12.0,True
489,Jerrilyn,Redhole,19,jredholedk@cnet.com,Malaysia,81,100,68,83,jr****@cnet.com,79d6c43d4844f58495bbce92201078eb1f0c4e6b75e2460847942488f295abde,83.0,True
490,Janey,Brinkman,19,jbrinkmandl@ebay.co.uk,China,80,60,37,59,jb****@ebay.co.uk,74febc0d3472fa3191b1aee4a076be8a425a5d2bd36e582c61c0da07f272ef89,59.0,True
491,Gipsy,Borzone,18,gborzonedm@prnewswire.com,China,1,51,50,34,gb****@prnewswire.com,d7384192ff8c337ea379fee45d3db5cf1d42c2d9f0c6755b096f7664c392ad84,34.0,True
492,Christyna,Bachelar,19,cbachelardn@cafepress.com,Haiti,11,18,98,42,cb****@cafepress.com,27db52c76d4a6ee66caf6099bc371b1db5b5bd9a0d6dc1c743f7106665fe2f8f,42.0,True
493,Tomi,Foot,18,tfootdo@sphinn.com,Brazil,22,28,22,24,tf****@sphinn.com,5adf8a65be4f40c5c27d4203740e6e261c7a6fc0be7ec9c9ebb791418494ea80,24.0,True
494,Cozmo,Rolland,20,crollanddp@seesaa.net,Israel,56,12,39,35,cr****@seesaa.net,96e8c3045e856111756d1d9677727ee29be25a483f126df7d6f172d6409292d4,36.0,False
495,Goran,Pizey,24,gpizeydq@ted.com,Portugal,55,72,13,46,gp****@ted.com,5cfdd08f02f283c69e6f8b4b0b8434db49d8d4346bb1e12e304765dfaf24705a,47.0,False
496,Bard,Gatheridge,21,bgatheridgedr@apple.com,Sweden,32,89,38,53,bg****@apple.com,67f33b36486e70a114782ee8eb1c8424129c19802caee3ac5f15842d126838f3,53.0,True
497,Aleda,Whittier,22,awhittierds@yolasite.com,China,75,7,89,57,aw****@yolasite.com,f4a4d7640de7e9a1d41cdab1c9fec597558024a3bf135aee9be17bbd2cbb5092,57.0,True
498,Kassie,Boseley,24,kboseleydt@diigo.com,Portugal,70,97,66,77,kb****@diigo.com,45d273c3b34814da263f4323e41d2108694607cd37cbc55cd994bfb7a9b36f2d,78.0,False
499,Lemmie,Cudby,18,lcudbydu@mysql.com,Indonesia,78,88,68,78,lc****@mysql.com,cd652f6ee9721b266af44976f1e027d59fa790de0932d05970ed2a59a6cb9324,78.0,True
500,Humfried,Axelby,20,haxelbydv@virginia.edu,Mexico,42,63,46,50,ha****@virginia.edu,335f923fd65faa6273090c94457c6b96acbe4fcef45cc8542838f6bf4888bef2,50.0,True
501,Roth,Arcase,24,rarcasedw@livejournal.com,China,23,96,92,70,ra****@livejournal.com,671e4d84189c07c8d9413996288566a67a5c387f7b5083b19b39041e1507e4d7,70.0,True
502,Mirelle,Dutteridge,25,mdutteridgedx@meetup.com,China,48,59,8,38,md****@meetup.com,ea4cab82a79809441f77d16b9461639ae0638c402f34433f7ca8fc18b4a3d0aa,38.0,True
503,Leeann,Gruszczak,24,lgruszczakdy@twitter.com,France,81,39,16,45,lg****@twitter.com,be57daf1f0e72c877e8e828b8f374f9e804e384a3737d146861f4bac4dfc64c8,45.0,True
504,Arabele,Malins,23,amalinsdz@hubpages.com,China,45,58,24,42,am****@hubpages.com,169f1a79bb9b487af0291b2f68d89860b49b1d1e712b87d6f7651e5775adaada,42.0,True
505,Erastus,Lydiatt,25,elydiatte0@istockphoto.com,Ukraine,44,52,17,37,el****@istockphoto.com,54280318d29163f5e5a6e9b510793f136ddee29d201dd3bb94fda4d7398cd0a5,38.0,False
506,Clementine,Poulden,25,cpouldene1@shutterfly.com,Sweden,61,92,47,66,cp****@shutterfly.com,4e43b6a81dcaa273f0af51ecaa49395f0faf349160e0dea2ab494d4d47d4d95a,67.0,False
507,Fanni,Yu,21,fyue2@businesswire.com,Philippines,92,52,58,67,fy****@businesswire.com,643ec302e47e1c49c5102534399422d7da97af5c8823fc3f5d4c5709b98fd43a,67.0,True
508,Conny,Tidcombe,23,ctidcombee3@de.vu,Indonesia,58,84,69,70,ct****@de.vu,8199aa55c9a384a3dba51f03db42943c74ea94c99d76ce4e61a083242900f4b3,70.0,True
509,Frans,Shoute,25,fshoutee4@nyu.edu,Indonesia,21,22,92,45,fs****@nyu.edu,6a113adfb78df4e99c78f440b5241de714b5d7cef76b09e8eab0daae7f1db13d,45.0,True
510,Moss,Boylund,19,mboylunde5@sphinn.com,Bulgaria,54,96,52,67,mb****@sphinn.com,24d4a65bb54b136411cb7dbdee44cf1dc75b5f37722b4664c76ba742e076b556,67.0,True
511,Syd,Linscott,18,slinscotte6@cbsnews.com,Russia,26,10,29,21,sl****@cbsnews.com,eafc67784a632e1c09c8055fc18a0ef243ddbcbd6e8f0116a45cb04b1a56d376,22.0,False
512,Karon,Mendenhall,19,kmendenhalle7@angelfire.com,Honduras,55,78,44,59,km****@angelfire.com,43709abfdff2ad2f9fd21164c35e3ec5a0b6889517d88265f8d663e182ce984d,59.0,True
513,Nicky,Medlen,21,nmedlene8@lycos.com,Indonesia,44,31,72,49,nm****@lycos.com,8475fc44cdb31102335349ff0fab4b7b6627aaaea9d8ef14367aa942fdafa01f,49.0,True
514,Gabby,Widger,23,gwidgere9@bloglines.com,Iran,24,59,75,52,gw****@bloglines.com,18e0f3a034933a31022e3f306cb866efb7eb217ee937ae2ad67dccd76ac7190d,53.0,False
515,Jessika,Cowmeadow,22,jcowmeadowea@smugmug.com,Ukraine,7,64,30,33,jc****@smugmug.com,bfd04a7cc48040960d0b278fe47da618bbf5bed7082978a2c6e7a0d1bfaf8758,34.0,False
516,Constantin,Frisdick,20,cfrisdickeb@ca.gov,Canada,71,2,69,47,cf****@ca.gov,d07476f328013db47713ffa6b435162baca2d0dea187c325beaafa0317e13be7,47.0,True
517,Forester,Wooles,21,fwoolesec@mozilla.org,Venezuela,60,25,39,41,fw****@mozilla.org,7b7904a10ac7664b1e4c963436c60b0389d0dddcb1df0e6b5fc6e4b856f287ce,41.0,True
518,Grantham,Garrould,25,ggarroulded@g.co,Philippines,12,79,4,31,gg****@g.co,601f085937bfa0d6e1d8f74de03be6c85a9fe065b9dcf9ddf59b9e99fedf38ce,32.0,False
519,Carina,Jarvie,25,cjarvieee@cnet.com,Micronesia,53,100,36,63,cj****@cnet.com,d26216088f75a66fa57ce6948f8f013c699b5c84320b8300d66994186b5b5687,63.0,True
520,Dyna,Margrett,18,dmargrettef@freewebs.com,Brazil,55,46,86,62,dm****@freewebs.com,5ba352c11c1c9e7e2e34edd625f02416c5ddd3b337df8ec1aa4add32782d3ab0,62.0,True
521,Murdoch,Piesing,24,mpiesingeg@uol.com.br,Ukraine,50,98,7,51,mp****@uol.com.br,16204f70dbfce11eff140fa6dd73a4d9f66fd4a4aee0a26d24a0c9f0f7238076,52.0,False
522,Camile,Beldom,24,cbeldomeh@deliciousdays.com,Russia,84,75,74,77,cb****@deliciousdays.com,c5f6c198ad54905883fcc9db70fd3eff6d3626ca90aae598200b32f9c2ba0461,78.0,False
523,Boyce,Spandley,25,bspandleyei@phoca.cz,South Africa,32,99,7,46,bs****@phoca.cz,9e30d067d0b9fc4859a0fdf6bcc1158cfecb3808c07a7a97620be8780230bb59,46.0,True
524,Natty,Tole,25,ntoleej@diigo.com,China,57,16,35,36,nt****@diigo.com,2b630f35c1d02605cef96bf3b13e5525bd185cc9cd61ddaa86fb6987cf1da4de,36.0,True
525,Nelie,Kordova,20,nkordovaek@ucsd.edu,Peru,87,45,52,61,nk****@ucsd.edu,bff57acd54ab40f13e03f38c65866996bf1abe9c9007f857cff22f9649d10441,61.0,True
526,Brucie,Peddie,19,bpeddieel@technorati.com,Dominican Republic,42,74,63,59,bp****@technorati.com,755e593d01e3e1a819990a8b750556baf9cdf875c3506da27e05f96f73ee7c9a,60.0,False
527,Bearnard,Telford,18,btelfordem@soundcloud.com,Russia,24,49,94,55,bt****@soundcloud.com,8bc1ff6d71bbcfe2621c83e2cc01f5090d1f94779b59e67217e4fd5ccc4bf19b,56.0,False
528,Mariam,Braybrook,19,mbraybrooken@amazon.com,China,17,40,69,42,mb****@amazon.com,006655fd8b4bc586a62e54624a62aa0c37f5a0a4351df171b7df86e8e16c1a4a,42.0,True
529,Blisse,Ventum,21,bventumeo@clickbank.net,China,85,52,43,60,bv****@clickbank.net,e9a0cc3f1c58edf6de723baf09afdac474c162942a6f330dd12197179488875f,60.0,True
530,Arvy,McGirr,18,amcgirrep@hatena.ne.jp,Denmark,73,24,55,50,am****@hatena.ne.jp,45de50b5ecd360dfeeda0bef1086d5fe5e5581976bbb6346e5ba75c96ccc9018,51.0,False
531,Garnette,St Leger,25,gstlegereq@furl.net,China,78,98,88,88,gs****@furl.net,b019f329d28896ce03cd2d7e020b56495ce28e9d19fdff09c708ebd7f6c800d8,88.0,True
532,Heriberto,Garr,23,hgarrer@altervista.org,Indonesia,38,29,62,43,hg****@altervista.org,99fbd514fa0f467c069c9ab078371898f13c114d9c4a345c195dcd374bbed7ac,43.0,True
533,Jobey,Pilipets,20,jpilipetses@intel.com,Russia,3,87,47,45,jp****@intel.com,99f9ce218dbd6c9e7f3a4cddd8fe1226027a98ac29fd1d70bb55824a573a6a24,46.0,False
534,Scotti,Cuttles,18,scuttleset@google.co.jp,China,30,36,43,36,sc****@google.co.jp,d2801f96eedf80e8c622d40b18b6eb97d2511f21f1e3dc93d74ce10777c99ca7,36.0,True
535,Junette,Lulham,23,jlulhameu@nbcnews.com,Nicaragua,52,5,43,33,jl****@nbcnews.com,1ad7fda91adc16cc61926f5bad0c8c9a6fbd49a131f95f9dd13175b9114fd7d3,33.0,True
536,Carny,Letford,20,cletfordev@canalblog.com,Brazil,28,31,65,41,cl****@canalblog.com,0e4ae2e63f854da2132274c2eb3f58fbf72c7bb668dd8b9e0958dc23209903f9,41.0,True
537,Rori,Sparry,20,rsparryew@illinois.edu,China,59,58,91,69,rs****@illinois.edu,a44c5c82ae3c361b049d1709cd19cc304e56cee3ea086a0e71818b36a0442389,69.0,True
538,Donny,Duggan,18,ddugganex@yahoo.com,Indonesia,5,90,52,49,dd****@yahoo.com,24c677a3bf8d39fddfabad9b038abcaab9f96c4f95d717a1893918dae54e7ceb,49.0,True
539,Thea,Hegel,21,thegeley@is.gd,Vietnam,29,90,29,49,th****@is.gd,601b77eb6d9224e8dce14157d81688b4969ddb976eaa348a91b35dd6394156a1,49.0,True
540,Jackelyn,Lovejoy,20,jlovejoyez@irs.gov,United States,18,11,83,37,jl****@irs.gov,0e1e5ec049855460673caba1f30446ed453158c5943d94e1b02a43708ae36702,37.0,True
541,Brice,Kellett,21,bkellettf0@clickbank.net,China,36,15,20,23,bk****@clickbank.net,60d10e1b8dfe679d12386d81880c3b67b9b5f99cfa0b55e24a2f0e4b663703f8,24.0,False
542,Pebrook,Keyse,22,pkeysef1@vistaprint.com,China,37,16,99,50,pk****@vistaprint.com,eef34955b31424c941cc08b43097e0cbfc6359c3cdbc632938ef0134e957d034,51.0,False
543,Gabie,Lavington,23,glavingtonf2@webmd.com,Cameroon,74,47,25,48,gl****@webmd.com,1dec4cb0640ca3ae64de551144522ef4c393e1fbacb698964c335a1592a1ac3e,49.0,False
544,Grayce,Boshere,25,gbosheref3@desdev.cn,China,60,98,37,65,gb****@desdev.cn,e01a47213d7048d919913f91d5fc2c21f1c89d43d29cc45b7799f9fe2a2c4827,65.0,True
545,Jarrad,Kerwin,20,jkerwinf4@amazonaws.com,Macedonia,61,59,39,53,jk****@amazonaws.com,b9c3b63e36c156fed905a404e8bf8840b86994f27927d5866979ad1e631a29c0,53.0,True
546,Jock,Richford,21,jrichfordf5@nifty.com,Indonesia,27,26,2,18,jr****@nifty.com,06abe7d899ebfd1d037595070f3d96667d79bb68fed6168e0922794ee6d727c5,18.0,True
547,Estrella,Molfino,21,emolfinof6@jalbum.net,France,89,84,39,70,em****@jalbum.net,ec13e812fab6a0b8faced368d95134b7970eb720dfbdbb3f21ef83539df2f93b,71.0,False
548,Tanney,Bunkle,23,tbunklef7@flickr.com,Greece,22,83,85,63,tb****@flickr.com,c72f478c729d7a29da5407faf5bae3b61e8d9de82bbb5df4250db43926c26006,63.0,True
549,Jody,Hartas,19,jhartasf8@woothemes.com,Armenia,89,39,92,73,jh****@woothemes.com,9bbebff90dc3398bbb3e2b65c1a5625efa8b663af791058df89e1b307e6aebb0,73.0,True
550,Archer,Vinker,22,avinkerf9@ucla.edu,China,46,94,84,74,av****@ucla.edu,5b0048a0e72cdfdfd3e449266599e7e17fece38ef098b58847f1672fc635d316,75.0,False
551,Northrup,Bonellie,19,nbonelliefa@google.de,Slovenia,0,98,51,49,nb****@google.de,a69c4088faa77a83eb914005538b21cbb25200db33c85fdaab50aa7b5d556153,50.0,False
552,Dinnie,Camp,22,dcampfb@imdb.com,Portugal,80,51,13,48,dc****@imdb.com,9d55852df2fb2ac82e82e88fefaa1338312a8da7077b1a382f27ebedd670fc4f,48.0,True
553,Verne,Scraney,20,vscraneyfc@yahoo.com,China,59,79,51,63,vs****@yahoo.com,e970a65b83b7d109b3728bb5cfab51221d751d3f448ce66e3ad9feea8831eac1,63.0,True
554,Carlen,Cardon,25,ccardonfd@creativecommons.org,Nigeria,22,59,63,48,cc****@creativecommons.org,87b4ea122810adcf05484ebcb50d9ddebe8ec3e0876dee25dc14fbc1ab5778fb,48.0,True
555,Marlow,O'Rudden,20,moruddenfe@reference.com,Portugal,23,86,34,47,mo****@reference.com,b4c8166b73b78ee53d5b2a4d798e97c9ba48cdf4c41f54d43318cfb91c541c99,48.0,False
556,Ingamar,Creedland,18,icreedlandff@unicef.org,China,36,91,37,54,ic****@unicef.org,bde6e607603d1f3eab869b0a7ecc7f1ffb6fc449edd9c803dc009c7e5ac6b373,55.0,False
557,Brockie,Gleaves,23,bgleavesfg@thetimes.co.uk,Canada,84,79,84,82,bg****@thetimes.co.uk,62f497e73d968aeda5d1d4fbb2da1464e80e1484a9050bec4eb137da519c27f9,82.0,True
558,Raphaela,Hing,18,rhingfh@clickbank.net,Mongolia,71,72,86,76,rh****@clickbank.net,23221ade9013011af83595d8879a96876303e584645126fcfc5ede24d097037e,76.0,True
559,Kristine,Ell,24,kellfi@independent.co.uk,Brazil,99,67,27,64,ke****@independent.co.uk,fbc3f22ef7b29f3c1f6ac2b794c10138b8b57f336796286db0747dd932d65784,64.0,True
560,Garrard,Lidell,23,glidellfj@bigcartel.com,China,3,49,49,33,gl****@bigcartel.com,b5bc12a7255a5849a178b27b34497604f313f55c0f0483e9f7bf478cb020a1f0,34.0,False
561,Dalt,Innot,19,dinnotfk@statcounter.com,Brazil,91,21,6,39,di****@statcounter.com,3d14e72de6a5368eb6ed496f90f35d97320eb1a5a5731a247a28b82169555302,39.0,True
562,Wain,Borleace,18,wborleacefl@de.vu,Philippines,72,44,38,51,wb****@de.vu,87e136bd3f685785f7ad709f81d8b79ab4b2da48633fc6a1ed167cafdfa61cd6,51.0,True
563,Gery,Blucher,21,gblucherfm@whitehouse.gov,Indonesia,21,51,42,38,gb****@whitehouse.gov,e095418b01bb1f3ea1c47fe02a6174020f16991d1de6a86351a1e709e54de130,38.0,True
564,Phaidra,Drynan,18,pdrynanfn@seesaa.net,Ukraine,72,21,93,62,pd****@seesaa.net,1931db1f1681d07ca39f1e5e0b72a3084a550bc58f6eddd257511a788d44ddc3,62.0,True
565,Pietra,Pontefract,23,ppontefractfo@1und1.de,Jordan,22,51,65,46,pp****@1und1.de,e614df94b7a9f583267adc788e8f3a7490779adc7c0a285f087ffdd2a2104dce,46.0,True
566,Tymon,Gillebert,19,tgillebertfp@geocities.jp,Japan,4,81,81,55,tg****@geocities.jp,778be103d55fe8919335c28ec182cc8fc011a7cc68c659f4f10f67a2daa4f10f,55.0,True
567,Augustina,Biasioli,20,abiasiolifq@huffingtonpost.com,Russia,35,5,14,18,ab****@huffingtonpost.com,58b0c9467a4101e27a36ef8e22d0e417f38be6177cfb19f8f969748a5c36c83f,18.0,True
568,Aubrey,Parmby,23,aparmbyfr@infoseek.co.jp,France,27,87,16,43,ap****@infoseek.co.jp,f6c78293c93b964c301d6d8e28d620c692b7080f3d86a25c3932539ef18a95df,43.0,True
569,Cora,Sedwick,24,csedwickfs@reference.com,Indonesia,13,53,35,33,cs****@reference.com,164c74d08eec030be8fd56fc012adc27dca5027316f9332f527366ba625cbaf4,34.0,False
570,Clarisse,Ledes,24,cledesft@samsung.com,Indonesia,93,95,29,72,cl****@samsung.com,d6546d6564551eb6677d042792abc9479f356b027b1d458d7cd8c0e62ca65d6a,72.0,True
571,Palm,Marflitt,19,pmarflittfu@amazon.com,France,28,96,22,48,pm****@amazon.com,cd3cdc24dbbd69721cc34e2f29e941a74998cd6fd17d6633b1695fefc76e1026,49.0,False
572,Marguerite,MacKeague,21,mmackeaguefv@google.it,Ukraine,17,98,34,49,mm****@google.it,6ef8eb77f4938978b691f691183fae9a8d7a015f6d9d96e4863f88c9593e4c24,50.0,False
573,Mady,Nockells,20,mnockellsfw@jugem.jp,Philippines,68,95,82,81,mn****@jugem.jp,6e56e74e17468e6a038b554097b6df85659e8c5683ed39022799dc5bd0753fdc,82.0,False
574,Lynnet,Fayerman,25,lfayermanfx@epa.gov,China,5,62,86,51,lf****@epa.gov,19b710641052fa500824633e1e5904008d63a7e15764defb5242df8714fcbf16,51.0,True
575,Bary,Renahan,23,brenahanfy@weibo.com,Japan,96,92,1,63,br****@weibo.com,64c9f00924e0abb2c57d8ff398c48bc8fa89fabb737f03b97813951f0575896e,63.0,True
576,Bailey,Deeney,20,bdeeneyfz@netvibes.com,China,76,89,96,87,bd****@netvibes.com,d4bbe7a786f3db1ebf9f959f5570a2fab364cb9994faf153a0c3e28133a6941f,87.0,True
577,Garik,MacGaughie,23,gmacgaughieg0@aboutads.info,Cameroon,97,71,15,61,gm****@aboutads.info,e482d07bb00878421430c576cdbe699ec0cc93ee9121c48bfa95132309247b4d,61.0,True
578,Jeannie,Crowch,22,jcrowchg1@tripadvisor.com,Nigeria,18,3,45,22,jc****@tripadvisor.com,c707bcf4bec90cae0240d5649214cf2eaf82394b79556e7c05e105bd0d919867,22.0,True
579,Codi,Kleinstub,25,ckleinstubg2@vinaora.com,Kuwait,23,28,26,25,ck****@vinaora.com,6d151308fcc11331aedd84a10e7d92043118dcd9713babd91db3d33ad5877162,26.0,False
580,Ulrich,Blake,21,ublakeg3@edublogs.org,Central African Republic,16,30,50,32,ub****@edublogs.org,1c5ab4ebf82214c3dd3f5607c458f2a5276672af2d9f4e302c14db3481e56b65,32.0,True
581,Jamaal,Cowely,22,jcowelyg4@issuu.com,Portugal,94,87,64,81,jc****@issuu.com,c2736e82b0a29ca5d64f9d4e75b24c00703b772bd2ca4f43c0c04d7f84c13506,82.0,False
582,Shelby,Ceyssen,24,sceysseng5@statcounter.com,Bosnia And Herzegovina,49,1,11,20,sc****@statcounter.com,2b66f2924fe3aad3003ef6f9768599c93c37d68e278f6caa794b631d31e1b635,20.0,True
583,Felike,Devoy,20,fdevoyg6@seesaa.net,Mexico,22,93,100,71,fd****@seesaa.net,762bd555d3cb500c38b49acdefa2287a8c309637b76e29d12036f9580adbb0d7,72.0,False
584,Letta,Ginman,20,lginmang7@patch.com,China,97,66,75,79,lg****@patch.com,d0bef86d20b591f8b8c1ee334386f23b26e41d964ff1c2a4ecdafb003b3c0845,79.0,True
585,Valma,Pulbrook,18,vpulbrookg8@tripadvisor.com,Indonesia,94,80,57,77,vp****@tripadvisor.com,0a579e6c2e4dfa642e67ed1f5611822db808ca01791931989e53fd71f7dc96f6,77.0,True
586,Faye,Ramstead,24,framsteadg9@jugem.jp,Armenia,58,58,73,63,fr****@jugem.jp,2babf258c9f92d007f2fce512cee35ea0b8c8d792f2f88fa9a93d49c48e87bd3,63.0,True
587,Ebenezer,Philipeaux,19,ephilipeauxga@senate.gov,Brazil,12,12,97,40,ep****@senate.gov,dca3ff5ee8de8d465a2d8ca14bc53ddcc82c849690332af603d01c91ec2b9581,40.0,True
588,Sibel,Kettlestring,24,skettlestringgb@tiny.cc,Kuwait,70,85,10,55,sk****@tiny.cc,e522e34cb746a1050e3a97fe34f7f50ac250a63d8f7e543c1c2183d742d57aba,55.0,True
589,Beauregard,Halleday,19,bhalledaygc@webnode.com,Russia,1,61,25,29,bh****@webnode.com,f894f56a9bdc618e164881768d2bf5a433d886320e20229a8634cf3f615c3304,29.0,True
590,Jackie,Van Halen,20,jvanhalengd@reverbnation.com,United States,29,38,20,29,jv****@reverbnation.com,88dd5a506b5907967f95f299e36bcfc78cb7f0389249d3289cb08d2b36da8851,29.0,True
591,Jacquenetta,Cristofalo,24,jcristofaloge@adobe.com,Argentina,43,95,63,67,jc****@adobe.com,74713a8eeba86e536bf10bde3ed03e77d560045a57596e9849ed98859a2221c6,67.0,True
592,Raffaello,Scatcher,22,rscatchergf@soup.io,United States,81,28,18,42,rs****@soup.io,7962e3a90e9ef4a65fd6303e597b6f3adaa1ef03128d2dd89e5913b8d8e52f69,42.0,True
593,Angela,Bernade,22,abernadegg@nyu.edu,Indonesia,61,24,69,51,ab****@nyu.edu,555c6611fa087ed64cfc8b016053c8c6e0ac4bb89c202bc8f7fdc36243187aeb,51.0,True
594,Hendrick,Gulliver,24,hgullivergh@telegraph.co.uk,Czech Republic,81,62,45,62,hg****@telegraph.co.uk,fc8f1dcab9371daac5dd2f5ee7651d5246cca2db9ffa56240f4c027027c3a51e,63.0,False
595,Connor,Bohman,21,cbohmangi@businessinsider.com,China,68,28,11,35,cb****@businessinsider.com,15d74318a73ed13ef769be73c01ce809b7ce1229cffb47e57aef28d030d9f216,36.0,False
596,Corabelle,Savine,24,csavinegj@pinterest.com,Japan,7,96,40,47,cs****@pinterest.com,8f146528a403acadcf8b711be1c68b6a810a2523248586dcaff9aa35660f1ab8,48.0,False
597,Kylie,Croster,20,kcrostergk@unesco.org,Argentina,47,93,94,78,kc****@unesco.org,49216274eb65239e2a3a2e26cd61def95f3c125e9fe8e7b4d73a4a3ce3e987e1,78.0,True
598,Lelah,Wickrath,25,lwickrathgl@newsvine.com,Indonesia,51,18,91,53,lw****@newsvine.com,5b13fcb9f4dc65548e3db2a8c712708834db24c687edf1548f15ac25f77aeade,53.0,True
599,Sheridan,Merredy,21,smerredygm@springer.com,China,84,6,19,36,sm****@springer.com,ac5c4089149b4d84b496e3e8d5bc0d7d72590059c502f72db8e71790d3b880a3,36.0,True
600,Brittne,Runge,18,brungegn@rambler.ru,Brazil,100,9,99,69,br****@rambler.ru,54923f4b51405ac64a0622a9d78f7ea63205394b58b9b0fc4a792b2c884248ea,69.0,True
601,Egor,Roddy,21,eroddygo@domainmarket.com,Colombia,96,51,20,55,er****@domainmarket.com,593b4f3538e36d035b5ac47e4616a03604358b8b84102eb9f17b240e0b9808ad,56.0,False
602,Domeniga,Fransson,23,dfranssongp@rambler.ru,Poland,32,14,72,39,df****@rambler.ru,0e9b1ac039fbf7fb94b7673f538082f4d0bbb97cece48e6d4636b863ab0f859b,39.0,True
603,Francine,Berger,23,fbergergq@nymag.com,Japan,78,92,72,80,fb****@nymag.com,f70de8fa07de9f2c3bc4d74edb383f54782501395984487d8afb219df2b4f2b5,81.0,False
604,Cecil,Sweeten,19,csweetengr@sitemeter.com,Russia,39,79,87,68,cs****@sitemeter.com,f7cc7e7bd55783b2438a3f4870ac6963df4f5e5e7d7a7827d90519ed1ec9a2b9,68.0,True
605,Klara,O'Crigane,25,kocriganegs@tmall.com,Croatia,78,97,77,84,ko****@tmall.com,84a2461394446ca1a884c17157f309c24b5ce79847e51b15a32c0252ee59e9d1,84.0,True
606,Percival,Andreacci,25,pandreaccigt@usa.gov,Philippines,55,47,86,62,pa****@usa.gov,b212c007d1e9f5a09b44fb00ea5eec89b79d1c0150029f0860e3b6e9e1524606,63.0,False
607,Elset,Puig,23,epuiggu@blogger.com,Argentina,48,18,46,37,ep****@blogger.com,56a57c17808061c485a82ec7b4b453a183c4e673810509823d549984e686e5ba,37.0,True
608,Silvio,Castagne,19,scastagnegv@unicef.org,Brazil,65,55,44,54,sc****@unicef.org,2e847d187f528ff6d09ba0ea7b49b3a8444455834264b87f64d9e270a1df4830,55.0,False
609,Aila,Acton,22,aactongw@godaddy.com,Sweden,19,56,82,52,aa****@godaddy.com,de6a60df6804974a0ee2683b3b6fd5232d8cfc8bf31ad5af4fce557ff3c9f951,52.0,True
610,Brannon,Klaas,19,bklaasgx@google.co.jp,France,56,18,96,56,bk****@google.co.jp,527a83e4f6a50af4717e6efe1039dd05fc38c594dc714a9a6f4762bfffe82565,57.0,False
611,Margarete,Ladbury,25,mladburygy@samsung.com,Iran,15,50,18,27,ml****@samsung.com,4dd43602eed4997d8dd36a887501c53f472d5820d4a443361a402abe58910bb5,28.0,False
612,Timoteo,Briston,20,tbristongz@issuu.com,Russia,73,19,74,55,tb****@issuu.com,8dece31333a9699b666b8a008544757c12ad82f272f57e0aeeb7d53d1b7f3349,55.0,True
613,Nappie,McGarvey,20,nmcgarveyh0@hugedomains.com,Indonesia,80,17,97,64,nm****@hugedomains.com,11d96bcc9aca4e917da4d95d2a44705035afbe1d15fa2e5b56067b3c1ef8ecd1,65.0,False
614,Antoni,Fleeman,22,afleemanh1@who.int,Brazil,1,20,100,40,af****@who.int,cc016057defdd098e82a6eb56bb975b51c665af3346486be7d4ffc3f13ae4043,40.0,True
615,Nap,Rainsden,20,nrainsdenh2@desdev.cn,Russia,82,25,92,66,nr****@desdev.cn,b27604c8d788c5a013c8fad46f96f3f5beaf404a13a975f2858025cb2b5b3a9f,66.0,True
616,Athene,McLennan,19,amclennanh3@techcrunch.com,Indonesia,82,10,64,52,am****@techcrunch.com,7fc3c800fc0f74f186f0bbcef6ee97ad2420f7c824bedbc33b77e3514f743001,52.0,True
617,Alec,Advani,23,aadvanih4@cyberchimps.com,Canada,42,34,29,35,aa****@cyberchimps.com,d59dae46fdf8ffd3f9540e64ffeab82fe7d04d1c34f01c805c68336f14e6656f,35.0,True
618,Averyl,Dale,22,adaleh5@ning.com,France,54,43,55,50,ad****@ning.com,29e812776e394bb823f14648faa567bd458050d04a2066cb507efd372f61c1f8,51.0,False
619,James,Nadin,25,jnadinh6@addthis.com,Indonesia,54,76,30,53,jn****@addthis.com,64c67ed5968817d68fecf91a426d7edc924cfbbc2f9fcb8590726021b3cedb7b,53.0,True
620,Kirbee,Dunkerly,23,kdunkerlyh7@rakuten.co.jp,China,3,5,36,14,kd****@rakuten.co.jp,dd22625767e651fdcaf85034898289b85a7f12a38e5443600c4a813e7a2fec70,15.0,False
621,Lia,Rotter,20,lrotterh8@cafepress.com,Macedonia,34,18,47,33,lr****@cafepress.com,f0853c0b0156993bfd6938cf5ac7a745c112c9c7e3e7d0a1dfbda1c748814682,33.0,True
622,Norma,Fawbert,22,nfawberth9@irs.gov,Guam,9,29,57,31,nf****@irs.gov,b209f18798cf7693e6e78dc8379a7867911f4e693dd23c8120475da97a71ccd4,32.0,False
623,Warden,Dreier,22,wdreierha@dedecms.com,Portugal,66,1,71,46,wd****@dedecms.com,96471c63d08b8a2624f5bc4c3dcbe13883f7b3e97639ec540a43f1dddfe42fe7,46.0,True
624,Mignonne,Surr,21,msurrhb@infoseek.co.jp,Poland,19,94,93,68,ms****@infoseek.co.jp,71efb7e62a02aa75dc8045395a25529468e61acaca398c951cebc6a69a0d11a4,69.0,False
625,Tiebout,Garret,18,tgarrethc@fc2.com,China,20,52,83,51,tg****@fc2.com,c2447bd9cb67c155f8dfbd2de68e768a06f27d326a2c3cd4c2a157112c91b500,52.0,False
626,Daffi,Ollet,22,dollethd@infoseek.co.jp,Botswana,23,49,61,44,do****@infoseek.co.jp,8b639920d4f3e570aeaaf4f5a5086eccbc2b6d6c62c631cbc26a5ecc42681a36,44.0,True
627,Roselia,Burless,25,rburlesshe@rediff.com,Nigeria,26,57,18,33,rb****@rediff.com,bab9d042cf9263ab8e45e4a0138eabdfd5b45a73c01c9bb915dbc93a015baefe,34.0,False
628,Leland,O'Mahoney,18,lomahoneyhf@xrea.com,Yemen,54,58,29,47,lo****@xrea.com,9c608b0428a6c3cee65235a57cc18e668c314102934c1e1c595031cc217a757f,47.0,True
629,Julian,Sydes,20,jsydeshg@ezinearticles.com,Brazil,69,58,21,49,js****@ezinearticles.com,9c7f64dac63ee6aaed14745482beef06f9d0665c9aa9934611f86c03ecd6ac4a,49.0,True
630,Bathsheba,Hemphrey,19,bhemphreyhh@kickstarter.com,China,68,70,100,79,bh****@kickstarter.com,710104588cc27e8bd3cc3528ce3b119a8028763c09d29cf6258278e9d9e2073d,79.0,True
631,Hilton,Zorzetti,18,hzorzettihi@nymag.com,Greece,14,37,50,33,hz****@nymag.com,b2223e0c4deac25f828540da2d5063fc8511e4c8c978d5b69da3796ed2700299,34.0,False
632,Marius,Grieswood,25,mgrieswoodhj@biblegateway.com,China,57,85,49,63,mg****@biblegateway.com,07150779a56d1cf12f9c31e0a92669a34b22e3502836112dfa26c17bf1ec6928,64.0,False
633,Sarette,Raft,19,srafthk@wikimedia.org,Russia,11,15,25,17,sr****@wikimedia.org,eea2f2febbc668110e2dd50f1a091a6b9fe78f69fd590f5f08231885127e7f39,17.0,True
634,Marylee,Tupling,19,mtuplinghl@mashable.com,Indonesia,80,26,97,67,mt****@mashable.com,738415203f57dc7e76a6aeda5f03b1c5ad4d48d67bf1d8a5adef47b2ab1fbe11,68.0,False
635,Ailee,Stillert,24,astillerthm@house.gov,Poland,56,49,46,50,as****@house.gov,b6ded0e38b02a5b7d44a919cde72e4f2f184a92dbfa246bf24cb5e36f7a3db33,50.0,True
636,Mara,Starbuck,25,mstarbuckhn@hostgator.com,China,37,25,58,40,ms****@hostgator.com,adb66bd4f47ea1b1ba86bb2e475bc6239bddff6a685fcc8ecf055bc7457a5d47,40.0,True
637,Konstanze,Downe,22,kdowneho@phoca.cz,Philippines,6,20,91,39,kd****@phoca.cz,7047c88d5b2e7ad70f72a108406a6099161cbe4bf4891ecbf32f139e83692443,39.0,True
638,Lionello,Steere,20,lsteerehp@webeden.co.uk,France,88,30,70,62,ls****@webeden.co.uk,db81b2ac500567bb82afb0d556fb4a248d0f82a26b352169b81ec955e84f87c5,63.0,False
639,Ryun,Abramamovh,20,rabramamovhhq@angelfire.com,Brazil,87,15,7,36,ra****@angelfire.com,90f3f21821177d8e3e99b52b0a5912f9f739dc0f78af41d7964a5f6f425dfd83,36.0,True
640,Pierson,Spieck,20,pspieckhr@w3.org,Russia,84,42,80,68,ps****@w3.org,a0316537a60847b4e25a23fc744f03d00117a3393abe45cf66fe9579584a41c0,69.0,False
641,Julina,Klimochkin,19,jklimochkinhs@nps.gov,China,82,10,81,57,jk****@nps.gov,b1159fa99dfc263c1074de8d30373dcfd5586e37f5b078a57474cb55ff1de664,58.0,False
642,Roscoe,Whittam,25,rwhittamht@hhs.gov,China,51,30,3,28,rw****@hhs.gov,bfb4fd31098ef5882df88497e0d5b0ae137dadedd1cbedb7ad89e722630b9e37,28.0,True
643,Devlen,Shoemark,18,dshoemarkhu@cbc.ca,Canada,21,38,8,22,ds****@cbc.ca,43843eb363bc9a7765a0f1e9c43230e65184040f42d0d58f19ca260e1237938f,22.0,True
644,Ransom,Enrdigo,23,renrdigohv@unc.edu,Latvia,38,87,63,62,re****@unc.edu,35afa43114f4a2371612d17d44c5fcf4ec8638786a75eac2eae53e904b2f53da,63.0,False
645,Krystle,Fursland,21,kfurslandhw@hibu.com,Indonesia,20,81,21,40,kf****@hibu.com,0c2a92dde760b66d0498b92f4a0821cafdd38c6f67b8344b3d7a90851afe3fa6,41.0,False
646,Allyce,Coultas,23,acoultashx@pcworld.com,Macedonia,33,93,44,56,ac****@pcworld.com,4654816989adf4f1a9aa6b2427c248980e250d19e906308bdf5d8eace6d91281,57.0,False
647,Isak,Kissick,18,ikissickhy@icio.us,South Korea,30,29,98,52,ik****@icio.us,3e67872523ef128b4a1681522ef023ca3d52c2b36bf354434d958c6e7c3bca6c,52.0,True
648,Linzy,McElwee,21,lmcelweehz@mapquest.com,China,95,53,54,67,lm****@mapquest.com,9c91b473a3e4b39ca97645afdd44b1eb789d4271bca58d8092ae67be804708bd,67.0,True
649,Mead,Andras,20,mandrasi0@independent.co.uk,Malta,0,45,21,22,ma****@independent.co.uk,bb638bf4b5da40be4ff71674690c3cc072a94fa93ea67f5c5a7fb29e57f53092,22.0,True
650,Ivett,Balas,23,ibalasi1@bloomberg.com,Comoros,68,72,43,61,ib****@bloomberg.com,0bade86c1e8c94d11914c0ca0a6d0621b8d6dff52a6697f54bec1c3ee6ef8240,61.0,True
651,Khalil,Roskruge,21,kroskrugei2@java.com,Portugal,34,33,96,54,kr****@java.com,b4d24a8921f0091ef57119f8f28291df5eee22fae184da5d58e01cc6234111c6,54.0,True
652,Tommie,Marten,25,tmarteni3@uiuc.edu,Russia,11,47,100,52,tm****@uiuc.edu,0c8b5051f1e60bc856588b8c7b6ae6a71b9994db3ebd1a722dd19a4a621fa147,53.0,False
653,Denver,Weyman,18,dweymani4@independent.co.uk,China,32,49,7,29,dw****@independent.co.uk,11cc5e2071693c640c170105aba58a8063620bcfd825c08b352e429a36fad627,29.0,True
654,Ninon,Calcutt,19,ncalcutti5@4shared.com,Brazil,26,35,89,50,nc****@4shared.com,5ccdee8eb36e23f40bc42eec940f100e0dc0e9e79b07029ce96b9280d60611cf,50.0,True
655,Hope,Ballay,19,hballayi6@xinhuanet.com,Philippines,97,6,31,44,hb****@xinhuanet.com,733b930c27af6f63ab3ec88d843f2e7ef8774fc49d59f773a7d3f9e92c880c3e,45.0,False
656,Reggi,Korpal,19,rkorpali7@eepurl.com,Czech Republic,45,64,0,36,rk****@eepurl.com,f4196b1a9f5e79988020a91fe12da4f1d48bba0c680cfd5a6766610d0c7edc60,36.0,True
657,Alis,Kay,19,akayi8@ocn.ne.jp,Philippines,24,48,23,31,ak****@ocn.ne.jp,fe29556ae57ad1bab55a21fba1f56227f936a1321ab216a3689f29566d56e6ff,32.0,False
658,Steffen,Bater,20,sbateri9@cdc.gov,New Zealand,62,8,85,51,sb****@cdc.gov,01a8de31036195d72edb30843347aaf4129cb424c8e63598d30a30c93c94b1d6,52.0,False
659,Thorpe,Cunniff,23,tcunniffia@printfriendly.com,Egypt,81,8,45,44,tc****@printfriendly.com,c0c953ed14f607a7811cca679116a5ae6fadd085561f3b76e60a951013974f84,45.0,False
660,Natka,McCuish,21,nmccuishib@woothemes.com,China,36,56,4,32,nm****@woothemes.com,a76ecfa399a5d67bc06966024dcd1f6d6bca05e6ca557eccd077b7f38a32ada5,32.0,True
661,Margo,Mendez,25,mmendezic@w3.org,Finland,90,28,53,57,mm****@w3.org,04bbaea8dec448b96f0fc93fa71d99c98cf3d940d920fde32a6ea4bd49919a9e,57.0,True
662,Elinor,Lauritzen,24,elauritzenid@flavors.me,United States,1,2,93,32,el****@flavors.me,3499af9a2aefa3de9887b2e093c756faacef37b8fba3aaf11d911d823270eb09,32.0,True
663,Aurlie,Fridaye,24,afridayeie@sciencedaily.com,China,51,85,84,73,af****@sciencedaily.com,58a857779bec2f688a2a3f4677b57b03f978b0d14867cc1faaee7a13060503b9,73.0,True
664,Duke,Petrenko,21,dpetrenkoif@google.co.jp,Honduras,15,97,65,59,dp****@google.co.jp,3547c050ffb9fed9c76cdd828110f9846fd336a935ffa74160450e2deecdc7e7,59.0,True
665,Rudyard,Scorey,23,rscoreyig@desdev.cn,Argentina,25,1,79,35,rs****@desdev.cn,a92d621d8204442d09ee86b525c65b1ecc07b0b45fb4fe54afd15b899cc34282,35.0,True
666,Candice,Shaul,23,cshaulih@cnn.com,Senegal,60,13,31,34,cs****@cnn.com,30b69a85efe90cb1a39164640a3f3004ab3e6e6909ab1b4ecc2093924dfa9363,35.0,False
667,Nigel,Moralis,25,nmoralisii@earthlink.net,United States,97,68,45,70,nm****@earthlink.net,b2d2b76da5f30f667ced66846aa9eda1566b7f13ce0043f9ff77134405a1063f,70.0,True
668,Ellie,Menichillo,19,emenichilloij@a8.net,Ivory Coast,15,76,68,53,em****@a8.net,50b7abc02d89b9ace6078c555e4493da0aa9f375fe30155dff6082973501a65e,53.0,True
669,Trixi,Bailiss,24,tbailissik@illinois.edu,Sweden,87,12,87,62,tb****@illinois.edu,29c8f2e4282342d8ed1eca5fe1208f5d1fc572a8c292595e0175dc4c85816bbf,62.0,True
670,Jessie,Radden,21,jraddenil@youtu.be,China,3,31,36,23,jr****@youtu.be,d0c75cd2ce15e3525e7333703fa95890682dd3e613516c9f20534d370dac1eea,23.0,True
671,Dara,Cornilli,20,dcornilliim@blogtalkradio.com,Ukraine,67,86,21,58,dc****@blogtalkradio.com,8d65b0c4e7dd3427011b7518467d9a32d40c112ef799ffb9c80800a81d3e9514,58.0,True
672,Christabella,Fero,22,cferoin@ezinearticles.com,China,40,73,27,46,cf****@ezinearticles.com,a3c3365d6feaad3639165f821f5896c2f921b16beccc0a689dc307e527dc1fe0,47.0,False
673,Arlie,Hamshar,25,ahamshario@spiegel.de,China,78,94,0,57,ah****@spiegel.de,9d6b84594a8996c8c00d8414dcaab0a5cacdb0d53e99b09ae5854eebd6b1109c,57.0,True
674,Stephine,Leonida,18,sleonidaip@mtv.com,Russia,99,19,1,39,sl****@mtv.com,21c0fe6b9f2fa6a9da6d81d52d13e491869f802f1f5abf7ae1c4cc7ea3e5c029,40.0,False
675,Gayle,Laffranconi,18,glaffranconiiq@yahoo.com,Czech Republic,82,60,42,61,gl****@yahoo.com,c35a0ea848931ca12579b1adf5f201270c85e4cecaf74effaab6bb172474280e,61.0,True
676,Merrie,Wickwar,23,mwickwarir@lycos.com,Cuba,58,87,11,52,mw****@lycos.com,6547983dc47f06deb3539a7c38504fed4f0da1ce1326327857da58bd72fd04ad,52.0,True
677,Orin,Foux,20,ofouxis@jiathis.com,Peru,53,39,66,52,of****@jiathis.com,9996008fa7d306aeae302efe39ba558a24a16080de77d266ee3a021f8c01f99f,53.0,False
678,Ray,Couvert,24,rcouvertit@tinypic.com,Czech Republic,56,91,48,65,rc****@tinypic.com,cd437236d3783a6a06fa6d0f4258dbd295d09926b7eaa107f42d6df5d6e4e568,65.0,True
679,Reginald,Orpwood,18,rorpwoodiu@cdbaby.com,Colombia,90,48,62,66,ro****@cdbaby.com,eb4748298b6d142f07f5c2cfc300317903153bfd245e0ac59040ddf8e14a7b4f,67.0,False
680,Abbott,Warret,18,awarretiv@yahoo.co.jp,Indonesia,47,58,68,57,aw****@yahoo.co.jp,8035bf1c0bae380313a3bb319f7a5f027e3080bc6dcfba87cd7beabfcff0c86d,58.0,False
681,Denna,Scorrer,19,dscorreriw@uiuc.edu,Norway,17,72,30,39,ds****@uiuc.edu,f002339a620b3ad88c6dcaaa11b5fa07ab083990ef6fd67eb3a9f0b4e3c9385d,40.0,False
682,Madonna,Lydster,24,mlydsterix@who.int,China,65,43,13,40,ml****@who.int,b788e8d544baf5264bd7fd944fba67d75dc4169dd3dff5c7fc78d85882691d18,40.0,True
683,Wake,Meah,25,wmeahiy@wikimedia.org,Czech Republic,39,34,10,27,wm****@wikimedia.org,1080eabdfd21566f06f6097b88630d482e93f75c52b84c388e3a0cdd5aaceb7e,28.0,False
684,Kris,Parysowna,18,kparysownaiz@diigo.com,Nigeria,9,42,36,29,kp****@diigo.com,9882824b3d4747347b2ec78cd73522e55e56b9a2ca508439961b6a2a769ef002,29.0,True
685,Zoe,Rosendale,24,zrosendalej0@goo.ne.jp,China,66,71,73,70,zr****@goo.ne.jp,cc39691ea743de71570125b54a6ad4401a751489774c38b9d302db9e4e67b3b9,70.0,True
686,Roshelle,Beggini,19,rbegginij1@ox.ac.uk,Philippines,70,99,56,75,rb****@ox.ac.uk,1b5629663fdc9221f87da198543512dad06185bedbb5d6ccbe68f564c3e7acd5,75.0,True
687,Andriana,O'Kieran,25,aokieranj2@arstechnica.com,China,4,35,42,27,ao****@arstechnica.com,757ac0bdc5211a9ff00e2be8a773db916e12da712a70747fd382590ba2ef2781,27.0,True
688,Tallulah,Flippini,25,tflippinij3@aboutads.info,Malaysia,30,39,91,53,tf****@aboutads.info,34407e03bd290ad3ab7618786defbb0c8e6ee21b1700485757053fd484a16e2d,53.0,True
689,Elspeth,Crawley,19,ecrawleyj4@uiuc.edu,Indonesia,9,25,30,21,ec****@uiuc.edu,608b84e446f759bec2710120a96f9ce6a4ac720ad74f36a78dd984a2b31546d9,21.0,True
690,Gina,Ponter,20,gponterj5@fema.gov,Indonesia,68,12,1,27,gp****@fema.gov,9c3da5bd86f7a957cf0f63b5fe46111f1e571efd8ea6335637552228d0036c40,27.0,True
691,Freeman,McDool,20,fmcdoolj6@linkedin.com,China,38,93,36,55,fm****@linkedin.com,c521cad233443d25efbf80558d3656aed34fa1920ecc48f41ad040535aa13e35,56.0,False
692,Clementia,Baudouin,20,cbaudouinj7@washingtonpost.com,Ukraine,85,92,22,66,cb****@washingtonpost.com,45d3d1e7202d006061108c745039861697f18d074517ea87b2cdaca0cc577821,66.0,True
693,Charmine,McKillop,22,cmckillopj8@theglobeandmail.com,Democratic Republic Of The Congo,97,68,18,61,cm****@theglobeandmail.com,e966d3d42c8f8f40c9992ff9b39bb11b2ed14aceec03e2e828ca0676a3506281,61.0,True
694,Doris,Gietz,22,dgietzj9@drupal.org,Peru,69,87,36,64,dg****@drupal.org,2dc13dec4a02d90cbda7dca9e9b8e1fcf98017d4a5b85ba69e5a8e880131ae7b,64.0,True
695,Warde,Assaf,21,wassafja@marriott.com,Ivory Coast,36,100,4,46,wa****@marriott.com,ef26de7878f7cb9fe47eb6fddcdcc10f28f49b6906cd65b18e0ff1128cbe8679,47.0,False
696,Spencer,Klos,20,sklosjb@admin.ch,Sweden,88,78,1,55,sk****@admin.ch,e7dfdb722ace5c8fb55c3b69ca760baf569178cec8c49f49445e1a94e46519d9,56.0,False
697,Dody,Odom,22,dodomjc@tmall.com,Philippines,45,66,30,47,do****@tmall.com,dc441c43011dab0ed80dc8e0222df49f1862b25abded87fd454ecc6b13a652d6,47.0,True
698,Elinor,Billington,18,ebillingtonjd@google.com,Philippines,64,4,72,46,eb****@google.com,55e18714e9b59e8ee030f373529fa5339eb3641798e2da3e2dad022e90696a92,47.0,False
699,Devan,Barwell,25,dbarwellje@wsj.com,China,82,99,84,88,db****@wsj.com,2d166cc4c4d9b9ced0c0f6db086c58c2622425596f505496777fc3531bf42c07,88.0,True
700,Antoni,Cobelli,22,acobellijf@ifeng.com,Tanzania,51,43,32,42,ac****@ifeng.com,85957bab2e4017db585f6c1129f490c09ac567a7b233f078fc830fcb7e7c9c1c,42.0,True
701,Morganica,Ferry,24,mferryjg@deviantart.com,Nigeria,13,46,2,20,mf****@deviantart.com,184a2f5c115a9d96e235ecfdd0daa697838a76e7c00da02de1a8a181ff6bfac8,20.0,True
702,Vaclav,Dunston,24,vdunstonjh@zimbio.com,Greece,66,88,92,82,vd****@zimbio.com,ee3aad20071f792c82fbe092df1aa1a8b7259103c90b7944ff7b2d6a4b9ead88,82.0,True
703,Ginelle,Yackiminie,18,gyackiminieji@shinystat.com,Greece,72,61,98,77,gy****@shinystat.com,4dffd75fb4819cf9fea40a70ca9144cfac39d2168b692d71617db5687b6c3276,77.0,True
704,Kinnie,Mewrcik,18,kmewrcikjj@moonfruit.com,Israel,17,8,2,9,km****@moonfruit.com,36e2f8254f722be126c95f96aec550a764c941a652c673dd2929fbd40a4a4326,9.0,True
705,Pierrette,Pagon,18,ppagonjk@ucla.edu,China,90,33,64,62,pp****@ucla.edu,137c8f0242da8785ba3ac7a14f999a2f3fc60b79a23316f9d06d61ed30fa8d55,62.0,True
706,Yuri,Argrave,23,yargravejl@cargocollective.com,Ecuador,96,38,65,66,ya****@cargocollective.com,f302477e1dac728e6367334be30d69d66c1a911256141e4af34a98dbd19bcc9e,66.0,True
707,Shirleen,Dorset,22,sdorsetjm@sciencedaily.com,Bosnia And Herzegovina,47,72,46,55,sd****@sciencedaily.com,58f40ae8f8e18a21df282a39734e5d82015bb9804b6a4fadd888e25856125a68,55.0,True
708,Hyacinthe,Demonge,21,hdemongejn@clickbank.net,China,62,4,8,24,hd****@clickbank.net,6c38347c010b76543daa14c26feb1c58f3b7e9cbf6f4b1e8ce42c6443933f24e,25.0,False
709,Mirella,MacGill,23,mmacgilljo@unblog.fr,Morocco,58,25,85,56,mm****@unblog.fr,5d2a792c5eea4598036cd955a60eff3642e9573cca7d713d0978c77385da58d3,56.0,True
710,Lissa,Challenor,25,lchallenorjp@artisteer.com,Philippines,68,4,14,28,lc****@artisteer.com,ecf6b3a35b19012cb085c8c5ac2823430886cd28e390ddfdc25ec0efa4a8f47e,29.0,False
711,Tallie,Bencher,21,tbencherjq@cpanel.net,Philippines,29,9,85,41,tb****@cpanel.net,a6fdac598bafd4a2439b5570be750102aa22d23f03d22f286fa8eaa2ef6ed8e2,41.0,True
712,Shandeigh,Dougal,25,sdougaljr@google.co.jp,Philippines,10,25,92,42,sd****@google.co.jp,7ea0053da2683ec73b3ab8b34a0e4f2f2213329c49a017505e913415fcf1a638,42.0,True
713,Riannon,Mortel,23,rmorteljs@opera.com,Lithuania,85,91,58,78,rm****@opera.com,b0d1de48767fcf946882850f9ede5ea7ab4dde0ab692787d9a538ba8566fbe12,78.0,True
714,Kaspar,Masey,24,kmaseyjt@blog.com,Philippines,11,24,95,43,km****@blog.com,efdf3f5d16a9eed468352cf50827ed5400b2ed54a0c1a07b8b8e31e64baf8a57,43.0,True
715,Blanch,Gandar,18,bgandarju@nymag.com,Netherlands,9,43,29,27,bg****@nymag.com,9fbd62e904fe17d2d99e26524f31fd55a1469510fc6c664f79e70d16be24c5a3,27.0,True
716,Zebadiah,Chilcotte,21,zchilcottejv@jiathis.com,China,8,92,39,46,zc****@jiathis.com,6da93fec95042763bf738cc66024719cde85c435493dbcc2420774b35dd85808,46.0,True
717,Dreddy,Stowte,20,dstowtejw@bluehost.com,United States,89,54,20,54,ds****@bluehost.com,c46cd2cfe7a206ad89b4fb4e2c128ae469dc1fffb8c79072e21b96937d6c7e2b,54.0,True
718,Daria,Meakes,23,dmeakesjx@skype.com,Indonesia,57,2,72,43,dm****@skype.com,07e38ac127000ae1d9014b7e2f9700ad827718b2459a299e29ad0195c8426e46,44.0,False
719,Arnoldo,Gingles,23,aginglesjy@baidu.com,Malaysia,78,63,25,55,ag****@baidu.com,f139450443e6d8870c251399a14f4d589ca24451d495c4dbc6a25963319a5960,55.0,True
720,Katrinka,Castanho,19,kcastanhojz@altervista.org,South Africa,6,68,93,55,kc****@altervista.org,7c09cfb6e7c25e3e89ff3d7aecdc86d57f0cf417a112134fb7693e18b42b64ee,56.0,False
721,Monte,Jeanel,25,mjeanelk0@bloglovin.com,Russia,83,44,55,60,mj****@bloglovin.com,8482592e23a788794eb3bba13f65d8081862e95bc3c708377c2b0b70aabc56ef,61.0,False
722,Fulvia,Lyons,19,flyonsk1@apache.org,Zimbabwe,16,69,84,56,fl****@apache.org,62676a02ab53864f3dba722416c01cd0c2271d386b960a90d7b6d937b7569475,56.0,True
723,Joannes,Iacomini,24,jiacominik2@cdbaby.com,Mongolia,56,80,74,70,ji****@cdbaby.com,3962ff46dacd16cfcb2468f8bcb850e91455865cc4a0d25f0080b9bfa93dc379,70.0,True
724,Brocky,MacMorland,20,bmacmorlandk3@huffingtonpost.com,Azerbaijan,53,80,42,58,bm****@huffingtonpost.com,d15fd6eb05be8ee49731176e8be795309d3b34392777d8b15a610401a13b288d,58.0,True
725,Isidora,Garrattley,18,igarrattleyk4@exblog.jp,Canada,21,81,92,64,ig****@exblog.jp,b1873ceb4c4b2df95a349c18c9186afe7dbc45842e3f4bf5ec215f9bc37b85e2,65.0,False
726,Micky,Benkin,18,mbenkink5@weebly.com,France,69,27,96,64,mb****@weebly.com,183c476dc3855fc2f6d9bd1564ecc00998e3fc5d6c3b931090dcc501ba675b86,64.0,True
727,Wenonah,Carp,22,wcarpk6@twitpic.com,Dominican Republic,90,85,61,78,wc****@twitpic.com,af01b32732be745261d60a026dee16f5f62095d70a08412aa3e916ec74afbaf7,79.0,False
728,Brandy,Halle,25,bhallek7@economist.com,Thailand,53,87,23,54,bh****@economist.com,5912e1773904e1c8ba5b5c900b76be402dd7ae3d56ed7b2d498843a445752c34,54.0,True
729,Torin,Woodfield,20,twoodfieldk8@alexa.com,Portugal,51,75,76,67,tw****@alexa.com,85bdd6e9be085c0296b02efc603f3a65c807e74e9cbe97bdab0d093b437a4c05,67.0,True
730,Minnnie,Bail,25,mbailk9@example.com,China,93,21,56,56,mb****@example.com,46ead52462ffbd62ad2c62d1c4fbf95157df08ff906b2cfc24c3ebec35a7eff4,57.0,False
731,Wakefield,Isaac,19,wisaacka@weebly.com,Libya,54,83,81,72,wi****@weebly.com,a71da0f54f55d85f7531efd2629b5bd5d7f2ca45252b471ff7150e0d9376f4fa,73.0,False
732,Langsdon,Curro,18,lcurrokb@engadget.com,China,6,82,40,42,lc****@engadget.com,ca63b2b1df72d968195fe393bb07444e2d328ce585ef7103664435e6922acd83,43.0,False
733,Vannie,Whatsize,18,vwhatsizekc@ucoz.ru,United States,15,35,86,45,vw****@ucoz.ru,a8369210a2e170ce336bfdb74fbe89031c9ae875e87e6e5073e38a550eef5355,45.0,True
734,Jeremie,Dible,25,jdiblekd@networksolutions.com,Brazil,79,18,64,53,jd****@networksolutions.com,4553479ae0c1bc402d5459863e09b4548328095baf2f041f8d016df500e87d84,54.0,False
735,Hendrika,Venes,18,hveneske@huffingtonpost.com,China,77,58,7,47,hv****@huffingtonpost.com,40e22aa65f310e062cd2c8db465670d8bbe0622f2c6d7650515a8a5aa542b743,47.0,True
736,Hermia,Bruffell,20,hbruffellkf@tmall.com,China,56,24,54,44,hb****@tmall.com,5da9d7f4d8052072134b8804746a3fc3666bdc55cfc7a9d57eaba01c20247fde,45.0,False
737,Abe,Bartolomeu,21,abartolomeukg@microsoft.com,Indonesia,78,97,96,90,ab****@microsoft.com,296c818242205bbdf2b6d0ad04446436bf6c6c517a49a709b586ca479cd653bc,90.0,True
738,Sylvan,Ors,21,sorskh@home.pl,Liberia,54,48,33,45,so****@home.pl,58fc1f5e196aa3931bb92da45c8cebcb9a87df48613ea70a1762518debe51aa3,45.0,True
739,Vinni,Gosneye,24,vgosneyeki@usatoday.com,Poland,97,48,94,79,vg****@usatoday.com,b5e2c93f91429082f072cd61a786cb096ebb3899adff0007389213036fd28344,80.0,False
740,Giffy,Selcraig,21,gselcraigkj@cdc.gov,China,93,80,95,89,gs****@cdc.gov,546fdce8f1ae70f9469ab1dc5b875165649c0fd03a42a26ea3218e26aaa4ef6f,89.0,True
741,Westbrook,McGinnell,22,wmcginnellkk@photobucket.com,France,77,16,17,36,wm****@photobucket.com,90ffa7c22ea7466e8c5f8dbcda542fe8e0d9a0ccf5358b9a2ba6bb90efc6d95f,37.0,False
742,Tandy,Varndall,21,tvarndallkl@theatlantic.com,Indonesia,22,27,93,47,tv****@theatlantic.com,86469912cf988302c377510d9739b863fa5975cdb11d936b9403d329b25d8467,47.0,True
743,Bernie,Bowe,18,bbowekm@theglobeandmail.com,Brazil,8,89,62,53,bb****@theglobeandmail.com,546670373ad5e3670adf713abc293ca22188273a657f4694c24938725e035df1,53.0,True
744,Agnola,Crone,24,acronekn@instagram.com,Kyrgyzstan,69,22,81,57,ac****@instagram.com,a51c63bb7dbb352485f304473bc2df668afe44ea601906af667c8f3fda208111,57.0,True
745,Kaiser,Tyzack,25,ktyzackko@merriam-webster.com,Cuba,33,88,47,56,kt****@merriam-webster.com,98d07219e98a0ffcc628b5f2448be088879faae831fd6e1168dcfc7ee40084c5,56.0,True
746,Millard,Tofts,24,mtoftskp@google.pl,Vietnam,7,39,22,22,mt****@google.pl,e291cf9a2ef3dead48c27a6f5f596d07da400ce467e6767980f93f1e7421aa1a,23.0,False
747,Margi,Chuter,20,mchuterkq@ibm.com,China,91,10,99,66,mc****@ibm.com,608f251fa31efe746045fbade0acdff455baea443462051b3d1d6ac7cd068359,67.0,False
748,Haleigh,Antrum,25,hantrumkr@posterous.com,China,56,53,87,65,ha****@posterous.com,cc9c0db39e0834a6bd6c1fa2a48ef8c557da1dd2d6fc7bd28783b5650c639bc7,65.0,True
749,Gare,Skoate,25,gskoateks@home.pl,Ukraine,48,19,3,23,gs****@home.pl,1e39d39d0bb5afe6eed32a6abbee56fd19b9e66999bc187760fe84a919e5ce76,23.0,True
750,Lara,Brannan,22,lbrannankt@google.ca,Israel,14,89,59,54,lb****@google.ca,3ef8c6d1e0808a2f97630e843a5bbd72d005c3d6234b7cdf69cbe0934645cb99,54.0,True
751,Dukey,Paolino,23,dpaolinoku@ted.com,China,7,68,48,41,dp****@ted.com,503e582abef582e1b7f51eefdc53dc27337ac7b6c1eb99ee645eeea8f6c07608,41.0,True
752,Maddie,Penritt,23,mpenrittkv@umn.edu,Russia,62,75,5,47,mp****@umn.edu,8a16b65ed84c5b79b4be451b85101ef61d53471dcff78e4de47bed041bf070dc,47.0,True
753,Darelle,Greedier,19,dgreedierkw@netlog.com,China,45,67,36,49,dg****@netlog.com,581436716aaf264c853a3385490068cb17581253d5fdc4e9fa0e276047e701b9,49.0,True
754,Zollie,Bissett,22,zbissettkx@economist.com,Guatemala,93,29,94,72,zb****@economist.com,0430b399b4368ae17644ebbcbb46e1c647b4a570fb3405f18fe2e75060b65ab1,72.0,True
755,Arleen,Stroyan,25,astroyanky@google.com.br,Indonesia,35,78,86,66,as****@google.com.br,23e1625b0d7fc50a5de995ef970673c1adb8bac108a2aa18cb4832541a77d43f,66.0,True
756,Gretal,Deuss,20,gdeusskz@accuweather.com,Tunisia,62,54,28,48,gd****@accuweather.com,20f12b24fb212423a78de675a1b573debe76a59c7b008dda77a6125218e4cb8c,48.0,True
757,Ethelbert,Coltart,20,ecoltartl0@ihg.com,United States,48,59,99,68,ec****@ihg.com,0a783a47a927f4d7f4c2f7a661fff20229a94317d5532bb6e919bd26127c3626,69.0,False
758,Geoff,Clemenzo,18,gclemenzol1@google.ca,Thailand,68,7,10,28,gc****@google.ca,85803ac4baf9b9adc7e61c67dc5f4403ee5f6b81e955ba5cd6594bec0d5d6307,28.0,True
759,Valentine,Staddon,20,vstaddonl2@is.gd,Indonesia,42,75,2,39,vs****@is.gd,5b32c5dc28ed8a125d1ab76697c3600dbf90a3a9998fcb6572c633138d8080cb,40.0,False
760,Deva,Splevin,23,dsplevinl3@upenn.edu,Philippines,60,63,1,41,ds****@upenn.edu,293d9c2e664df71c7c762d504e81856506919e8f68e90dcb8cdb7bcd7d249996,41.0,True
761,Gloria,Ricciardiello,23,gricciardiellol4@comcast.net,China,20,100,49,56,gr****@comcast.net,1797a39d2e10984c1a136b96a8a2608be824e26cad38133e3c5cc2c8243d8f56,56.0,True
762,Genna,Klossmann,23,gklossmannl5@bigcartel.com,Philippines,9,15,86,36,gk****@bigcartel.com,584e2387aae55c4e7aeafe372c2ad04cdf28b9bcc96ff9ad3078596ef344eae9,37.0,False
763,Cathi,Groomebridge,25,cgroomebridgel6@youtube.com,China,87,11,79,59,cg****@youtube.com,48fc142b95b9e64fa8d4273aecdb93ddf1f5f72bb0dac6c2c55d6dbac78ffc0d,59.0,True
764,Wash,Roocroft,18,wroocroftl7@samsung.com,Sweden,40,59,46,48,wr****@samsung.com,54fe56ab9d488c516a14f248682b3eb7bc535a25eb132de457a1ad01f7ed5902,48.0,True
765,Yorgo,Leaver,18,yleaverl8@booking.com,Bulgaria,58,11,81,50,yl****@booking.com,64970ed26adc8796b515e78ed1feca250507886158df54b468df0eec2bdff526,50.0,True
766,Gregg,Henrys,19,ghenrysl9@wufoo.com,Venezuela,100,39,76,71,gh****@wufoo.com,946de5060f860f750834819a0d72a2f5662040aed165b0ced962f739b30525d2,72.0,False
767,Tami,Whitehouse,24,twhitehousela@discovery.com,United States,80,29,31,46,tw****@discovery.com,97f1131f47b21bd665fd1c53963ac07c59998afd80210c6fd56a04ab4796c692,47.0,False
768,Hillard,Futter,20,hfutterlb@naver.com,Peru,65,36,30,43,hf****@naver.com,efc14f6e061d58c4c14d1a34765c67043725788dba84d30ee6d8b9fe81ae5593,44.0,False
769,Alissa,Wadforth,18,awadforthlc@earthlink.net,Colombia,0,15,10,8,aw****@earthlink.net,468784cedcb8b86e914d1456c24d962706d446de806b5f3ff58cfb9defb4a930,8.0,True
770,Arthur,Hindes,22,ahindesld@google.co.uk,Canada,27,88,63,59,ah****@google.co.uk,041f2332f451301d44bcc4dbbcf0466ae1813cef1b0396a9ff7a887a0ab7e705,59.0,True
771,Karly,Mamwell,21,kmamwellle@rambler.ru,Kuwait,87,13,66,55,km****@rambler.ru,4690b81a3f792226041a96f8c6e2c166de4f9e255529baa57df8aaa828b3498c,55.0,True
772,Alvis,Kidwell,18,akidwelllf@issuu.com,Argentina,99,55,86,80,ak****@issuu.com,9ff0fd9b14bd75201d4c202fc7e1e126cbad80bab8e1d6fb11d4c193a6d1aac2,80.0,True
773,Spike,Fishburn,22,sfishburnlg@desdev.cn,Martinique,69,75,71,71,sf****@desdev.cn,3b921ca97b8a2eadf20d8b5a598ed02f9737972e410bd56b4c91fec67501ebd5,72.0,False
774,Travis,Colliber,24,tcolliberlh@fda.gov,Poland,13,62,15,30,tc****@fda.gov,24138b9ecdbb08cf825cf6af84727a46794b3fe1a6ac7490ba36e410c6e64522,30.0,True
775,Frederik,Batalini,22,fbatalinili@feedburner.com,Brazil,46,2,38,28,fb****@feedburner.com,0f254567de4e3e724ac753d20c2ca3fc95a3029b1e31c5959e2ab203020f1242,29.0,False
776,Evelina,Stallworth,23,estallworthlj@archive.org,Nigeria,72,85,80,79,es****@archive.org,bc74663d8d44a5e5d57262335a29cf62c8f8fd0ae0eb84e1770ca786cbb9d3a1,79.0,True
777,Jaimie,MacGowan,19,jmacgowanlk@nasa.gov,France,11,63,48,40,jm****@nasa.gov,79097c8ef326800233c9fb617e8570e8f7555171267f01c93505de100cb1cda7,41.0,False
778,Marcelle,Seegar,20,mseegarll@xrea.com,Greece,96,64,97,85,ms****@xrea.com,eba06dc9328b50b54dfe47e918c695383b892fb825b8f8f5e885ccaf551a43e1,86.0,False
779,Mallory,Eady,20,meadylm@mozilla.org,Russia,72,74,64,70,me****@mozilla.org,f2420bdc9b748295906d92b78aec10d0032cce30259a8f620d40976d33efad8e,70.0,True
780,Noella,Barrowclough,22,nbarrowcloughln@plala.or.jp,United States,80,100,28,69,nb****@plala.or.jp,59ff56c0690f1f607a8aa0f1a8e050485d0fc0baf350b6295e537a06366ff2ed,69.0,True
781,Tore,Tindle,21,ttindlelo@cisco.com,Portugal,44,18,42,34,tt****@cisco.com,0530aabca47e45579b643f7539333a606fa078184b76a51369d4070dcd5312e2,35.0,False
782,Ailis,Boeck,25,aboecklp@parallels.com,Czech Republic,43,95,79,72,ab****@parallels.com,41ea7cc7f61b0e33dc4aae9ca7aba40fdb3b6c8305ef236abce5cfb69a0997e8,72.0,True
783,Viviene,Cheson,21,vchesonlq@columbia.edu,Togo,31,54,89,58,vc****@columbia.edu,11e22b7c00e4ac1be3dcbf6c4df9a1c56e7eef4aac5faa5382335e9fa07950c9,58.0,True
784,Lory,Whitcher,21,lwhitcherlr@fastcompany.com,Mexico,83,57,4,48,lw****@fastcompany.com,297f90ee5dbd12196bf7e225a69f533394059f5406d93775ed6c101863a1076e,48.0,True
785,Susannah,Baudacci,22,sbaudaccils@npr.org,Russia,21,25,39,28,sb****@npr.org,1e0eb7724410f61813dcfa953e2e4fb71394d175527246c5052425abe2074079,28.0,True
786,Neilla,Humfrey,23,nhumfreylt@usatoday.com,Jordan,0,68,48,38,nh****@usatoday.com,35e2445c4a0f1d7123460c5725179a2e3bc488e5362b3c50131513bf56a41b47,39.0,False
787,Dun,Scotland,23,dscotlandlu@geocities.com,Albania,58,26,85,56,ds****@geocities.com,de7849dc4c46a87c69161541871278f1c79673c15690410272cd9ec5eb783719,56.0,True
788,Melisent,Size,20,msizelv@twitter.com,Indonesia,92,30,12,44,ms****@twitter.com,ce79d36e69ad1cdfec1dde045c612ecc18efdda14946ceee1583d661121fb26e,45.0,False
789,Millisent,Conws,25,mconwslw@sciencedirect.com,Poland,68,53,4,41,mc****@sciencedirect.com,ba5f38e8a7704fbb253d9854f3915eecf944ae52f5cc26de6aabc60ebfa6303a,42.0,False
790,Fallon,Carragher,21,fcarragherlx@google.co.jp,China,35,79,47,53,fc****@google.co.jp,c71ba103a6f1edb3c3348c261413359a6c8de694baee109647e6a3f5ca5b2ef5,54.0,False
791,Ulysses,Czajka,20,uczajkaly@lulu.com,Philippines,26,33,56,38,uc****@lulu.com,354936aeb649e5f44aa8fc686bad8f1263478694652569c9df170b68aa4c2402,38.0,True
792,Jard,Kerwood,19,jkerwoodlz@imageshack.us,Uzbekistan,87,44,13,48,jk****@imageshack.us,0d86496dd073694ec9f2abd25e50710dbda078f73e39d189d779f64de7b0c521,48.0,True
793,Koralle,Kellington,18,kkellingtonm0@merriam-webster.com,Russia,64,10,36,36,kk****@merriam-webster.com,e04037b634b339aa2d855ba668597fe3d5b27fb3bfbacefed90ed185ac8934ee,37.0,False
794,Trixie,Pitway,22,tpitwaym1@state.tx.us,Nigeria,36,77,37,50,tp****@state.tx.us,9b92e4ce7c689a230bd8f0ea5a59fed5e28ecdd6be2c7818d60228936ae82a6f,50.0,True
795,Vonny,Anthonies,20,vanthoniesm2@wordpress.org,Indonesia,76,52,32,53,va****@wordpress.org,9f474d8d6ece50ad0b61be6f14e969e886c26c6680a72a7e26d50c07a4cf3291,53.0,True
796,Ariela,Mateos,25,amateosm3@state.tx.us,Brazil,23,14,33,23,am****@state.tx.us,5dbfbc754721d0017da8e840d15998e047ccac3640a18b9e7bbb10b82e6fd4d6,23.0,True
797,Letizia,Staves,20,lstavesm4@shutterfly.com,Afghanistan,8,32,56,32,ls****@shutterfly.com,59f6352a684ed891cd82a2ea84cd7d6f852f797aadde6b097661466c971aa01d,32.0,True
798,Fionna,Whapples,21,fwhapplesm5@squarespace.com,Peru,97,81,46,74,fw****@squarespace.com,e4b32136e215363f91f7c77d514971fe1f2142f6bffd23bbd5b5d691acbc8108,75.0,False
799,Abbe,Reitenbach,19,areitenbachm6@wunderground.com,Nigeria,40,53,25,39,ar****@wunderground.com,c912e27dca0ecb0bc2546355280daee2ba77543daa86c7baa4c2e8843e546e39,39.0,True
800,Gretchen,Barzen,24,gbarzenm7@google.ru,Serbia,3,31,92,42,gb****@google.ru,f6d95fabca5d4d9ce123da8c7642e56f8c0e3ea4e5ed927b563edfe1ce89fc5a,42.0,True
801,Sheffie,Grigolli,25,sgrigollim8@mac.com,Chile,47,34,20,33,sg****@mac.com,95edef1a78bae77b5469f3c5906e38e7b4ff15d96cecde6feeccd8097c8a6f2e,34.0,False
802,Hendrik,Heinert,21,hheinertm9@fema.gov,Poland,14,59,17,30,hh****@fema.gov,c13ea83e18907313b1bd927d98361550949a75f179c5de3abf148d0435108fe2,30.0,True
803,Josh,Lofthouse,24,jlofthousema@360.cn,Colombia,70,24,71,55,jl****@360.cn,f2c0ec6521234e5664ac07a774d541f2c0fc18c1ee420cbf84eb249c1c5bfc7e,55.0,True
804,Aeriela,Heeley,22,aheeleymb@dion.ne.jp,United States,15,44,93,50,ah****@dion.ne.jp,9d628eb4886def37ba3dbebf4970ac8650f082dc79da1ed0562f67249465a10b,51.0,False
805,Trish,Drynan,24,tdrynanmc@ibm.com,Philippines,41,81,41,54,td****@ibm.com,ee8d47e3f7dcb61071a2edc77dd1c7da284288aecd3c9c681636a9eaeba9264b,54.0,True
806,Kynthia,Fancutt,19,kfancuttmd@chron.com,Poland,12,38,83,44,kf****@chron.com,df154dc17c5c7a21700d15d283ec9d8011f956c41836f5f5d90b81cdb9fa1551,44.0,True
807,Francene,BURWIN,23,fburwinme@gov.uk,Lithuania,9,92,6,35,fb****@gov.uk,ee03fc1fd35c2fd89806d21804eeb06cc427e0384aa397475e357a2c98476fd8,36.0,False
808,Danica,Zincke,23,dzinckemf@tripadvisor.com,Saudi Arabia,10,24,87,40,dz****@tripadvisor.com,8823485d6b1e0651275579eb155a9c8725d8e87005da937857327ca0f6cdf53b,40.0,True
809,Izabel,Lowdham,22,ilowdhammg@home.pl,Bulgaria,11,97,18,42,il****@home.pl,d4bf3091fa4cbc46a9e254c5c92c7c5e2a2b1665c6c2e2c6635e3e9d1c49e29f,42.0,True
810,Pierre,Leathlay,20,pleathlaymh@upenn.edu,China,90,42,14,48,pl****@upenn.edu,85ff9467d48a77704bf17eceb3d9c75d029a3c7006d0bd534f42683971ce56e5,49.0,False
811,Daffy,Firmager,19,dfirmagermi@pbs.org,Indonesia,63,50,58,57,df****@pbs.org,905f9dd1516da9acd184faee788dc47eb1f5cce381c2762329fe6bbdee369bd2,57.0,True
812,Nancee,Brew,25,nbrewmj@msu.edu,Morocco,29,44,83,52,nb****@msu.edu,5afb6063db3923109d1d020d08a5db1f10db1ce1aa62f0ae74a299b07d6e9f00,52.0,True
813,Tristan,Ryde,20,trydemk@sitemeter.com,Argentina,28,35,99,54,tr****@sitemeter.com,c3d9570924c08c6ecb442c3ca5eb6e49d40c16ebcef6c384903c4030d91e36f4,54.0,True
814,Nickolaus,Bernaert,23,nbernaertml@europa.eu,Colombia,6,56,25,29,nb****@europa.eu,3e1dd8c6e2d63cac0912ec541f10a7c57209cdf4a918d57b84f3cf94d59cb3ee,29.0,True
815,Cchaddie,Boncoeur,20,cboncoeurmm@shareasale.com,United States,44,94,53,63,cb****@shareasale.com,a892ff3385f9f817493ac55160e851709aaadbe67b999e46467942badb9df522,64.0,False
816,Liane,Greedier,22,lgreediermn@shop-pro.jp,Morocco,58,56,78,64,lg****@shop-pro.jp,3aa3e48d588f1a464df285110be8c847ade3dbc712bdf799a3414a923e247740,64.0,True
817,Craggie,Cardno,23,ccardnomo@odnoklassniki.ru,Thailand,94,58,20,57,cc****@odnoklassniki.ru,e4256519df00a701f14815dacf1ce2b1cb07c0c9da58224cf605e06c0106f2c3,57.0,True
818,Nikaniki,Ronchetti,21,nronchettimp@usa.gov,Bosnia And Herzegovina,93,16,24,44,nr****@usa.gov,577d3087eea3848012d34599e73f6a2d64860799e747b1d4f5421303252711c2,44.0,True
819,Aleece,Swyer-Sexey,22,aswyersexeymq@dell.com,China,58,8,3,23,as****@dell.com,652a3f41883ce2f86fc5fb2c32682b16bb304cf4de8789c3586145eb77e17921,23.0,True
820,Mari,Binnes,20,mbinnesmr@goo.gl,Ireland,70,9,38,39,mb****@goo.gl,d15610ca2561ba0ab8498c09ddd5548bdb063db0cbcf06b1a4dc066bbb46bc18,39.0,True
821,Dallas,Feeley,18,dfeeleyms@ca.gov,Poland,13,40,96,49,df****@ca.gov,79ec6205fbd7f6509b5447104c1de18265902a2164226ec1b0124262375f68f6,50.0,False
822,Melisa,Mathewes,22,mmathewesmt@unesco.org,Czech Republic,50,17,73,46,mm****@unesco.org,0ca1ded6afb3c128a282fd98d855340660128f8d08f0b6b1a51dfddac762953a,47.0,False
823,Nessa,Callaway,22,ncallawaymu@twitter.com,Poland,99,40,7,48,nc****@twitter.com,29ec4fb4dc7faa8b3bbf4c8e47b3742c57eac160d2676febf3e2859d0e702b7b,49.0,False
824,Craggy,Cayette,18,ccayettemv@ehow.com,China,34,82,71,62,cc****@ehow.com,fcb24bf241cde9eb6d57fcf38e80a10155bd379efb5cac3a53e81e51301fea45,62.0,True
825,Emmi,Braunston,25,ebraunstonmw@youku.com,Croatia,7,81,17,35,eb****@youku.com,09cf6fa4c346a4680b98d988ef398bc0971dbca1af708090121010f836af31b4,35.0,True
826,Grethel,Matushevitz,23,gmatushevitzmx@huffingtonpost.com,Indonesia,26,93,87,68,gm****@huffingtonpost.com,388e94562a27e26392531e40422e3e1dd41465135beb04de76863556413bce85,69.0,False
827,Herbie,McDell,20,hmcdellmy@eepurl.com,China,88,36,67,63,hm****@eepurl.com,60642b5a9d6c05a1c21ff1982a0b18d2d57b48a6b22e9c6e279d7c19446c6ea5,64.0,False
828,Berte,Alfonso,25,balfonsomz@kickstarter.com,Chile,98,43,26,55,ba****@kickstarter.com,5ce76f05521e3565e372055e61916b62943da9020eddc1a93e4180c5973cfe34,56.0,False
829,Bowie,Tibbotts,18,btibbottsn0@hhs.gov,United States,44,70,79,64,bt****@hhs.gov,c414ee63e5a2827c5b0da494e7d796605a4829412ea3fa767f8c863cba7d280e,64.0,True
830,Pearle,Bolderoe,22,pbolderoen1@guardian.co.uk,Peru,11,34,14,19,pb****@guardian.co.uk,7efb57a875657730c4a67071f6f6b801beda90f3f9a447775a1252731e6e2b25,20.0,False
831,Egor,Mattisssen,25,emattisssenn2@gravatar.com,Peru,19,22,59,33,em****@gravatar.com,70e6964517235a2f63c9e3af39b48b9de193811fc521640602391271c574ded1,33.0,True
832,Alejoa,Panketh,18,apankethn3@google.ru,Ukraine,37,70,3,36,ap****@google.ru,80d9ea449a65b09bb1a8e0f7ca93d562099028cc2566e04b428a825cc0f390ab,37.0,False
833,Emmeline,Boocock,18,eboocockn4@ted.com,Peru,20,28,18,22,eb****@ted.com,13bcfd1f0b52bc15ad2a6c7497d596eae7e757436471c3d1b6fc1442b9a5b437,22.0,True
834,Mora,McKerlie,25,mmckerlien5@delicious.com,Peru,95,56,87,79,mm****@delicious.com,c7163f052f1f9458d0d1250a48cc0ab1bb00330cb56bddd8ac46ab1031cd73b7,79.0,True
835,Ilyssa,Geraldini,23,igeraldinin6@yahoo.com,China,93,61,14,56,ig****@yahoo.com,84a21ee24c6631e44563f0775fd8f1e4b29bfd9d4de587afbf33a711bcfcb041,56.0,True
836,Nickolaus,Grissett,23,ngrissettn7@mashable.com,China,69,3,11,27,ng****@mashable.com,8d0b0bf2a59e1d1e40c7276347cc97c325f6e6506e3442ea4feb0285a409ad6f,28.0,False
837,Virgie,Nowaczyk,19,vnowaczykn8@google.com.br,Brazil,75,61,76,70,vn****@google.com.br,8978b6856640a2a0470950be0c469fa61037c50ba1e7d2ce84fe2c5efd050a62,71.0,False
838,Maude,Darrington,24,mdarringtonn9@mapy.cz,Portugal,51,74,100,75,md****@mapy.cz,aeae2e2c8b7d7ea4223653ef24a307c99e225debf9306e096612b63648287971,75.0,True
839,Purcell,Delgado,23,pdelgadona@auda.org.au,Canada,22,53,88,54,pd****@auda.org.au,b5c3bf0b7bdb21d99784b0e095292b0f89f5cf2aa70891809d91ad9f15ce40c0,54.0,True
840,Phyllis,Cammidge,22,pcammidgenb@noaa.gov,Thailand,56,86,1,47,pc****@noaa.gov,433f978dcb9a82bd7ad67a4b81d19e655abc2093a45b5cd319c1335b552e3b48,48.0,False
841,Colene,Masarrat,23,cmasarratnc@plala.or.jp,Madagascar,8,16,9,11,cm****@plala.or.jp,63cd2749307050c5442eb9c96669bcad7442a2e1e6efe1363cd558663ef0b9a5,11.0,True
842,West,Caulcott,24,wcaulcottnd@businessinsider.com,United States,48,33,85,55,wc****@businessinsider.com,6da1bb79a0ad1ecc8fb3c6704b28343104a83d2c2e7e91139f50f68874aa09e8,55.0,True
843,Maudie,Sugden,21,msugdenne@lulu.com,United Kingdom,38,9,52,33,ms****@lulu.com,c83bb9ea10ca92b116934912bde280723723b769c8bd5295b13cf00bb1437a65,33.0,True
844,Harlan,Dougharty,23,hdoughartynf@howstuffworks.com,Pakistan,92,46,31,56,hd****@howstuffworks.com,83004ea5a5ab7fa290c44963524b910c1a04c4ef6898da79d9474f319ccd028f,56.0,True
845,Jarvis,Duligal,23,jduligalng@admin.ch,Peru,34,43,14,30,jd****@admin.ch,fe843713aa1d32a25a5fab6f43847cc5338c00f1b8f82d37b28cac462183222d,30.0,True
846,Jeffry,Wabersich,19,jwabersichnh@microsoft.com,Portugal,61,55,45,53,jw****@microsoft.com,40b24562acdf1591b3c23439c40b40919b25cbd4294fbcf672e1af5812401888,54.0,False
847,Marisa,Vallow,21,mvallowni@dmoz.org,Finland,70,41,36,49,mv****@dmoz.org,52eb1baeafe7155840cfb6d2666fbc031282aa72a9eaa029edfb7932c5495d8a,49.0,True
848,Sybille,Winslow,20,swinslownj@godaddy.com,Costa Rica,60,41,21,40,sw****@godaddy.com,3de3bde7f2e367e8124cc654d2f221022d00200f3cd72291e24262dee0d3667f,41.0,False
849,Ruperto,Onn,25,ronnnk@kickstarter.com,Luxembourg,78,91,48,72,ro****@kickstarter.com,58f81f329ef99304019106fbf056ba1477a35647571707cefe556c41ebff6264,72.0,True
850,Bernadina,Giacomi,25,bgiacominl@squarespace.com,France,81,34,29,48,bg****@squarespace.com,e3206b83ef282a1e45869c85ebe9871b743b34fed37ed2d06e120a8792371f46,48.0,True
851,Brook,Pree,18,bpreenm@wikipedia.org,Indonesia,42,84,30,52,bp****@wikipedia.org,804d5710e7f382c3a0b12d9a2842359582eb68b024ee5e2a9961975fa226878c,52.0,True
852,Lilias,Surmeir,25,lsurmeirnn@sun.com,China,14,68,3,28,ls****@sun.com,42124c3d40823f9e8faf9c5f2a7abbbaabbf940fe79bd69d17cd99e7767aaed9,28.0,True
853,Elnore,Justice,23,ejusticeno@ezinearticles.com,Brazil,29,26,64,39,ej****@ezinearticles.com,23f21cc89671a51bdd213f1a4e17fb9164044dd4cc1b7d1c8cfdb6c66cd55c42,40.0,False
854,Gaspard,McInulty,18,gmcinultynp@theglobeandmail.com,China,3,65,100,56,gm****@theglobeandmail.com,7247a9e81da14e5808b94e2b41e4c365ca21c13bcc2af427f68291fbd0c1eb55,56.0,True
855,Gregory,De Haven,19,gdehavennq@army.mil,China,75,33,28,45,gd****@army.mil,786992fbfe09db4bc7c753ddc92aec259e63ce45c9285ea83432793b88fbdcac,45.0,True
856,Georges,Balaison,23,gbalaisonnr@xing.com,Mayotte,6,79,10,31,gb****@xing.com,019abbe38f5f9bbf3f20b2e745d7f7cd454d09cfdc6466a7a3e63c75e748fd74,32.0,False
857,Milo,Studde,23,mstuddens@imgur.com,Paraguay,95,28,69,64,ms****@imgur.com,ec26ef8b14504664ad4f2faf81f34c7a99543f6c99a471e340d692efe222c170,64.0,True
858,Myrilla,Kachel,18,mkachelnt@smugmug.com,Indonesia,77,46,3,42,mk****@smugmug.com,f5937e45a1c62e5f465455f259c464a20cfb96860b248f803256e3f257797940,42.0,True
859,Joycelin,O'Glessane,22,joglessanenu@upenn.edu,Slovenia,12,3,23,12,jo****@upenn.edu,33eea30e84270ae00032f37f0ebb44d11581b621229e253c4743995532e93aeb,13.0,False
860,Abbi,Mucklestone,20,amucklestonenv@google.it,Indonesia,47,24,1,24,am****@google.it,fffd33955529bfa7d9d516c925a475330572e741fbcc73b0c4c3fccf93a7b30b,24.0,True
861,Catarina,Hawford,20,chawfordnw@nymag.com,Sweden,74,71,55,66,ch****@nymag.com,c4647332921f961f597e084352eaf40d36c86eb5a390d0b4def06a049c40e900,67.0,False
862,Lotti,Triggel,22,ltriggelnx@1688.com,Russia,52,11,70,44,lt****@1688.com,ee64a25ab60f0bc0cf8eb3181725eb867195baf1f6df4ea8606237c91b1ff0c7,44.0,True
863,Hugo,Van't Hoff,23,hvanthoffny@jimdo.com,Argentina,65,67,66,66,hv****@jimdo.com,8b5e84d9b247d925aa67db39aed622aa3a4869ce1d74d1d79e9fc94d193318ff,66.0,True
864,Tasha,Togher,23,ttoghernz@washington.edu,South Africa,93,48,88,76,tt****@washington.edu,4cc0214cbc226f31d0a9d2a25cf750366b8d2f145997c831ef55fb7b53675b35,76.0,True
865,Bronny,Freke,25,bfrekeo0@purevolume.com,Argentina,68,56,60,61,bf****@purevolume.com,7bb22fc1e1571a963ea795d951440dce4fff53b2f3bbb31bb0d008b8ea357106,61.0,True
866,Haze,Riping,22,hripingo1@drupal.org,Sweden,2,11,9,7,hr****@drupal.org,1b95d15004191075d5da8f2d9f04fdc289d8d9935d84acd0480b653cdfe27539,7.0,True
867,Avrom,Joannidi,24,ajoannidio2@state.gov,China,92,100,43,78,aj****@state.gov,84236f33759a6a61616ea0d0bc60ddb922c9662a483c6edacc8466c9113f5b44,78.0,True
868,Rozanna,Portigall,21,rportigallo3@bigcartel.com,Honduras,12,58,42,37,rp****@bigcartel.com,20dc5c74ce392ff83af5f90d24064af6b993fd9c5d19dc7d7cf7f4aaaff1e9ab,37.0,True
869,Agneta,Staniland,21,astanilando4@prnewswire.com,China,44,35,17,32,as****@prnewswire.com,b9a6115cf8fe052ead834771f61414ea678ce4e465d7d227885d05ccf0b15dfc,32.0,True
870,Zelma,Jedrzej,19,zjedrzejo5@opensource.org,Peru,12,52,99,54,zj****@opensource.org,7cea70f00c33e73e8922ac7e3d81e3046f5719634d32129d3c309af9d5aa9c94,54.0,True
871,Raynard,Sallis,19,rsalliso6@state.tx.us,Philippines,28,40,2,23,rs****@state.tx.us,64089a15c9d70bed1cc90e1b478eb7d9246c8e072a70ed585a393cc0ecd1cf61,23.0,True
872,Joanna,Pirrone,21,jpirroneo7@discovery.com,France,64,53,88,68,jp****@discovery.com,7a49991303aa2f68faa29aebb0ad0a0caee3f5740040a927bdd7147ccc8bb97c,68.0,True
873,Gabbi,Twitty,25,gtwittyo8@unicef.org,South Korea,25,74,86,61,gt****@unicef.org,d470568fa6359b41b46395a90726758d07ad91b32a92029831b936ccd91faaa1,62.0,False
874,Noelani,Burnep,20,nburnepo9@moonfruit.com,South Africa,55,92,46,64,nb****@moonfruit.com,53e8affbf9344bae6fea59f0c02a5f95e93b2d45de4ad8ed38087c689c68fc16,64.0,True
875,Bourke,Veevers,24,bveeversoa@freewebs.com,Russia,39,51,12,34,bv****@freewebs.com,ef06c8d3c16c33c7eb0cde35a298b29a637000545296f9d47234ab8dfad37717,34.0,True
876,Darrick,Goullee,25,dgoulleeob@google.cn,Bolivia,78,38,92,69,dg****@google.cn,3e72bfc66b692ff6177e0f2449bb1740a69deaa25e7b9c01474a781755eafa1f,69.0,True
877,Louella,Helder,23,lhelderoc@amazon.co.uk,Indonesia,71,28,91,63,lh****@amazon.co.uk,5f14bc163eb9d4141513bc5cbc7cac420015164612bd233a85917b2b7e66ea3e,63.0,True
878,Arley,Shoosmith,21,ashoosmithod@multiply.com,Brazil,9,61,73,47,as****@multiply.com,c5050955ffa4b26e6dd2cca03312be1aae8c369466b0341dd0ece81037320a0f,48.0,False
879,Alexine,McKeefry,25,amckeefryoe@uol.com.br,France,59,48,34,47,am****@uol.com.br,b301ada4334425de97100e14ada4808a30b5231215b3f64e6e9d734e94b5ded0,47.0,True
880,Sarene,Wells,22,swellsof@discovery.com,Ethiopia,66,5,5,25,sw****@discovery.com,424233a983fdcbe76d4f7bb0cc70bd8c195bf5079a91c5ceff42184dfc8f685f,25.0,True
881,Vanda,Ruff,23,vruffog@npr.org,United States,93,20,36,49,vr****@npr.org,6a01d09aa01920d258cca55f1376721d508cf88c43c0026be687a7316537c101,50.0,False
882,Isac,Andrivot,23,iandrivotoh@shinystat.com,France,11,12,14,12,ia****@shinystat.com,119e5b2450789e58cbb0b1d46672313ae9231b0d351945ae2405ab84986ca5dc,12.0,True
883,Chico,Christensen,21,cchristensenoi@ocn.ne.jp,Dominican Republic,35,49,73,52,cc****@ocn.ne.jp,03400bf6b9cf47577b0a45e07a2f155b11090183f9de94a18831b3002368f3a6,52.0,True
884,Corina,Dran,23,cdranoj@uol.com.br,Russia,20,45,42,35,cd****@uol.com.br,6dbd4a6bb5b60bb1a867d90640e54adde2e5894f1e4d39f1750b8554a3c01dd2,36.0,False
885,Penn,Donoghue,20,pdonoghueok@slate.com,Ireland,12,82,99,64,pd****@slate.com,bafd611a7d44af33b2d8c4e2d3187864bb69a47b26040f2963660d8162e173f7,64.0,True
886,Elmore,Softley,25,esoftleyol@google.com,Czech Republic,99,82,71,84,es****@google.com,5f2d1107a1e17e7ef84ed778be59695ff338574a53a651ef4c4caef67b60d105,84.0,True
887,Randal,Mille,23,rmilleom@canalblog.com,Poland,77,3,88,56,rm****@canalblog.com,1f70da7d8f3cb199a5aed00ff12116e91fb04002a9379ac8a4c54dbc8506eb5b,56.0,True
888,Dot,Sanz,22,dsanzon@examiner.com,Indonesia,31,89,51,57,ds****@examiner.com,3f485e08e981ec4fcbfb7c25096b1d0a3fb8cadca54ff96306d87f91a778972a,57.0,True
889,Korey,Benfell,20,kbenfelloo@mayoclinic.com,Russia,28,98,59,61,kb****@mayoclinic.com,2fb33c33267035006c60dbf2d950c134ccc0e202fd509f6e377c26511307cb84,62.0,False
890,Alistair,O'Neary,25,aonearyop@woothemes.com,China,18,45,87,50,ao****@woothemes.com,0950c16a1ffba04a36bfe43e4f7163f4b72376ca3adeaec9c6d623d32605b74f,50.0,True
891,Kizzie,Yakob,20,kyakoboq@seesaa.net,Finland,53,89,94,78,ky****@seesaa.net,69f7985bbddc94bbdc7781c85559e5aea199857db0fbee16a0517e7471659b36,79.0,False
892,Chad,Alejandro,20,calejandroor@adobe.com,Sri Lanka,14,1,74,29,ca****@adobe.com,2022aa5c0032232fc17fc3a6f47b524a1a95177338e53f866ca3a74ac0f74112,30.0,False
893,Lorry,Van der Mark,20,lvandermarkos@newsvine.com,Philippines,42,96,92,76,lv****@newsvine.com,7a7883c48b42745abd98d6c4b48b39a5d988921c64f6eb242711e4c3d4f1d8dd,77.0,False
894,Zandra,Gration,20,zgrationot@pagesperso-orange.fr,Philippines,28,37,72,45,zg****@pagesperso-orange.fr,478677a7d96dc5f555acae9a1dbd434e81f02cd05f55766ed95a3be2fa76ac61,46.0,False
895,Bernetta,Pryer,20,bpryerou@cbslocal.com,Czech Republic,25,19,96,46,bp****@cbslocal.com,154bad4fa1d6319ca9e1bb40ba7e595036fb3ff66b8be4447bbfe99c7da43d0f,47.0,False
896,Freddie,Bulley,25,fbulleyov@buzzfeed.com,Indonesia,52,89,22,54,fb****@buzzfeed.com,5fcdca8458822bf92dacce188310770d2414ced5c89e73f9c4e2c061f5ec1876,54.0,True
897,Rodd,Caldaro,24,rcaldaroow@dailymotion.com,China,49,45,36,43,rc****@dailymotion.com,55cf7433f60a2a54b7afb6a4909de4f954695bb37e93413663ce3fc7e7f2ffe8,43.0,True
898,Kaleb,Mattek,22,kmattekox@photobucket.com,China,45,85,69,66,km****@photobucket.com,39501ce660cc86d018284f3a4382326ba1bdd5ad1eba388880359f88eb71e277,66.0,True
899,Kath,Embra,21,kembraoy@bravesites.com,Russia,64,35,70,56,ke****@bravesites.com,0ae5ba744d2fb701d463f17b41ae4cdb3c97ba07a79dc7619848ed5503ca59f2,56.0,True
900,Slade,Bullent,25,sbullentoz@wiley.com,Sweden,22,4,83,36,sb****@wiley.com,bbd0a2afd09412bfe268030d8b69357561523b897850105276ee2beaeacdd269,36.0,True
901,Filide,Druery,21,fdrueryp0@typepad.com,Azerbaijan,96,85,11,64,fd****@typepad.com,ff9659c08c326b6b73d8c9d2a74669462948c8c0e8a6d4c23b62a49b8626d894,64.0,True
902,Tina,Liveing,18,tliveingp1@google.com.au,Russia,66,46,91,67,tl****@google.com.au,c353e05bdc1f704c1b33e63dc88e0217f7729ba14fd40f2afea46d22591cf526,68.0,False
903,Franciskus,Dockrell,20,fdockrellp2@blogger.com,Russia,74,36,35,48,fd****@blogger.com,278b5ac74df3679d09045867f96e8bf5971e9db551366801f90150ea6bc63c25,48.0,True
904,Bevvy,Taudevin,18,btaudevinp3@hatena.ne.jp,Indonesia,83,72,80,78,bt****@hatena.ne.jp,d59f585c9b846d24ceab0cc23c15a56bcc8a865e59f478fff3eba8482709c6ef,78.0,True
905,Barry,Cobleigh,24,bcobleighp4@t.co,Vietnam,56,59,81,65,bc****@t.co,2b9db3f181b669289f2db5ce389e7fb665295397fff20b61b87f50deb37d768c,65.0,True
906,Gustie,Udall,19,gudallp5@ehow.com,Myanmar,26,71,7,34,gu****@ehow.com,839a12252d14205d1007014db7ed6c9f9bb4be6d8fd27acfa6f769f17b6a029a,35.0,False
907,Helen,Dericut,18,hdericutp6@people.com.cn,Portugal,92,23,0,38,hd****@people.com.cn,03a2208f5cc07b333eb318753e9a8b65c8ce89925ae869033f7c4f0f6441f525,38.0,True
908,Anallise,Dunlop,21,adunlopp7@sakura.ne.jp,Vietnam,4,20,56,26,ad****@sakura.ne.jp,a4a5835278ee6ac525f31c743183142c5658df9be4b016fa3cd5384174b6cb1b,27.0,False
909,Moishe,Wintle,23,mwintlep8@wikimedia.org,Poland,6,52,52,36,mw****@wikimedia.org,1801c257f5a1833c18becd33650f034ac6140c340150c431d1c9a015b9f92618,37.0,False
910,Orton,Burgot,19,oburgotp9@miibeian.gov.cn,Spain,73,13,22,36,ob****@miibeian.gov.cn,540b6e8bd22b13fa235b9b719bdca87b8eb2aab05087547646bdf1be6843f509,36.0,True
911,Travus,Measey,19,tmeaseypa@illinois.edu,China,100,47,51,66,tm****@illinois.edu,0a8ccafd131cc5c7053fcec4f7d2efbc8bf0b3ae5d6443b5a57f8ca261e02974,66.0,True
912,Vladamir,Hamshaw,22,vhamshawpb@prweb.com,Afghanistan,69,81,36,62,vh****@prweb.com,c3caed3ffd5c2249039449773794400d0487bccb6b970b63c169abacdd0bfe02,62.0,True
913,Christophorus,Hayle,25,chaylepc@live.com,China,69,74,10,51,ch****@live.com,e4b84a8857f9734936eb8cc5623a81bebb8ff4d3e4905888443391bea9010749,51.0,True
914,Purcell,Ledward,18,pledwardpd@rakuten.co.jp,Ukraine,72,78,49,66,pl****@rakuten.co.jp,40edc0ee0f550f052c7b31a4977a7c35f97988ebceb274be57833eefb4eab9f0,66.0,True
915,Archie,Thundercliffe,23,athundercliffepe@uol.com.br,Sweden,11,33,91,45,at****@uol.com.br,b07171a17b59cdd2cee64f6233cfbfe3b71ac574626d30538ac815a3d62d0aba,45.0,True
916,Laurene,Rosenboim,19,lrosenboimpf@creativecommons.org,Pakistan,72,32,25,43,lr****@creativecommons.org,673025a6b6a56d446257111bc0d9a6fb42ecc86189b18c94a1e2d6bab67cda78,43.0,True
917,Wit,Haggata,24,whaggatapg@163.com,Vietnam,2,10,85,32,wh****@163.com,8c0a211b56c09d31a55fe7c2640e3456ec4b14e4047329b162f5403bd49e7d31,32.0,True
918,Finlay,Inett,22,finettph@sitemeter.com,China,85,7,3,31,fi****@sitemeter.com,a32f9a71d5f5133bb21e6d3d33ade763420b0d4b5ba7dd386a1e5792c02d3b0f,32.0,False
919,Lizabeth,Brodhead,25,lbrodheadpi@posterous.com,Zambia,5,25,29,19,lb****@posterous.com,9c54861d686a973e6a8f3750459e1becee7a8b347673c9946173439baf7f8f96,20.0,False
920,Quintilla,Trussell,21,qtrussellpj@tiny.cc,United States,86,58,92,78,qt****@tiny.cc,490eb53af1786363040a83df66a7acc47d3316fa4b8138ddeb6dcb90d84e0e67,79.0,False
921,Gwyneth,Dyble,21,gdyblepk@independent.co.uk,China,1,35,59,31,gd****@independent.co.uk,9b0ddba2eddf569655eaa923c607378743da364b185972c63fc467f46d5da8c1,32.0,False
922,Tallia,Coleiro,23,tcoleiropl@quantcast.com,Nigeria,88,44,55,62,tc****@quantcast.com,25ccccff2fa276cfce3464e0e04faa2ac7b4d44d66526b9c59c7c3169ab255fb,62.0,True
923,Grier,Rhoddie,22,grhoddiepm@plala.or.jp,Brazil,24,62,8,31,gr****@plala.or.jp,e6f4e072400234c57c67bd94e535b7dd160abc016d53c611cb2eb8c7b5d05580,31.0,True
924,Tansy,Brogioni,22,tbrogionipn@symantec.com,China,48,9,31,29,tb****@symantec.com,ad3586e4ec2e8c38f8399a382491ee0219a5c1051d9cf1c2a12eb81785631f11,29.0,True
925,Garrard,Barthorpe,25,gbarthorpepo@nytimes.com,Indonesia,96,0,23,39,gb****@nytimes.com,94c6262fab0f21a98e0ddb90a71767f4ade1e0c18e8350b7207e42b17b22c882,40.0,False
926,Jeannette,Butterfint,19,jbutterfintpp@shareasale.com,China,84,28,82,64,jb****@shareasale.com,ed32b2994b8db34ccf0093fa66e3329a6df84fdf7efeaf714e9daecb7f18f71f,65.0,False
927,Gerty,Edlestone,19,gedlestonepq@economist.com,Philippines,29,95,91,71,ge****@economist.com,fea798faf2c6bca846845ee1e34cce262e380f23f4b941dfd45e476c159e28a4,72.0,False
928,Terrence,Jelf,23,tjelfpr@constantcontact.com,Botswana,66,15,60,47,tj****@constantcontact.com,bf62debe5792179d5d93be95e418c1d6224aba042a45e815e2c5cc64c03088e7,47.0,True
929,Carmella,Yarrall,18,cyarrallps@last.fm,Indonesia,1,48,44,31,cy****@last.fm,bdc1040c989e0de6c1fb2548a6b8d8f8d711573b7dab0abe79350aa714bc0cb6,31.0,True
930,Michal,Batch,24,mbatchpt@ehow.com,Indonesia,69,92,60,73,mb****@ehow.com,aa908f7c702bdc00dd6d9912281f8bf899b86a1c8f77bf47ac277a7194fcc875,74.0,False
931,Mattheus,Arnall,23,marnallpu@myspace.com,Indonesia,19,1,66,28,ma****@myspace.com,4734c67899d05dd3b61a89a4e378ea3b0879347e8de35229a038129d4cbf9305,29.0,False
932,Courtney,Harkins,22,charkinspv@freewebs.com,Indonesia,74,47,75,65,ch****@freewebs.com,935ccf9756d2503dfa2a3dc320aa048eea5afcdd62c19ceece893c00ad52db1e,65.0,True
933,Bernard,Webburn,20,bwebburnpw@eepurl.com,Cuba,63,12,36,37,bw****@eepurl.com,3322cf44caa5038dbbff028afb527b2eb173f8685b05b08389cd2a9721957e2f,37.0,True
934,Cissiee,Gilbart,25,cgilbartpx@noaa.gov,United States,29,15,46,30,cg****@noaa.gov,f2a822db3ef6156e2d4b59a804b1a6ea7f467f0e76c3905f474f8d0cc2d2fc90,30.0,True
935,Elana,Kilgannon,19,ekilgannonpy@github.com,United States,65,10,41,38,ek****@github.com,2466c3ac58206d522866d355dcb90201a1a08a9fa7459d42be17fb3673c0cf66,39.0,False
936,Morris,Ambrose,24,mambrosepz@hubpages.com,China,1,43,92,45,ma****@hubpages.com,6871dcd1e93caa3f2113ce3f3362794dc565540a6cc21b93fe205b4af2c7fcef,45.0,True
937,Leesa,Hicken,19,lhickenq0@blogger.com,Ireland,48,30,14,30,lh****@blogger.com,8af79fe69d2d262b6b457599c25379f900aed5bb42b71a07bbe8c51d7b214d2e,31.0,False
938,Beau,Berryman,18,bberrymanq1@ca.gov,Greece,0,26,11,12,bb****@ca.gov,bb742b30c84b79e9ac55c99e06808e148e61b169d14f78c3ce33a6a6aba2f769,12.0,True
939,Darcey,Leithgoe,21,dleithgoeq2@stanford.edu,Mexico,31,53,58,47,dl****@stanford.edu,10f04b42a8567a968e098785f72f6ad6f3dbf2c6c875c6b0ecf821d2ca8f348f,47.0,True
940,Carmelle,Setter,21,csetterq3@reuters.com,Philippines,85,70,49,68,cs****@reuters.com,cb3685e397a7f9f7bc25199183159bd2171d3e974bdd2b56497a4dc2cb1cac32,68.0,True
941,Aida,Beaney,19,abeaneyq4@yale.edu,Portugal,23,65,95,61,ab****@yale.edu,2b37ae0a9f331151af165b711364b13538f320a520159872180322a2b4e2e783,61.0,True
942,Ansley,Hargie,19,ahargieq5@paginegialle.it,Portugal,47,76,43,55,ah****@paginegialle.it,13011595c588a26d993d2b185db090825dba6a8db2c3f1f83a540a78a4bdb20a,55.0,True
943,Goddard,Lochet,21,glochetq6@timesonline.co.uk,China,91,14,28,44,gl****@timesonline.co.uk,c9ec90c4cc4d3b9ebd6fb0cecf014deaafac1bf166556ad903fd02f0382e95e2,44.0,True
944,Rosana,Corry,20,rcorryq7@soup.io,Finland,20,59,78,52,rc****@soup.io,abc35b4e355328cb9a86df4a639177cc8cbf46b3426df1ceebf9379f921ddd12,52.0,True
945,Sophi,Beadell,24,sbeadellq8@flavors.me,Brazil,15,13,99,42,sb****@flavors.me,10b4665c81544bf01631f75a66853fe8db7f612f12f3b52fc652507a18bf9ce7,42.0,True
946,Idaline,Boxell,23,iboxellq9@newyorker.com,China,46,0,4,16,ib****@newyorker.com,74823c04151d0d5315c4b62dbc62e865d4932675f79a3e17236362a6a24c0acf,17.0,False
947,Amitie,Moorerud,25,amoorerudqa@tmall.com,Russia,77,30,42,49,am****@tmall.com,67e6b78ade4e45e1de83699b84f3702b1e754c4153ffe9cf1965509341119002,50.0,False
948,Cory,Esland,20,ceslandqb@sina.com.cn,China,56,13,92,53,ce****@sina.com.cn,2fa3fea9481a6e35269ddd7b36f4176f766a40476fadb27a3209e174e1ef8c97,54.0,False
949,Susana,Twohig,25,stwohigqc@telegraph.co.uk,Tanzania,95,31,84,70,st****@telegraph.co.uk,1f0c2f2d83ed5d61603b21a2bbd85bb61dbcf02d6940a1e58b2f603ac4f02345,70.0,True
950,Penni,Ruthven,24,pruthvenqd@ox.ac.uk,Russia,74,6,16,32,pr****@ox.ac.uk,0619602bc1e89e8ce39ac4bddb6626a9d644a0b21227ee15927d008aad1047ed,32.0,True
951,Leah,Deary,23,ldearyqe@blogspot.com,Switzerland,80,44,8,44,ld****@blogspot.com,b7ba3b881c4b469045ac5cec45da1c05f5e8c22f63d0e906d7b921fdaacd8512,44.0,True
952,Ginger,Doubleday,23,gdoubledayqf@multiply.com,Indonesia,14,42,69,41,gd****@multiply.com,1d4f762b30c62548d07b6d1e4c5dda4af2984cf63d441b17f025be65cab9e435,42.0,False
953,Dorothy,Gobell,22,dgobellqg@histats.com,Peru,52,11,15,26,dg****@histats.com,05cbe9a4acc15dcc5cb78175b63ddc59bd3edd88eb4bef29ad7a93e3dade34e7,26.0,True
954,Gaile,Brazer,20,gbrazerqh@theguardian.com,Mexico,60,97,84,80,gb****@theguardian.com,929f4502c65cfa0e05c928afc5711a3b6db772c2fee162de8d471f9a05d6b701,80.0,True
955,Melisse,Queenborough,21,mqueenboroughqi@businesswire.com,China,50,4,51,35,mq****@businesswire.com,79b9e02d2290cfc54013b52500225b379f969ae9fc7187b8428576c29b0c3813,35.0,True
956,Gertrudis,Skillern,19,gskillernqj@businessweek.com,China,47,11,97,51,gs****@businessweek.com,019ff2053a657f41661735e7f8f6bd78d592884b357eff8573afe3a43a6511a1,52.0,False
957,Isadore,Gowry,18,igowryqk@miitbeian.gov.cn,Vietnam,25,2,16,14,ig****@miitbeian.gov.cn,03f5d324d89dd65f802efdb14a53d37569d6b74a2f55633426e5ae46763ab330,14.0,True
958,Lonnie,Struan,24,lstruanql@hexun.com,Mongolia,46,56,65,55,ls****@hexun.com,245300879f60efc54e6e36397ff7dda098a45ac604965129e7149c58748842f2,56.0,False
959,Tobin,Kenyam,20,tkenyamqm@phpbb.com,Ukraine,35,11,94,46,tk****@phpbb.com,3bf4db024ac0e5acefd31896e6cfac8291726f891c3d6c8e3e1878e700648274,47.0,False
960,Ardath,Shaw,25,ashawqn@go.com,Argentina,99,11,76,62,as****@go.com,8c3819838bbb016c9ed937625ca5f94cef44909bc0342f5e3dd7a4617ea73edd,62.0,True
961,Gilligan,Tocknell,19,gtocknellqo@google.com.hk,Brazil,15,43,96,51,gt****@google.com.hk,001dbdc36f43a7c6d194b32e2a8716bbd2268727fc6b1a98cd1c4d85e02139c2,51.0,True
962,Anson,Bickerstaffe,21,abickerstaffeqp@pbs.org,Peru,75,52,93,73,ab****@pbs.org,d6962e3e3ba5658859e6fc6a0a75caaf1bc3c582e1aa89bd91b5d2866adba45a,73.0,True
963,Casie,Dowry,18,cdowryqq@istockphoto.com,Indonesia,31,89,94,71,cd****@istockphoto.com,36ae2c835fe1861bb9f456688d355b77a7bd00e4cab11e59aca25fba1646aca1,71.0,True
964,Gretchen,Alvar,24,galvarqr@zdnet.com,Vietnam,78,72,89,79,ga****@zdnet.com,05364ce84415134968ff2bc78f91b014b44ab229c554f21cdf4d7fbc093c58f4,80.0,False
965,Florenza,Camelin,25,fcamelinqs@paginegialle.it,China,61,64,66,63,fc****@paginegialle.it,c246375aadc5851aff1cdbafcf330c94cb04d8b501fe5c61f6bfa51b20d7cd01,64.0,False
966,Engracia,Nickless,22,enicklessqt@usnews.com,China,1,17,6,8,en****@usnews.com,6b320fd6660df0067758cdbf6dfdce8bd3db5875d9e0ff0e35127191b8843fb2,8.0,True
967,Sebastian,Huggens,18,shuggensqu@photobucket.com,Indonesia,64,42,3,36,sh****@photobucket.com,dff20a3873b1c0cfa75370a371698f427eb4701f2c35d0b5f24ee7749df146bf,36.0,True
968,Lonny,Fitzsymon,20,lfitzsymonqv@sina.com.cn,Greece,64,44,4,37,lf****@sina.com.cn,164d3e82808041525e3e77766e76cc7af6a33e76d922a7fd6f700941c96518f0,37.0,True
969,Heidi,Fennick,18,hfennickqw@ezinearticles.com,Indonesia,94,64,51,69,hf****@ezinearticles.com,0339224ab4adf641ebe3e35748f6a3faffe0273dc620c6206507cf9d88973ffe,70.0,False
970,Nora,Chadd,21,nchaddqx@go.com,United States,20,22,66,36,nc****@go.com,e546fb7d7b9c492f62c650a864a838e4fc9d8dc036d3a67a769c9fcafdb0515c,36.0,True
971,Bee,Guyers,21,bguyersqy@vkontakte.ru,Russia,45,89,6,46,bg****@vkontakte.ru,00e48056112ade97dd51613aaead33dd6665a85150cd224e3111b1bfb89f4a28,47.0,False
972,Jack,Mellody,25,jmellodyqz@spiegel.de,Botswana,87,70,74,77,jm****@spiegel.de,192caf61c88eaf1eb558a55be3f2581db6c801ed02dcd3846228b2a3ebea11e7,77.0,True
973,Toby,Grayham,21,tgrayhamr0@columbia.edu,China,1,62,46,36,tg****@columbia.edu,a60db1e2fa0e7b802b113c192c5ee8daa3d3180ed450533bf788e4038f891cd2,36.0,True
974,Claudian,Dimitru,23,cdimitrur1@ebay.co.uk,Russia,89,81,7,59,cd****@ebay.co.uk,4024ccaed11b77f385b7f0ef5f6c5d4b9a629cfec684c8e80ed8292bf19f6118,59.0,True
975,Silvio,Talloe,20,stalloer2@cyberchimps.com,Thailand,90,30,0,40,st****@cyberchimps.com,ced114351e9b9fb3c96e9c957a48e31ed2818f1421f2995c1ad422eeaf8fe6ee,40.0,True
976,Almeda,Dart,20,adartr3@booking.com,Armenia,54,12,58,41,ad****@booking.com,869577797789809fe034125b83f079f6224ed7fde3f580292e67c8a00decd935,41.0,True
977,Amity,Roobottom,25,aroobottomr4@mashable.com,China,63,85,25,57,ar****@mashable.com,1a1b3be1492c3f9329640d092df19ea002e79e1b64904d8ab6af192609e2efb7,58.0,False
978,Phillie,Gonsalo,25,pgonsalor5@wsj.com,Russia,33,62,4,33,pg****@wsj.com,c2da028e78a3fc3bb9034615cbbe87f0f62c22e27b6773df42f877ddae9c8b24,33.0,True
979,Hazel,Heijne,18,hheijner6@studiopress.com,Indonesia,58,96,65,73,hh****@studiopress.com,2487d50dbdff2b88373b1a1eb1427f5e7a90f3140a44014cb777d1ef41ca7efd,73.0,True
980,Ingra,Ingilson,24,iingilsonr7@live.com,Pakistan,55,33,83,57,ii****@live.com,2af7871c3b6321f8b0abefae7bdad9244f844fc9fc03dc9a70e05b87986d5955,57.0,True
981,Cariotta,Hedman,23,chedmanr8@usnews.com,Portugal,7,77,37,40,ch****@usnews.com,b33df7af830d963e8ac767fef46a547390fd229cedf81c8f6818b49996c12c89,40.0,True
982,Babette,Kolczynski,19,bkolczynskir9@redcross.org,Russia,4,86,2,30,bk****@redcross.org,6ea6929f3cfdec37bc2a5f823bf5270fb2ec0d2400502080c5cdaa128aff9814,31.0,False
983,Amata,Casford,21,acasfordra@spotify.com,Norway,21,18,7,15,ac****@spotify.com,88d28c0c78647b3e7a279edad0e4f096fb1be11ed6ba57e7a7347c8020f21331,15.0,True
984,Amandy,Sitch,25,asitchrb@deliciousdays.com,Greece,27,51,64,47,as****@deliciousdays.com,f95e5d10553e008836fd5d8721e1e862190673e127729099ddb684c001ffae51,47.0,True
985,Jacquie,Coplestone,24,jcoplestonerc@springer.com,Serbia,45,59,63,55,jc****@springer.com,33998c3d6cdaa206d21d50cad0b215d7af0307d932f462fcf0a3bcd915a46772,56.0,False
986,Cathyleen,Gooke,22,cgookerd@whitehouse.gov,Ecuador,48,37,90,58,cg****@whitehouse.gov,19e586a089d2411fdb6ecddc0faa003f0c4aeb892269a9ef758c6fe5ade76aa5,58.0,True
987,Ileana,Duck,24,iduckre@desdev.cn,Indonesia,4,75,98,59,id****@desdev.cn,1d8143bb8b12ec1df4839b4061f274cc0137b2701321bda7d3835bc5584b5ad8,59.0,True
988,Ingunna,Chasen,25,ichasenrf@histats.com,Russia,32,15,32,26,ic****@histats.com,3b5b4495ba5a80c1d648227f5c52f50318346455eb08d83122d303bd2166f6f1,26.0,True
989,Elston,Oxlee,18,eoxleerg@i2i.jp,China,97,1,12,36,eo****@i2i.jp,b896e32d0b16cde465b91f6d6f3954bd3270a0a3dd8cf9751e0e46bd724b3ba9,37.0,False
990,Aluin,Pettus,22,apettusrh@facebook.com,Philippines,68,15,86,56,ap****@facebook.com,dbc21183e4bb88462940d452d00385cd61b66f018b88c3309f346d881245c6b9,56.0,True
991,Janek,O'Bruen,18,jobruenri@tripadvisor.com,Philippines,87,62,15,54,jo****@tripadvisor.com,20e4417d06293a2740d9c2cf8171a3ce692ca06a7b2e2feece64b1b39c81f8ba,55.0,False
992,Rea,Haresign,18,rharesignrj@liveinternet.ru,Indonesia,79,50,95,74,rh****@liveinternet.ru,e2c43a919b82776beaf193a904da3e06794a74e395ef2b5d44d3d36c8ee16de7,75.0,False
993,Mersey,Vowell,21,mvowellrk@amazon.co.jp,Afghanistan,31,11,1,14,mv****@amazon.co.jp,bb903677c1cac7078c92589c883392792726e702ba9c74b2d615f0454e8df866,14.0,True
994,Mabel,Kean,22,mkeanrl@telegraph.co.uk,Czech Republic,26,8,4,12,mk****@telegraph.co.uk,0121f4ac3a5daa04c6089e10f9c3680a3744cb6dd7000275aead2e20eba1d8a3,13.0,False
995,Godfree,Danbye,23,gdanbyerm@sciencedaily.com,Russia,20,68,40,42,gd****@sciencedaily.com,efbf3c185f1373f01645164822a1e91fca78bb25ec377666356484737973f3ec,43.0,False
996,Josefa,Klaiser,24,jklaiserrn@nydailynews.com,Cameroon,31,66,94,63,jk****@nydailynews.com,fc6e64d1db009ad5059993bd778a92506052a66eba0b02f17a9191bc88cd6514,64.0,False
997,Lilias,Ambrozewicz,23,lambrozewiczro@lulu.com,United States,66,30,66,54,la****@lulu.com,020a78396534b489a2fbb4e7e77bfde4053d0003890ba0fe5ef092754a072f25,54.0,True
998,Joy,Jendas,20,jjendasrp@jalbum.net,Philippines,84,50,61,65,jj****@jalbum.net,36f1a84f6f15c052cb0fecdd9a7b186aea2ccd878e86493a642a1fb2861cf5b9,65.0,True
999,Lin,Gowdie,23,lgowdierq@qq.com,Ethiopia,44,11,80,45,lg****@qq.com,9f3afd4d57df1bfcb06ead3580f039065f0566062b9658f9b845bb14efb65fd2,45.0,True
1000,Harriett,Wick,20,hwickrr@trellian.com,Tunisia,64,48,83,65,hw****@trellian.com,fcc84cfbf796ce07bad99b54001e0a9a4da0d90ae8ac1f5c2ccdff7e73223dc4,65.0,True
