student_id,first_name,last_name,age,email,country,grade_math,grade_science,grade_english,Final_score,age_scaled,grade_math_scaled,grade_science_scaled,grade_english_scaled,Final_score_scaled,country_code
1,Kerrill,De Cleyne,24,kdecleyne0@furl.net,Venezuela,68,80,15,54,1.0831733024510304,0.6218487177142906,1.083879729722415,-1.1925037373237095,0.27743709127999067,113
2,Krissie,Vittet,25,kvittet1@ustream.tv,Bulgaria,29,30,60,39,1.5227728570171957,-0.7297702975483374,-0.6275993950563865,0.31343632496418766,-0.6157924363439331,13
3,Hugibert,Haugg,21,hhaugg2@theguardian.com,New Zealand,76,0,55,43,-0.23562536124746516,0.8991039003322656,-1.6544868699236674,0.14610965137664353,-0.3775978956442201,75
4,Fancie,De Mars,18,fdemars3@parallels.com,China,82,88,90,86,-1.5544240249459609,1.1070452872957468,1.3577163896870232,1.3173963664894526,2.1829934168776948,19
5,Micki,O'Dowgaine,24,modowgaine4@livejournal.com,China,77,23,11,37,1.0831733024510304,0.9337607981595124,-0.8672064725254187,-1.3263650761937449,-0.7348897066937896,19
6,Bella,Litchfield,22,blitchfield5@dropbox.com,China,44,78,30,50,0.20397419331870006,-0.20991683013963439,1.0154205647312629,-0.6905237165610771,0.03924255058027765,19
7,Ariel,Laslett,22,alaslett6@vimeo.com,Malta,100,61,90,83,0.20397419331870006,1.7308694481861906,0.4335176623064704,1.3173963664894526,2.00434751135291,65
8,Ailbert,Nickolls,25,anickolls7@is.gd,China,98,81,59,79,1.5227728570171957,1.6615556525316968,1.118109312217991,0.2799709902466788,1.7661529706531969,19
9,Jobyna,Stoffer,25,jstoffer8@xinhuanet.com,El Salvador,35,51,41,42,1.5227728570171957,-0.5218289105848563,0.09122183735071009,-0.3224050346684801,-0.43714653081914834,32
10,Saundra,Dietzler,25,sdietzler9@blogspot.com,Argentina,46,38,16,33,1.5227728570171957,-0.14060303448514064,-0.3537627350917783,-1.1590384026062008,-0.9730842473935026,2
11,Mitchel,Lunt,22,mlunta@gov.uk,Macedonia,89,40,65,64,0.20397419331870006,1.349643572086475,-0.28530357010062624,0.4807629985517318,0.8729234430292732,61
12,Nicoli,Chadburn,25,nchadburnb@toplist.cz,Mexico,80,47,53,60,1.5227728570171957,1.037731491641253,-0.04569649263159403,0.07917898194162587,0.6347289023295601,69
13,Ketti,Naisby,21,knaisbyc@sina.com.cn,France,95,30,49,58,-0.23562536124746516,1.5575849590499562,-0.6275993950563865,-0.054682356928409434,0.5156316319797036,36
14,Adoree,Rama,22,aramad@xinhuanet.com,Argentina,60,89,12,53,0.20397419331870006,0.3445935350963156,1.3919459721825993,-1.292899741476236,0.2178884561050624,2
15,Berny,Jime,19,bjimee@zdnet.com,Brazil,61,27,32,40,-1.1148244703797956,0.3792504329235625,-0.7302881425431147,-0.6235930471260596,-0.5562438011690048,12
16,Reynolds,Goodge,24,rgoodgef@cargocollective.com,Guatemala,56,2,41,33,1.0831733024510304,0.2059659437873281,-1.5860277049325153,-0.3224050346684801,-0.9730842473935026,41
17,Turner,Brendish,24,tbrendishg@opera.com,Sweden,23,72,90,61,1.0831733024510304,-0.9377116845118187,0.8100430697578067,1.3173963664894526,0.6942775375044884,101
18,Ninetta,Carrane,20,ncarraneh@etsy.com,Slovenia,78,98,95,90,-0.6752249158136304,0.9684176959867593,1.7000122146427836,1.4847230400769966,2.421187957577408,94
19,Dilly,Jedrychowski,19,djedrychowskii@aol.com,China,28,40,3,23,-1.1148244703797956,-0.7644271953755843,-0.28530357010062624,-1.5940877539338156,-1.5685705991427852,19
20,Friedrick,Schrir,19,fschrirj@slashdot.org,Indonesia,100,6,55,53,-1.1148244703797956,1.7308694481861906,-1.4491093749502113,0.14610965137664353,0.2178884561050624,44
21,Clay,Gallagher,23,cgallagherk@soup.io,Vietnam,63,81,12,52,0.6435737478848653,0.4485642285780562,1.118109312217991,-1.292899741476236,0.15833982093013416,114
22,Collen,Foran,20,cforanl@sakura.ne.jp,Croatia,38,67,74,59,-0.6752249158136304,-0.41785821710311566,0.6388951572799266,0.7819510110093113,0.5751802671546319,23
23,Skye,Elland,20,sellandm@a8.net,Russia,82,88,27,65,-0.6752249158136304,1.1070452872957468,1.3577163896870232,-0.7909197207136036,0.9324720782042014,90
24,Tonnie,Audenis,24,taudenisn@wufoo.com,Philippines,71,6,26,34,1.0831733024510304,0.7258194111960312,-1.4491093749502113,-0.8243850554311125,-0.9135356122185744,85
25,Hedwiga,Tidswell,20,htidswello@discovery.com,China,78,97,8,61,-0.6752249158136304,0.9684176959867593,1.6657826321472076,-1.4267610803462714,0.6942775375044884,19
26,Clevey,Bargh,25,cbarghp@uol.com.br,China,20,34,76,43,1.5227728570171957,-1.0416823779935593,-0.49068106507408243,0.8488816804443289,-0.3775978956442201,19
27,Kurt,Ivery,25,kiveryq@csmonitor.com,Portugal,51,60,18,43,1.5227728570171957,0.032681454651093726,0.39928807981089437,-1.092107733171183,-0.3775978956442201,87
28,Lloyd,Yeliashev,18,lyeliashevr@hud.gov,China,87,94,92,91,-1.5544240249459609,1.2803297764319812,1.5630938846604794,1.3843270359244702,2.480736592752336,19
29,Terence,Creswell,20,tcreswells@domainmarket.com,China,76,66,68,70,-0.6752249158136304,0.8991039003322656,0.6046655747843506,0.5811590027042582,1.2302152540788427,19
30,Valentia,McGarrahan,25,vmcgarrahant@kickstarter.com,China,32,62,80,58,1.5227728570171957,-0.6257996040665968,0.46774724480204644,0.9827430193143643,0.5156316319797036,19
31,Tara,Bodesson,24,tbodessonu@nymag.com,Portugal,41,15,93,49,1.0831733024510304,-0.313887523621375,-1.141043132490027,1.417792370641979,-0.020306084594650598,87
32,Arvy,Hinkins,19,ahinkinsv@go.com,Portugal,90,95,63,82,-1.1148244703797956,1.3843004699137218,1.5973234671560554,0.41383232911671414,1.9447988761779818,87
33,Allys,O'Kieran,19,aokieranw@cargocollective.com,Indonesia,87,4,74,55,-1.1148244703797956,1.2803297764319812,-1.5175685399413634,0.7819510110093113,0.3369857264549189,44
34,Kele,Vashchenko,19,kvashchenkox@salon.com,Lithuania,12,55,88,51,-1.1148244703797956,-1.3189375606115343,0.2281401673330142,1.2504656970544348,0.0987911857552059,59
35,Eilis,Kissock,23,ekissocky@wsj.com,Russia,0,14,69,27,0.6435737478848653,-1.734820334538497,-1.175272714985603,0.6146243374217671,-1.3303760584430722,90
36,Phyllys,Prahl,23,pprahlz@mapy.cz,China,31,55,9,31,0.6435737478848653,-0.6604565018938438,0.2281401673330142,-1.3932957456287625,-1.0921815177433591,19
37,Rosella,Dowall,22,rdowall10@hexun.com,Philippines,81,33,31,48,0.20397419331870006,1.0723883894685,-0.5249106475696584,-0.6570583818435684,-0.07985471976957885,85
38,Karim,McDougald,25,kmcdougald11@tinyurl.com,Philippines,24,18,16,19,1.5227728570171957,-0.9030547866845718,-1.038354385003299,-1.1590384026062008,-1.8067651398424982,85
39,Teriann,Gaynor,19,tgaynor12@topsy.com,France,41,1,12,18,-1.1148244703797956,-0.313887523621375,-1.6202572874280914,-1.292899741476236,-1.8663137750174263,36
40,Andonis,Pert,21,apert13@reference.com,Poland,97,66,64,75,-0.23562536124746516,1.62689875470445,0.6046655747843506,0.447297663834223,1.5279584299534839,86
41,Garik,Caldecot,23,gcaldecot14@gmpg.org,Indonesia,73,1,96,56,0.6435737478848653,0.7951332068505249,-1.6202572874280914,1.5181883747945055,0.3965343616298472,44
42,Andria,Bollum,25,abollum15@deliciousdays.com,South Korea,62,41,74,59,1.5227728570171957,0.4139073307508093,-0.25107398760505023,0.7819510110093113,0.5751802671546319,97
43,Rodolphe,Bordes,24,rbordes16@who.int,Kenya,87,92,50,76,1.0831733024510304,1.2803297764319812,1.4946347196693273,-0.021217022210900608,1.5875070651284122,53
44,Der,Blackborough,19,dblackborough17@yelp.com,Paraguay,7,70,79,52,-1.1148244703797956,-1.4922220497477687,0.7415839047666547,0.9492776845968554,0.15833982093013416,83
45,Tess,Laidel,25,tlaidel18@slate.com,Curacao,19,47,90,52,1.5227728570171957,-1.0763392758208061,-0.04569649263159403,1.3173963664894526,0.15833982093013416,25
46,Skylar,Lewry,20,slewry19@trellian.com,Portugal,53,57,21,43,-0.6752249158136304,0.10199525030558748,0.2965993323241663,-0.9917117290186567,-0.3775978956442201,87
47,Dorice,Astle,25,dastle1a@weebly.com,Mexico,16,67,12,31,1.5227728570171957,-1.180309969302547,0.6388951572799266,-1.292899741476236,-1.0921815177433591,69
48,Dorolice,Donohue,24,ddonohue1b@istockphoto.com,Argentina,69,10,60,46,1.0831733024510304,0.6565056155415374,-1.312191044967907,0.31343632496418766,-0.19895199011943535,2
49,Starlin,Klimp,18,sklimp1c@fotki.com,Brazil,89,5,99,64,-1.5544240249459609,1.349643572086475,-1.4833389574457874,1.618584378947032,0.8729234430292732,12
50,Prentiss,Blythe,25,pblythe1d@wikia.com,Argentina,90,16,44,50,1.5227728570171957,1.3843004699137218,-1.106813549994451,-0.22200903051595358,0.03924255058027765,2
51,Zacharias,Colquite,20,zcolquite1e@smh.com.au,China,77,78,13,56,-0.6752249158136304,0.9337607981595124,1.0154205647312629,-1.2594344067587273,0.3965343616298472,19
52,Carmencita,Whithalgh,23,cwhithalgh1f@skype.com,Palestinian Territory,54,28,41,41,0.6435737478848653,0.13665214813283436,-0.6960585600475386,-0.3224050346684801,-0.4966951659940766,81
53,Ernaline,Le Blond,19,eleblond1g@bloglovin.com,Japan,59,70,82,70,-1.1148244703797956,0.3099366372690687,0.7415839047666547,1.0496736887493818,1.2302152540788427,50
54,Tanya,Braisby,24,tbraisby1h@gnu.org,Russia,86,10,35,43,1.0831733024510304,1.2456728786047344,-1.312191044967907,-0.523197042973533,-0.3775978956442201,90
55,Leisha,Doward,24,ldoward1i@upenn.edu,Syria,71,22,59,50,1.0831733024510304,0.7258194111960312,-0.9014360550209948,0.2799709902466788,0.03924255058027765,103
56,Jory,Harsnipe,22,jharsnipe1j@fema.gov,China,45,47,40,44,0.20397419331870006,-0.1752599323123875,-0.04569649263159403,-0.35587036938598887,-0.31804926046929183,19
57,Shandee,Scaice,20,sscaice1k@sun.com,Czech Republic,61,31,52,48,-0.6752249158136304,0.3792504329235625,-0.5933698125608106,0.04571364722411705,-0.07985471976957885,26
58,Noel,Crackett,19,ncrackett1l@nyu.edu,Croatia,76,43,36,51,-1.1148244703797956,0.8991039003322656,-0.18261482261389816,-0.4897317082560242,0.0987911857552059,23
59,Corine,Cattlemull,24,ccattlemull1m@earthlink.net,Philippines,98,43,93,78,1.0831733024510304,1.6615556525316968,-0.18261482261389816,1.417792370641979,1.7066043354782687,85
60,Elvera,Kilcullen,19,ekilcullen1n@csmonitor.com,Germany,21,65,91,59,-1.1148244703797956,-1.0070254801663125,0.5704359922887745,1.3508617012069613,0.5751802671546319,38
61,Elisha,Cudby,19,ecudby1o@clickbank.net,France,82,34,18,44,-1.1148244703797956,1.1070452872957468,-0.49068106507408243,-1.092107733171183,-0.31804926046929183,36
62,Fawnia,Pleuman,25,fpleuman1p@fotki.com,South Africa,61,26,33,40,1.5227728570171957,0.3792504329235625,-0.7645177250386906,-0.5901277124085507,-0.5562438011690048,96
63,Ulberto,Element,20,uelement1q@mail.ru,Kenya,82,35,16,44,-0.6752249158136304,1.1070452872957468,-0.4564514825785064,-1.1590384026062008,-0.31804926046929183,53
64,Tildi,Scobbie,21,tscobbie1r@wix.com,Indonesia,39,94,83,72,-0.23562536124746516,-0.38320131927586876,1.5630938846604794,1.0831390234668907,1.3493125244286992,44
65,Claudina,Stallard,24,cstallard1s@drupal.org,Taiwan,6,44,11,20,1.0831733024510304,-1.5268789475750155,-0.14838524011832213,-1.3263650761937449,-1.7472165046675698,104
66,Ethelyn,Farens,24,efarens1t@wordpress.org,Czech Republic,62,90,39,63,1.0831733024510304,0.4139073307508093,1.4261755546781754,-0.3893357041034977,0.8133748078543449,26
67,Thalia,Abercromby,24,tabercromby1u@example.com,Philippines,71,78,16,55,1.0831733024510304,0.7258194111960312,1.0154205647312629,-1.1590384026062008,0.3369857264549189,85
68,Arabela,Risely,23,arisely1v@marketwatch.com,China,91,64,63,72,0.6435737478848653,1.4189573677409686,0.5362064097931984,0.41383232911671414,1.3493125244286992,19
69,Matteo,Lattey,21,mlattey1w@spiegel.de,Afghanistan,100,27,54,60,-0.23562536124746516,1.7308694481861906,-0.7302881425431147,0.1126443166591347,0.6347289023295601,0
70,Carmella,Ballsdon,18,cballsdon1x@google.ru,Russia,34,57,63,51,-1.5544240249459609,-0.5564858084121032,0.2965993323241663,0.41383232911671414,0.0987911857552059,90
71,Killie,Lorenc,24,klorenc1y@123-reg.co.uk,Syria,21,16,63,33,1.0831733024510304,-1.0070254801663125,-1.106813549994451,0.41383232911671414,-0.9730842473935026,103
72,Cilka,Telfer,22,ctelfer1z@google.com,Japan,31,65,26,40,0.20397419331870006,-0.6604565018938438,0.5704359922887745,-0.8243850554311125,-0.5562438011690048,50
73,Delbert,Vala,25,dvala20@eepurl.com,Indonesia,68,33,60,53,1.5227728570171957,0.6218487177142906,-0.5249106475696584,0.31343632496418766,0.2178884561050624,44
74,Concordia,Boyton,23,cboyton21@is.gd,Indonesia,9,91,29,43,0.6435737478848653,-1.422908254093275,1.4604051371737514,-0.723989051278586,-0.3775978956442201,44
75,Enid,Pretley,23,epretley22@pagesperso-orange.fr,Philippines,79,2,82,54,0.6435737478848653,1.0030745938140062,-1.5860277049325153,1.0496736887493818,0.27743709127999067,85
76,Davina,Waywell,19,dwaywell23@tripod.com,Lithuania,10,61,86,52,-1.1148244703797956,-1.3882513562660281,0.4335176623064704,1.1835350276194172,0.15833982093013416,59
77,Gunter,Ruste,22,gruste24@prlog.org,Russia,83,81,20,61,0.20397419331870006,1.1417021851229936,1.118109312217991,-1.0251770637361655,0.6942775375044884,90
78,Ric,De Carlo,20,rdecarlo25@amazon.com,Brazil,34,20,71,41,-0.6752249158136304,-0.5564858084121032,-0.9698952200121469,0.6815550068567848,-0.4966951659940766,12
79,Jenelle,Treherne,18,jtreherne26@wordpress.org,Portugal,31,48,5,28,-1.5544240249459609,-0.6604565018938438,-0.011466910136018,-1.5271570844987978,-1.2708274232681438,87
80,Welch,Mucklow,19,wmucklow27@shop-pro.jp,Portugal,26,15,51,30,-1.1148244703797956,-0.8337409910300781,-1.141043132490027,0.01224831250660822,-1.1517301529182873,87
81,Anatol,Wheatman,25,awheatman28@spotify.com,Russia,81,72,51,68,1.5227728570171957,1.0723883894685,0.8100430697578067,0.01224831250660822,1.1111179837289862,90
82,Ritchie,O'Carmody,25,rocarmody29@pinterest.com,Azerbaijan,13,27,62,34,1.5227728570171957,-1.2842806627842875,-0.7302881425431147,0.38036699439920535,-0.9135356122185744,6
83,Davide,Pettyfer,19,dpettyfer2a@vinaora.com,China,44,78,55,59,-1.1148244703797956,-0.20991683013963439,1.0154205647312629,0.14610965137664353,0.5751802671546319,19
84,Sada,Anchor,24,sanchor2b@gmpg.org,China,79,18,29,42,1.0831733024510304,1.0030745938140062,-1.038354385003299,-0.723989051278586,-0.43714653081914834,19
85,Maure,Maybey,19,mmaybey2c@si.edu,Russia,69,96,50,71,-1.1148244703797956,0.6565056155415374,1.6315530496516315,-0.021217022210900608,1.2897638892537708,90
86,Blinnie,O'Murtagh,20,bomurtagh2d@si.edu,Portugal,62,99,6,55,-0.6752249158136304,0.4139073307508093,1.7342417971383595,-1.493691749781289,0.3369857264549189,87
87,Evie,Heenan,22,eheenan2e@nsw.gov.au,Poland,95,46,73,71,0.20397419331870006,1.5575849590499562,-0.07992607512717007,0.7484856762918024,1.2897638892537708,86
88,Bevin,Capnerhurst,19,bcapnerhurst2f@yale.edu,United States,37,47,76,53,-1.1148244703797956,-0.4525151149303625,-0.04569649263159403,0.8488816804443289,0.2178884561050624,111
89,Esme,Allsep,21,eallsep2g@nyu.edu,Czech Republic,74,90,5,56,-0.23562536124746516,0.8297901046777718,1.4261755546781754,-1.5271570844987978,0.3965343616298472,26
90,Ugo,Renbold,20,urenbold2h@nbcnews.com,Azerbaijan,22,25,68,38,-0.6752249158136304,-0.9723685823390656,-0.7987473075342667,0.5811590027042582,-0.6753410715188614,6
91,Smith,Sanpere,25,ssanpere2i@edublogs.org,Philippines,89,88,12,63,1.5227728570171957,1.349643572086475,1.3577163896870232,-1.292899741476236,0.8133748078543449,85
92,Clareta,Furze,19,cfurze2j@microsoft.com,Nigeria,37,18,43,32,-1.1148244703797956,-0.4525151149303625,-1.038354385003299,-0.2554743652334624,-1.0326328825684308,78
93,Teador,Chsteney,20,tchsteney2k@mayoclinic.com,Panama,3,51,4,19,-0.6752249158136304,-1.6308496410567561,0.09122183735071009,-1.5606224192163067,-1.8067651398424982,82
94,Harriette,McNicol,20,hmcnicol2l@histats.com,Sri Lanka,91,88,41,73,-0.6752249158136304,1.4189573677409686,1.3577163896870232,-0.3224050346684801,1.4088611596036273,99
95,Dosi,Ainley,20,dainley2m@gnu.org,Indonesia,13,10,57,26,-0.6752249158136304,-1.2842806627842875,-1.312191044967907,0.2130403208116612,-1.3899246936180003,44
96,Krystle,Macieja,20,kmacieja2n@addthis.com,China,38,81,84,67,-0.6752249158136304,-0.41785821710311566,1.118109312217991,1.1166043581843996,1.0515693485540578,19
97,Laurie,Usherwood,21,lusherwood2o@ebay.com,Russia,94,49,31,58,-0.23562536124746516,1.5229280612227094,0.02276267235955803,-0.6570583818435684,0.5156316319797036,90
98,Nettie,Vicioso,19,nvicioso2p@theguardian.com,Ukraine,36,81,53,56,-1.1148244703797956,-0.4871720127576094,1.118109312217991,0.07917898194162587,0.3965343616298472,109
99,Phil,Vanichkov,24,pvanichkov2q@dropbox.com,Indonesia,67,55,13,45,1.0831733024510304,0.5871918198870437,0.2281401673330142,-1.2594344067587273,-0.25850062529436363,44
100,Lorrayne,Vahl,22,lvahl2r@nymag.com,Republic of the Congo,84,28,57,56,0.20397419331870006,1.1763590829502406,-0.6960585600475386,0.2130403208116612,0.3965343616298472,88
101,Allison,Saldler,24,asaldler2s@ucla.edu,Portugal,44,90,68,67,1.0831733024510304,-0.20991683013963439,1.4261755546781754,0.5811590027042582,1.0515693485540578,87
102,Eolande,Skune,21,eskune2t@cbslocal.com,Greece,60,34,71,55,-0.23562536124746516,0.3445935350963156,-0.49068106507408243,0.6815550068567848,0.3369857264549189,39
103,Mozelle,GiacobbiniJacob,21,mgiacobbinijacob2u@phoca.cz,Poland,39,18,3,20,-0.23562536124746516,-0.38320131927586876,-1.038354385003299,-1.5940877539338156,-1.7472165046675698,86
104,Perkin,Corris,25,pcorris2v@archive.org,Thailand,22,68,70,53,1.5227728570171957,-0.9723685823390656,0.6731247397755026,0.6480896721392759,0.2178884561050624,106
105,Willabella,Mathews,22,wmathews2w@blogspot.com,Philippines,12,31,4,15,0.20397419331870006,-1.3189375606115343,-0.5933698125608106,-1.5606224192163067,-2.044959680542211,85
106,Esmaria,Anning,19,eanning2x@hatena.ne.jp,Portugal,45,85,47,59,-1.1148244703797956,-0.1752599323123875,1.255027642200295,-0.12161302636342709,0.5751802671546319,87
107,Irvin,Dibsdale,23,idibsdale2y@netvibes.com,Philippines,24,38,31,31,0.6435737478848653,-0.9030547866845718,-0.3537627350917783,-0.6570583818435684,-1.0921815177433591,85
108,Boniface,Storror,19,bstorror2z@xing.com,Brazil,37,40,50,42,-1.1148244703797956,-0.4525151149303625,-0.28530357010062624,-0.021217022210900608,-0.43714653081914834,12
109,Veda,Street,25,vstreet30@un.org,China,92,45,61,66,1.5227728570171957,1.4536142655682156,-0.11415565762274608,0.3469016596816965,0.9920207133791297,19
110,Harley,Rigts,24,hrigts31@soup.io,Poland,55,43,72,56,1.0831733024510304,0.17130904596008123,-0.18261482261389816,0.7150203415742936,0.3965343616298472,86
111,Bobbie,Perryn,23,bperryn32@tiny.cc,Indonesia,47,33,7,29,0.6435737478848653,-0.10594613665789376,-0.5249106475696584,-1.4602264150637803,-1.2112787880932157,44
112,Estel,McDuffie,22,emcduffie33@kickstarter.com,Portugal,16,26,42,28,0.20397419331870006,-1.180309969302547,-0.7645177250386906,-0.28893969995097124,-1.2708274232681438,87
113,Candis,Eisold,22,ceisold34@rediff.com,Russia,48,79,11,46,0.20397419331870006,-0.07128923883064689,1.049650147226839,-1.3263650761937449,-0.19895199011943535,90
114,Donn,Armfirld,20,darmfirld35@linkedin.com,Sweden,72,76,41,63,-0.6752249158136304,0.7604763090232781,0.9469613997401108,-0.3224050346684801,0.8133748078543449,101
115,Donny,Jansens,19,djansens36@who.int,Philippines,59,70,80,69,-1.1148244703797956,0.3099366372690687,0.7415839047666547,0.9827430193143643,1.1706666189039143,85
116,Midge,Okenden,24,mokenden37@slashdot.org,Kazakhstan,4,73,19,32,1.0831733024510304,-1.5961927432295093,0.8442726522533828,-1.0586423984536744,-1.0326328825684308,52
117,Lydia,Mariotte,21,lmariotte38@amazon.de,Indonesia,57,74,92,74,-0.23562536124746516,0.24062284161457498,0.8785022347489588,1.3843270359244702,1.4684097947785557,44
118,Garald,Baggiani,22,gbaggiani39@ustream.tv,Iran,20,16,1,12,0.20397419331870006,-1.0416823779935593,-1.106813549994451,-1.6610184233688332,-2.223605586066996,45
119,Iseabal,Dumphreys,24,idumphreys3a@sbwire.com,China,73,42,28,47,1.0831733024510304,0.7951332068505249,-0.21684440510947417,-0.7574543859960948,-0.1394033549445071,19
120,Binni,Jannasch,21,bjannasch3b@google.com.hk,Sweden,26,40,19,28,-0.23562536124746516,-0.8337409910300781,-0.28530357010062624,-1.0586423984536744,-1.2708274232681438,101
121,Archibold,Scowcraft,19,ascowcraft3c@yolasite.com,Philippines,17,95,71,61,-1.1148244703797956,-1.1456530714753,1.5973234671560554,0.6815550068567848,0.6942775375044884,85
122,Catharina,Ravel,20,cravel3d@soup.io,Ukraine,79,67,63,69,-0.6752249158136304,1.0030745938140062,0.6388951572799266,0.41383232911671414,1.1706666189039143,109
123,Averill,Rainton,18,arainton3e@go.com,Brazil,65,90,72,75,-1.5544240249459609,0.5178780242325499,1.4261755546781754,0.7150203415742936,1.5279584299534839,12
124,Dawn,Maddyson,21,dmaddyson3f@harvard.edu,Mali,35,70,0,35,-0.23562536124746516,-0.5218289105848563,0.7415839047666547,-1.694483758086342,-0.8539869770436461,64
125,Suzie,Hullyer,20,shullyer3g@g.co,Czech Republic,22,4,60,28,-0.6752249158136304,-0.9723685823390656,-1.5175685399413634,0.31343632496418766,-1.2708274232681438,26
126,Rey,Gammon,20,rgammon3h@discovery.com,Russia,94,2,78,58,-0.6752249158136304,1.5229280612227094,-1.5860277049325153,0.9158123498793466,0.5156316319797036,90
127,Kristian,Leinweber,20,kleinweber3i@ifeng.com,Poland,35,69,12,38,-0.6752249158136304,-0.5218289105848563,0.7073543222710786,-1.292899741476236,-0.6753410715188614,86
128,Sharity,Neachell,25,sneachell3j@nps.gov,Vietnam,16,31,25,24,1.5227728570171957,-1.180309969302547,-0.5933698125608106,-0.8578503901486213,-1.5090219639678568,114
129,Lexis,Pittson,19,lpittson3k@deviantart.com,Peru,9,7,48,21,-1.1148244703797956,-1.422908254093275,-1.4148797924546352,-0.08814769164591826,-1.6876678694926417,84
130,Friedrick,Pember,24,fpember3l@uol.com.br,Latvia,55,52,87,64,1.0831733024510304,0.17130904596008123,0.12545141984628613,1.217000362336926,0.8729234430292732,56
131,Jourdain,Whitmell,18,jwhitmell3m@java.com,Portugal,63,14,99,58,-1.5544240249459609,0.4485642285780562,-1.175272714985603,1.618584378947032,0.5156316319797036,87
132,Drusie,Baughn,21,dbaughn3n@diigo.com,Japan,8,60,42,36,-0.23562536124746516,-1.457565151920522,0.39928807981089437,-0.28893969995097124,-0.7944383418687179,50
133,Dukey,Greenrod,20,dgreenrod3o@printfriendly.com,China,64,28,97,63,-0.6752249158136304,0.48322112640530307,-0.6960585600475386,1.5516537095120144,0.8133748078543449,19
134,Risa,Stent,23,rstent3p@fc2.com,France,42,92,11,48,0.6435737478848653,-0.27923062579412816,1.4946347196693273,-1.3263650761937449,-0.07985471976957885,36
135,Kessia,Larimer,25,klarimer3q@histats.com,Portugal,86,44,20,50,1.5227728570171957,1.2456728786047344,-0.14838524011832213,-1.0251770637361655,0.03924255058027765,87
136,Janis,Hindrich,18,jhindrich3r@domainmarket.com,Finland,37,86,53,58,-1.5544240249459609,-0.4525151149303625,1.2892572246958711,0.07917898194162587,0.5156316319797036,35
137,Cherish,Speeding,21,cspeeding3s@bloomberg.com,Brazil,61,3,35,33,-0.23562536124746516,0.3792504329235625,-1.5517981224369395,-0.523197042973533,-0.9730842473935026,12
138,Bertie,Fishe,25,bfishe3t@devhub.com,Colombia,67,94,70,77,1.5227728570171957,0.5871918198870437,1.5630938846604794,0.6480896721392759,1.6470557003033404,20
139,Lorenza,Herculson,19,lherculson3u@shareasale.com,South Africa,60,67,79,68,-1.1148244703797956,0.3445935350963156,0.6388951572799266,0.9492776845968554,1.1111179837289862,96
140,Garland,Dearell,25,gdearell3v@live.com,Portugal,17,78,69,54,1.5227728570171957,-1.1456530714753,1.0154205647312629,0.6146243374217671,0.27743709127999067,87
141,Stavro,Waltering,24,swaltering3w@so-net.ne.jp,United States,15,78,70,54,1.0831733024510304,-1.2149668671297937,1.0154205647312629,0.6480896721392759,0.27743709127999067,111
142,Stephie,Simm,19,ssimm3x@51.la,Sweden,17,49,27,31,-1.1148244703797956,-1.1456530714753,0.02276267235955803,-0.7909197207136036,-1.0921815177433591,101
143,Silva,O'Kenny,25,sokenny3y@wp.com,Indonesia,3,73,20,32,1.5227728570171957,-1.6308496410567561,0.8442726522533828,-1.0251770637361655,-1.0326328825684308,44
144,Sherlocke,Fairfull,20,sfairfull3z@clickbank.net,Canada,18,35,100,51,-0.6752249158136304,-1.1109961736480531,-0.4564514825785064,1.652049713664541,0.0987911857552059,15
145,Norene,Gosnall,25,ngosnall40@trellian.com,Luxembourg,7,30,94,43,1.5227728570171957,-1.4922220497477687,-0.6275993950563865,1.4512577053594877,-0.3775978956442201,60
146,Bendite,Dimnage,20,bdimnage41@imdb.com,Russia,65,28,36,43,-0.6752249158136304,0.5178780242325499,-0.6960585600475386,-0.4897317082560242,-0.3775978956442201,90
147,Mike,Arson,20,marson42@nhs.uk,Brazil,40,2,91,44,-0.6752249158136304,-0.3485444214486219,-1.5860277049325153,1.3508617012069613,-0.31804926046929183,12
148,Alida,Ducker,19,aducker43@nydailynews.com,Russia,49,41,36,42,-1.1148244703797956,-0.03663234100340002,-0.25107398760505023,-0.4897317082560242,-0.43714653081914834,90
149,Claudie,Rushbrooke,24,crushbrooke44@msu.edu,China,50,5,99,51,1.0831733024510304,-0.0019754431761531467,-1.4833389574457874,1.618584378947032,0.0987911857552059,19
150,Arabel,Meekings,23,ameekings45@soup.io,Ukraine,19,84,55,52,0.6435737478848653,-1.0763392758208061,1.220798059704719,0.14610965137664353,0.15833982093013416,109
151,Michelle,Tallant,20,mtallant46@cpanel.net,Philippines,99,96,77,90,-0.6752249158136304,1.6962125503589436,1.6315530496516315,0.8823470151618378,2.421187957577408,85
152,Shep,Grealy,21,sgrealy47@deliciousdays.com,China,94,26,68,62,-0.23562536124746516,1.5229280612227094,-0.7645177250386906,0.5811590027042582,0.7538261726794167,19
153,Harriott,MacGillivrie,24,hmacgillivrie48@hao123.com,Russia,66,1,80,49,1.0831733024510304,0.5525349220597968,-1.6202572874280914,0.9827430193143643,-0.020306084594650598,90
154,Winonah,Heal,20,wheal49@chron.com,Mexico,61,14,98,57,-0.6752249158136304,0.3792504329235625,-1.175272714985603,1.585119044229523,0.45608299680477543,69
155,Gray,Woolveridge,25,gwoolveridge4a@newsvine.com,Philippines,78,94,34,68,1.5227728570171957,0.9684176959867593,1.5630938846604794,-0.5566623776910419,1.1111179837289862,85
156,Jobie,de Guerre,22,jdeguerre4b@github.com,China,26,1,9,12,0.20397419331870006,-0.8337409910300781,-1.6202572874280914,-1.3932957456287625,-2.223605586066996,19
157,Augustine,Roberds,22,aroberds4c@archive.org,Poland,20,95,77,64,0.20397419331870006,-1.0416823779935593,1.5973234671560554,0.8823470151618378,0.8729234430292732,86
158,Daile,Stork,21,dstork4d@goo.gl,Peru,94,32,85,70,-0.23562536124746516,1.5229280612227094,-0.5591402300652345,1.1500696929019083,1.2302152540788427,84
159,Guillermo,Laurance,21,glaurance4e@ovh.net,Albania,13,5,48,22,-0.23562536124746516,-1.2842806627842875,-1.4833389574457874,-0.08814769164591826,-1.6281192343177133,1
160,Ceciley,Egle,19,cegle4f@slate.com,Peru,5,88,47,46,-1.1148244703797956,-1.5615358454022625,1.3577163896870232,-0.12161302636342709,-0.19895199011943535,84
161,Anselm,Pakeman,18,apakeman4g@mail.ru,China,6,40,56,34,-1.5544240249459609,-1.5268789475750155,-0.28530357010062624,0.17957498609415237,-0.9135356122185744,19
162,Kennett,Shovell,23,kshovell4h@phpbb.com,Indonesia,31,54,83,56,0.6435737478848653,-0.6604565018938438,0.19391058483743817,1.0831390234668907,0.3965343616298472,44
163,Kermie,Mabon,24,kmabon4i@unblog.fr,China,50,43,93,62,1.0831733024510304,-0.0019754431761531467,-0.18261482261389816,1.417792370641979,0.7538261726794167,19
164,Sebastien,Gaylord,23,sgaylord4j@squarespace.com,Reunion,78,41,10,43,0.6435737478848653,0.9684176959867593,-0.25107398760505023,-1.3598304109112538,-0.3775978956442201,89
165,Laird,Lumby,25,llumby4k@sfgate.com,Guatemala,91,33,83,69,1.5227728570171957,1.4189573677409686,-0.5249106475696584,1.0831390234668907,1.1706666189039143,41
166,Giustina,Tagg,23,gtagg4l@sina.com.cn,Portugal,34,13,38,28,0.6435737478848653,-0.5564858084121032,-1.209502297481179,-0.42280103882100656,-1.2708274232681438,87
167,Horatius,Oscroft,25,hoscroft4m@ycombinator.com,China,88,89,14,63,1.5227728570171957,1.314986674259228,1.3919459721825993,-1.2259690720412184,0.8133748078543449,19
168,Belvia,Baraja,25,bbaraja4n@unblog.fr,Indonesia,54,56,0,36,1.5227728570171957,0.13665214813283436,0.26236974982859024,-1.694483758086342,-0.7944383418687179,44
169,Poul,Farraway,21,pfarraway4o@sciencedaily.com,Czech Republic,83,41,76,66,-0.23562536124746516,1.1417021851229936,-0.25107398760505023,0.8488816804443289,0.9920207133791297,26
170,Montgomery,Whisby,25,mwhisby4p@ifeng.com,Brazil,73,41,65,59,1.5227728570171957,0.7951332068505249,-0.25107398760505023,0.4807629985517318,0.5751802671546319,12
171,Woody,Croker,24,wcroker4q@rakuten.co.jp,Argentina,19,2,90,37,1.0831733024510304,-1.0763392758208061,-1.5860277049325153,1.3173963664894526,-0.7348897066937896,2
172,Cassie,Dawber,23,cdawber4r@timesonline.co.uk,Poland,8,43,47,32,0.6435737478848653,-1.457565151920522,-0.18261482261389816,-0.12161302636342709,-1.0326328825684308,86
173,Claresta,Casterton,24,ccasterton4s@sciencedirect.com,Panama,30,48,40,39,1.0831733024510304,-0.6951133997210907,-0.011466910136018,-0.35587036938598887,-0.6157924363439331,82
174,Velvet,Barlass,19,vbarlass4t@marriott.com,China,24,25,20,23,-1.1148244703797956,-0.9030547866845718,-0.7987473075342667,-1.0251770637361655,-1.5685705991427852,19
175,Moyra,Foulkes,24,mfoulkes4u@wunderground.com,Iraq,55,45,14,38,1.0831733024510304,0.17130904596008123,-0.11415565762274608,-1.2259690720412184,-0.6753410715188614,46
176,Roxi,Milham,23,rmilham4v@ox.ac.uk,Portugal,68,28,20,38,0.6435737478848653,0.6218487177142906,-0.6960585600475386,-1.0251770637361655,-0.6753410715188614,87
177,Nady,Oats,18,noats4w@wired.com,Poland,15,30,81,42,-1.5544240249459609,-1.2149668671297937,-0.6275993950563865,1.0162083540318732,-0.43714653081914834,86
178,Carline,Timbrell,25,ctimbrell4x@parallels.com,Indonesia,77,69,96,80,1.5227728570171957,0.9337607981595124,0.7073543222710786,1.5181883747945055,1.8257016058281252,44
179,Burke,Aire,21,baire4y@businessweek.com,Brazil,31,31,14,25,-0.23562536124746516,-0.6604565018938438,-0.5933698125608106,-1.2259690720412184,-1.4494733287929287,12
180,Fanchon,Leonarde,24,fleonarde4z@123-reg.co.uk,China,56,75,24,51,1.0831733024510304,0.2059659437873281,0.9127318172445348,-0.8913157248661301,0.0987911857552059,19
181,Spense,Offer,25,soffer50@army.mil,Indonesia,89,35,33,52,1.5227728570171957,1.349643572086475,-0.4564514825785064,-0.5901277124085507,0.15833982093013416,44
182,Vaclav,Danat,19,vdanat51@senate.gov,Sri Lanka,44,64,79,62,-1.1148244703797956,-0.20991683013963439,0.5362064097931984,0.9492776845968554,0.7538261726794167,99
183,Terence,Rooson,20,trooson52@businessinsider.com,Vietnam,86,91,99,92,-0.6752249158136304,1.2456728786047344,1.4604051371737514,1.618584378947032,2.540285227927264,114
184,Gayel,Bilney,21,gbilney53@foxnews.com,United States,6,35,16,19,-0.23562536124746516,-1.5268789475750155,-0.4564514825785064,-1.1590384026062008,-1.8067651398424982,111
185,Amandie,Pittson,19,apittson54@zdnet.com,Peru,41,87,14,47,-1.1148244703797956,-0.313887523621375,1.3234868071914472,-1.2259690720412184,-0.1394033549445071,84
186,Sher,Copestake,20,scopestake55@live.com,Nigeria,30,22,7,19,-0.6752249158136304,-0.6951133997210907,-0.9014360550209948,-1.4602264150637803,-1.8067651398424982,78
187,Loreen,Flux,20,lflux56@marketwatch.com,China,82,75,72,76,-0.6752249158136304,1.1070452872957468,0.9127318172445348,0.7150203415742936,1.5875070651284122,19
188,Harwilll,MattiCCI,19,hmatticci57@parallels.com,Japan,98,87,26,70,-1.1148244703797956,1.6615556525316968,1.3234868071914472,-0.8243850554311125,1.2302152540788427,50
189,Berthe,Rasell,22,brasell58@tinyurl.com,China,65,44,66,58,0.20397419331870006,0.5178780242325499,-0.14838524011832213,0.5142283332692407,0.5156316319797036,19
190,Lauritz,Proby,21,lproby59@google.ru,Togo,5,51,24,26,-0.23562536124746516,-1.5615358454022625,0.09122183735071009,-0.8913157248661301,-1.3899246936180003,107
191,Isidro,Sprigg,19,isprigg5a@tripod.com,France,39,51,41,43,-1.1148244703797956,-0.38320131927586876,0.09122183735071009,-0.3224050346684801,-0.3775978956442201,36
192,Normie,Petegree,21,npetegree5b@engadget.com,Brazil,82,37,14,44,-0.23562536124746516,1.1070452872957468,-0.38799231758735436,-1.2259690720412184,-0.31804926046929183,12
193,Poppy,Cornell,23,pcornell5c@foxnews.com,Israel,23,54,75,50,0.6435737478848653,-0.9377116845118187,0.19391058483743817,0.8154163457268201,0.03924255058027765,48
194,Mendel,Stolz,24,mstolz5d@smh.com.au,South Africa,37,39,36,37,1.0831733024510304,-0.4525151149303625,-0.3195331525962023,-0.4897317082560242,-0.7348897066937896,96
195,Abbe,Craig,21,acraig5e@goo.gl,Croatia,27,52,96,58,-0.23562536124746516,-0.7990840932028312,0.12545141984628613,1.5181883747945055,0.5156316319797036,23
196,Foster,Dunrige,18,fdunrige5f@telegraph.co.uk,Belarus,35,28,21,28,-1.5544240249459609,-0.5218289105848563,-0.6960585600475386,-0.9917117290186567,-1.2708274232681438,8
197,Fredericka,Quarles,19,fquarles5g@dmoz.org,Poland,2,88,70,53,-1.1148244703797956,-1.6655065388840031,1.3577163896870232,0.6480896721392759,0.2178884561050624,86
198,Tanya,Guyer,18,tguyer5h@oakley.com,Poland,45,24,45,38,-1.5544240249459609,-0.1752599323123875,-0.8329768900298428,-0.18854369579844474,-0.6753410715188614,86
199,Amata,Funnell,21,afunnell5i@posterous.com,Indonesia,82,2,80,54,-0.23562536124746516,1.1070452872957468,-1.5860277049325153,0.9827430193143643,0.27743709127999067,44
200,Hillery,Nowlan,23,hnowlan5j@altervista.org,Argentina,22,83,60,55,0.6435737478848653,-0.9723685823390656,1.1865684772091432,0.31343632496418766,0.3369857264549189,2
201,Dannel,Sallery,18,dsallery5k@wordpress.org,Indonesia,17,2,21,13,-1.5544240249459609,-1.1456530714753,-1.5860277049325153,-0.9917117290186567,-2.1640569508920677,44
202,Tarrah,Jerzycowski,23,tjerzycowski5l@nydailynews.com,Chad,66,26,61,51,0.6435737478848653,0.5525349220597968,-0.7645177250386906,0.3469016596816965,0.0987911857552059,17
203,Quinn,Mellon,25,qmellon5m@issuu.com,China,56,4,8,22,1.5227728570171957,0.2059659437873281,-1.5175685399413634,-1.4267610803462714,-1.6281192343177133,19
204,Conny,Ducker,19,cducker5n@state.tx.us,Ireland,95,21,29,48,-1.1148244703797956,1.5575849590499562,-0.9356656375165708,-0.723989051278586,-0.07985471976957885,47
205,Yovonnda,Gillebride,18,ygillebride5o@microsoft.com,China,62,51,97,70,-1.5544240249459609,0.4139073307508093,0.09122183735071009,1.5516537095120144,1.2302152540788427,19
206,Ina,Liles,23,ililes5p@1und1.de,Swaziland,17,21,75,37,0.6435737478848653,-1.1456530714753,-0.9356656375165708,0.8154163457268201,-0.7348897066937896,100
207,Brandon,Arden,25,barden5q@berkeley.edu,Iran,24,94,96,71,1.5227728570171957,-0.9030547866845718,1.5630938846604794,1.5181883747945055,1.2897638892537708,45
208,Guthry,Twinterman,25,gtwinterman5r@gravatar.com,Niger,74,6,44,41,1.5227728570171957,0.8297901046777718,-1.4491093749502113,-0.22200903051595358,-0.4966951659940766,77
209,Alaric,Wasling,25,awasling5s@diigo.com,Portugal,34,31,17,27,1.5227728570171957,-0.5564858084121032,-0.5933698125608106,-1.125573067888692,-1.3303760584430722,87
210,Gerardo,Laugherane,23,glaugherane5t@moonfruit.com,Brazil,8,14,44,22,0.6435737478848653,-1.457565151920522,-1.175272714985603,-0.22200903051595358,-1.6281192343177133,12
211,Editha,Abercrombie,25,eabercrombie5u@woothemes.com,Indonesia,73,34,7,38,1.5227728570171957,0.7951332068505249,-0.49068106507408243,-1.4602264150637803,-0.6753410715188614,44
212,Jerrie,Queyeiro,19,jqueyeiro5v@aol.com,Indonesia,23,70,19,37,-1.1148244703797956,-0.9377116845118187,0.7415839047666547,-1.0586423984536744,-0.7348897066937896,44
213,Toiboid,Menary,20,tmenary5w@paginegialle.it,Russia,50,91,69,70,-0.6752249158136304,-0.0019754431761531467,1.4604051371737514,0.6146243374217671,1.2302152540788427,90
214,Therese,Aloshechkin,19,taloshechkin5x@myspace.com,Ukraine,6,92,61,53,-1.1148244703797956,-1.5268789475750155,1.4946347196693273,0.3469016596816965,0.2178884561050624,109
215,Sanson,Bilbrooke,22,sbilbrooke5y@icq.com,China,73,33,52,52,0.20397419331870006,0.7951332068505249,-0.5249106475696584,0.04571364722411705,0.15833982093013416,19
216,Isobel,Shadrack,20,ishadrack5z@google.co.uk,Brazil,72,15,21,36,-0.6752249158136304,0.7604763090232781,-1.141043132490027,-0.9917117290186567,-0.7944383418687179,12
217,Cassandry,Lauridsen,19,clauridsen60@i2i.jp,Indonesia,17,12,66,31,-1.1148244703797956,-1.1456530714753,-1.2437318799767552,0.5142283332692407,-1.0921815177433591,44
218,Ed,Doree,24,edoree61@theatlantic.com,Poland,29,23,20,24,1.0831733024510304,-0.7297702975483374,-0.8672064725254187,-1.0251770637361655,-1.5090219639678568,86
219,Farrah,Fryman,23,ffryman62@utexas.edu,Canada,47,73,82,67,0.6435737478848653,-0.10594613665789376,0.8442726522533828,1.0496736887493818,1.0515693485540578,15
220,Mattie,Kitney,24,mkitney63@examiner.com,China,51,84,64,66,1.0831733024510304,0.032681454651093726,1.220798059704719,0.447297663834223,0.9920207133791297,19
221,Joete,Ousbie,19,jousbie64@hubpages.com,Poland,41,32,29,34,-1.1148244703797956,-0.313887523621375,-0.5591402300652345,-0.723989051278586,-0.9135356122185744,86
222,Tobe,Baxstair,20,tbaxstair65@cnbc.com,China,98,61,46,68,-0.6752249158136304,1.6615556525316968,0.4335176623064704,-0.15507836108093592,1.1111179837289862,19
223,Winthrop,Simukov,20,wsimukov66@soundcloud.com,Russia,47,38,100,61,-0.6752249158136304,-0.10594613665789376,-0.3537627350917783,1.652049713664541,0.6942775375044884,90
224,Dulsea,Blay,22,dblay67@noaa.gov,Poland,17,6,6,9,0.20397419331870006,-1.1456530714753,-1.4491093749502113,-1.493691749781289,-2.4022514915917808,86
225,Nickie,Smyth,22,nsmyth68@mapy.cz,China,93,56,78,75,0.20397419331870006,1.4882711633954624,0.26236974982859024,0.9158123498793466,1.5279584299534839,19
226,Broddy,Udell,21,budell69@google.ru,China,47,48,93,62,-0.23562536124746516,-0.10594613665789376,-0.011466910136018,1.417792370641979,0.7538261726794167,19
227,Kelsy,Davidavidovics,18,kdavidavidovics6a@google.pl,Indonesia,65,52,72,63,-1.5544240249459609,0.5178780242325499,0.12545141984628613,0.7150203415742936,0.8133748078543449,44
228,Harris,Foggarty,22,hfoggarty6b@infoseek.co.jp,Russia,65,10,10,28,0.20397419331870006,0.5178780242325499,-1.312191044967907,-1.3598304109112538,-1.2708274232681438,90
229,Benedikt,Hateley,21,bhateley6c@guardian.co.uk,Sweden,56,38,94,62,-0.23562536124746516,0.2059659437873281,-0.3537627350917783,1.4512577053594877,0.7538261726794167,101
230,Antons,McCleod,19,amccleod6d@utexas.edu,China,80,32,85,65,-1.1148244703797956,1.037731491641253,-0.5591402300652345,1.1500696929019083,0.9324720782042014,19
231,Bernetta,Sexti,20,bsexti6e@domainmarket.com,France,20,31,66,39,-0.6752249158136304,-1.0416823779935593,-0.5933698125608106,0.5142283332692407,-0.6157924363439331,36
232,Gaylord,Crumley,25,gcrumley6f@upenn.edu,Peru,99,88,84,90,1.5227728570171957,1.6962125503589436,1.3577163896870232,1.1166043581843996,2.421187957577408,84
233,Vassily,Levee,24,vlevee6g@weebly.com,Sweden,25,24,9,19,1.0831733024510304,-0.8683978888573249,-0.8329768900298428,-1.3932957456287625,-1.8067651398424982,101
234,Kristina,Twells,21,ktwells6h@google.com.hk,Argentina,60,74,60,64,-0.23562536124746516,0.3445935350963156,0.8785022347489588,0.31343632496418766,0.8729234430292732,2
235,Heda,Johnsee,19,hjohnsee6i@state.gov,China,54,48,22,41,-1.1148244703797956,0.13665214813283436,-0.011466910136018,-0.9582463943011478,-0.4966951659940766,19
236,Mikel,Tearny,24,mtearny6j@auda.org.au,Russia,65,33,31,43,1.0831733024510304,0.5178780242325499,-0.5249106475696584,-0.6570583818435684,-0.3775978956442201,90
237,Hermia,Scimoni,18,hscimoni6k@imageshack.us,China,51,13,86,50,-1.5544240249459609,0.032681454651093726,-1.209502297481179,1.1835350276194172,0.03924255058027765,19
238,Auberon,Rogeron,20,arogeron6l@apple.com,China,24,88,61,57,-0.6752249158136304,-0.9030547866845718,1.3577163896870232,0.3469016596816965,0.45608299680477543,19
239,Wolf,Maffulli,21,wmaffulli6m@51.la,Portugal,32,92,10,44,-0.23562536124746516,-0.6257996040665968,1.4946347196693273,-1.3598304109112538,-0.31804926046929183,87
240,Kendricks,Aldwich,24,kaldwich6n@moonfruit.com,Czech Republic,57,13,37,35,1.0831733024510304,0.24062284161457498,-1.209502297481179,-0.45626637353851535,-0.8539869770436461,26
241,Vicki,Davidovics,19,vdavidovics6o@amazon.com,China,32,57,92,60,-1.1148244703797956,-0.6257996040665968,0.2965993323241663,1.3843270359244702,0.6347289023295601,19
242,Chilton,Caff,20,ccaff6p@parallels.com,Brazil,9,1,47,19,-0.6752249158136304,-1.422908254093275,-1.6202572874280914,-0.12161302636342709,-1.8067651398424982,12
243,Addy,Bolam,20,abolam6q@cyberchimps.com,China,8,20,53,27,-0.6752249158136304,-1.457565151920522,-0.9698952200121469,0.07917898194162587,-1.3303760584430722,19
244,Allegra,Doeg,23,adoeg6r@cyberchimps.com,Luxembourg,42,83,8,44,0.6435737478848653,-0.27923062579412816,1.1865684772091432,-1.4267610803462714,-0.31804926046929183,60
245,Sigismund,Showte,25,sshowte6s@about.me,Sweden,10,78,68,52,1.5227728570171957,-1.3882513562660281,1.0154205647312629,0.5811590027042582,0.15833982093013416,101
246,Lancelot,Northedge,18,lnorthedge6t@nymag.com,China,73,88,61,74,-1.5544240249459609,0.7951332068505249,1.3577163896870232,0.3469016596816965,1.4684097947785557,19
247,Angelia,Probin,21,aprobin6u@virginia.edu,Mauritius,34,10,91,45,-0.23562536124746516,-0.5564858084121032,-1.312191044967907,1.3508617012069613,-0.25850062529436363,67
248,Lamont,Pettegre,18,lpettegre6v@comcast.net,Philippines,59,86,98,81,-1.5544240249459609,0.3099366372690687,1.2892572246958711,1.585119044229523,1.8852502410030534,85
249,Gerrie,McInteer,21,gmcinteer6w@springer.com,Brazil,68,32,5,35,-0.23562536124746516,0.6218487177142906,-0.5591402300652345,-1.5271570844987978,-0.8539869770436461,12
250,Carmita,Ewestace,22,cewestace6x@etsy.com,South Korea,30,60,68,52,0.20397419331870006,-0.6951133997210907,0.39928807981089437,0.5811590027042582,0.15833982093013416,97
251,Arv,Sallier,24,asallier6y@cargocollective.com,Philippines,8,97,30,45,1.0831733024510304,-1.457565151920522,1.6657826321472076,-0.6905237165610771,-0.25850062529436363,85
252,Gwenneth,Poytress,24,gpoytress6z@sourceforge.net,Czech Republic,90,54,99,81,1.0831733024510304,1.3843004699137218,0.19391058483743817,1.618584378947032,1.8852502410030534,26
253,Tammie,Ferroni,22,tferroni70@miibeian.gov.cn,Sweden,60,23,29,37,0.20397419331870006,0.3445935350963156,-0.8672064725254187,-0.723989051278586,-0.7348897066937896,101
254,Blake,Minci,22,bminci71@senate.gov,China,64,95,71,76,0.20397419331870006,0.48322112640530307,1.5973234671560554,0.6815550068567848,1.5875070651284122,19
255,Oralia,Hankinson,19,ohankinson72@example.com,Indonesia,91,24,62,59,-1.1148244703797956,1.4189573677409686,-0.8329768900298428,0.38036699439920535,0.5751802671546319,44
256,Caryl,Cannon,19,ccannon73@skyrock.com,Portugal,2,34,71,35,-1.1148244703797956,-1.6655065388840031,-0.49068106507408243,0.6815550068567848,-0.8539869770436461,87
257,Freddy,Pilfold,20,fpilfold74@auda.org.au,Cuba,56,69,71,65,-0.6752249158136304,0.2059659437873281,0.7073543222710786,0.6815550068567848,0.9324720782042014,24
258,Brock,Farenden,19,bfarenden75@istockphoto.com,China,83,70,95,82,-1.1148244703797956,1.1417021851229936,0.7415839047666547,1.4847230400769966,1.9447988761779818,19
259,Yardley,Highwood,23,yhighwood76@statcounter.com,Finland,3,79,46,42,0.6435737478848653,-1.6308496410567561,1.049650147226839,-0.15507836108093592,-0.43714653081914834,35
260,Phylis,Cranstone,20,pcranstone77@cdc.gov,Russia,81,41,25,49,-0.6752249158136304,1.0723883894685,-0.25107398760505023,-0.8578503901486213,-0.020306084594650598,90
261,Merola,Jeary,18,mjeary78@google.com,Indonesia,94,13,5,37,-1.5544240249459609,1.5229280612227094,-1.209502297481179,-1.5271570844987978,-0.7348897066937896,44
262,Jude,Van der Hoeven,23,jvanderhoeven79@google.co.jp,Indonesia,78,27,88,64,0.6435737478848653,0.9684176959867593,-0.7302881425431147,1.2504656970544348,0.8729234430292732,44
263,Hurley,Frantsev,22,hfrantsev7a@networkadvertising.org,Philippines,31,70,53,51,0.20397419331870006,-0.6604565018938438,0.7415839047666547,0.07917898194162587,0.0987911857552059,85
264,Marris,Driver,23,mdriver7b@free.fr,Brazil,1,68,62,43,0.6435737478848653,-1.70016343671125,0.6731247397755026,0.38036699439920535,-0.3775978956442201,12
265,Cari,Gladman,21,cgladman7c@bigcartel.com,Portugal,77,94,61,77,-0.23562536124746516,0.9337607981595124,1.5630938846604794,0.3469016596816965,1.6470557003033404,87
266,Amalee,Sancraft,20,asancraft7d@last.fm,Azerbaijan,44,49,85,59,-0.6752249158136304,-0.20991683013963439,0.02276267235955803,1.1500696929019083,0.5751802671546319,6
267,Aprilette,Tejero,23,atejero7e@e-recht24.de,China,17,27,1,15,0.6435737478848653,-1.1456530714753,-0.7302881425431147,-1.6610184233688332,-2.044959680542211,19
268,Winonah,Simao,21,wsimao7f@nhs.uk,China,21,52,26,33,-0.23562536124746516,-1.0070254801663125,0.12545141984628613,-0.8243850554311125,-0.9730842473935026,19
269,Justinian,Hearons,20,jhearons7g@etsy.com,China,93,23,75,63,-0.6752249158136304,1.4882711633954624,-0.8672064725254187,0.8154163457268201,0.8133748078543449,19
270,Stacee,Standell,20,sstandell7h@xrea.com,Indonesia,16,85,84,61,-0.6752249158136304,-1.180309969302547,1.255027642200295,1.1166043581843996,0.6942775375044884,44
271,Chet,Worlock,25,cworlock7i@japanpost.jp,Indonesia,18,65,62,48,1.5227728570171957,-1.1109961736480531,0.5704359922887745,0.38036699439920535,-0.07985471976957885,44
272,Karlan,Layborn,23,klayborn7j@deviantart.com,Afghanistan,37,98,18,51,0.6435737478848653,-0.4525151149303625,1.7000122146427836,-1.092107733171183,0.0987911857552059,0
273,Roselle,Filipson,21,rfilipson7k@rambler.ru,Philippines,67,41,55,54,-0.23562536124746516,0.5871918198870437,-0.25107398760505023,0.14610965137664353,0.27743709127999067,85
274,Konrad,Powderham,21,kpowderham7l@themeforest.net,Estonia,70,25,85,60,-0.23562536124746516,0.6911625133687843,-0.7987473075342667,1.1500696929019083,0.6347289023295601,33
275,Angy,Lashbrook,20,alashbrook7m@google.fr,United States,35,69,66,56,-0.6752249158136304,-0.5218289105848563,0.7073543222710786,0.5142283332692407,0.3965343616298472,111
276,Jerad,Peatt,22,jpeatt7n@census.gov,Philippines,82,18,51,50,0.20397419331870006,1.1070452872957468,-1.038354385003299,0.01224831250660822,0.03924255058027765,85
277,Hally,Loveman,18,hloveman7o@arizona.edu,Taiwan,32,71,52,51,-1.5544240249459609,-0.6257996040665968,0.7758134872622306,0.04571364722411705,0.0987911857552059,104
278,Mickey,Bryceson,21,mbryceson7p@unc.edu,Peru,57,21,51,43,-0.23562536124746516,0.24062284161457498,-0.9356656375165708,0.01224831250660822,-0.3775978956442201,84
279,Arthur,Don,22,adon7q@tripadvisor.com,China,38,33,87,52,0.20397419331870006,-0.41785821710311566,-0.5249106475696584,1.217000362336926,0.15833982093013416,19
280,Dix,Zink,18,dzink7r@japanpost.jp,Somalia,35,18,26,26,-1.5544240249459609,-0.5218289105848563,-1.038354385003299,-0.8243850554311125,-1.3899246936180003,95
281,Pearline,Studdert,24,pstuddert7s@g.co,Russia,53,43,33,43,1.0831733024510304,0.10199525030558748,-0.18261482261389816,-0.5901277124085507,-0.3775978956442201,90
282,Horacio,Trayes,20,htrayes7t@zdnet.com,United States,26,34,6,22,-0.6752249158136304,-0.8337409910300781,-0.49068106507408243,-1.493691749781289,-1.6281192343177133,111
283,Waneta,Ickov,20,wickov7u@fema.gov,Philippines,0,40,18,19,-0.6752249158136304,-1.734820334538497,-0.28530357010062624,-1.092107733171183,-1.8067651398424982,85
284,Margaretta,Lissemore,22,mlissemore7v@youtube.com,China,9,96,89,64,0.20397419331870006,-1.422908254093275,1.6315530496516315,1.2839310317719437,0.8729234430292732,19
285,Stanislaus,Bennison,19,sbennison7w@ocn.ne.jp,Philippines,96,71,12,59,-1.1148244703797956,1.592241856877203,0.7758134872622306,-1.292899741476236,0.5751802671546319,85
286,Lil,Crips,21,lcrips7x@vistaprint.com,Colombia,18,3,64,28,-0.23562536124746516,-1.1109961736480531,-1.5517981224369395,0.447297663834223,-1.2708274232681438,20
287,Andreana,Beale,23,abeale7y@free.fr,Indonesia,72,5,35,37,0.6435737478848653,0.7604763090232781,-1.4833389574457874,-0.523197042973533,-0.7348897066937896,44
288,Grata,Garnett,23,ggarnett7z@about.me,Argentina,16,49,48,37,0.6435737478848653,-1.180309969302547,0.02276267235955803,-0.08814769164591826,-0.7348897066937896,2
289,Josephina,Grayshan,20,jgrayshan80@home.pl,Philippines,69,92,11,57,-0.6752249158136304,0.6565056155415374,1.4946347196693273,-1.3263650761937449,0.45608299680477543,85
290,Casar,Chantillon,20,cchantillon81@privacy.gov.au,Sweden,84,47,34,55,-0.6752249158136304,1.1763590829502406,-0.04569649263159403,-0.5566623776910419,0.3369857264549189,101
291,Lucilia,Le-Good,23,llegood82@hao123.com,Albania,0,3,95,32,0.6435737478848653,-1.734820334538497,-1.5517981224369395,1.4847230400769966,-1.0326328825684308,1
292,Ardine,Benoit,22,abenoit83@wikia.com,Colombia,59,45,86,63,0.20397419331870006,0.3099366372690687,-0.11415565762274608,1.1835350276194172,0.8133748078543449,20
293,Marylou,Antosik,21,mantosik84@admin.ch,Ukraine,61,25,18,34,-0.23562536124746516,0.3792504329235625,-0.7987473075342667,-1.092107733171183,-0.9135356122185744,109
294,Bron,Simmank,24,bsimmank85@state.gov,Ukraine,38,37,98,57,1.0831733024510304,-0.41785821710311566,-0.38799231758735436,1.585119044229523,0.45608299680477543,109
295,Timotheus,Florio,21,tflorio86@google.com.au,Brazil,53,8,27,29,-0.23562536124746516,0.10199525030558748,-1.3806502099590592,-0.7909197207136036,-1.2112787880932157,12
296,Ty,Merrall,19,tmerrall87@ucoz.com,France,36,86,46,56,-1.1148244703797956,-0.4871720127576094,1.2892572246958711,-0.15507836108093592,0.3965343616298472,36
297,Jobi,Philpot,19,jphilpot88@opera.com,Croatia,60,39,4,34,-1.1148244703797956,0.3445935350963156,-0.3195331525962023,-1.5606224192163067,-0.9135356122185744,23
298,Giulio,Endon,20,gendon89@posterous.com,Poland,31,24,44,33,-0.6752249158136304,-0.6604565018938438,-0.8329768900298428,-0.22200903051595358,-0.9730842473935026,86
299,Alma,Collopy,24,acollopy8a@smh.com.au,Indonesia,7,69,67,47,1.0831733024510304,-1.4922220497477687,0.7073543222710786,0.5476936679867495,-0.1394033549445071,44
300,Doroteya,Jantet,19,djantet8b@answers.com,Israel,79,1,100,60,-1.1148244703797956,1.0030745938140062,-1.6202572874280914,1.652049713664541,0.6347289023295601,48
301,Benyamin,Troup,24,btroup8c@disqus.com,France,27,46,80,51,1.0831733024510304,-0.7990840932028312,-0.07992607512717007,0.9827430193143643,0.0987911857552059,36
302,Babara,Beldon,18,bbeldon8d@elegantthemes.com,United States,38,13,38,29,-1.5544240249459609,-0.41785821710311566,-1.209502297481179,-0.42280103882100656,-1.2112787880932157,111
303,Moyra,Wagen,23,mwagen8e@plala.or.jp,Portugal,64,14,45,41,0.6435737478848653,0.48322112640530307,-1.175272714985603,-0.18854369579844474,-0.4966951659940766,87
304,Gleda,Scorton,24,gscorton8f@reuters.com,Spain,98,14,88,66,1.0831733024510304,1.6615556525316968,-1.175272714985603,1.2504656970544348,0.9920207133791297,98
305,Fritz,Tupp,24,ftupp8g@etsy.com,France,82,25,97,68,1.0831733024510304,1.1070452872957468,-0.7987473075342667,1.5516537095120144,1.1111179837289862,36
306,Camila,Scotter,24,cscotter8h@sitemeter.com,Japan,94,90,6,63,1.0831733024510304,1.5229280612227094,1.4261755546781754,-1.493691749781289,0.8133748078543449,50
307,Ciel,Fippe,22,cfippe8i@nasa.gov,Indonesia,84,24,5,37,0.20397419331870006,1.1763590829502406,-0.8329768900298428,-1.5271570844987978,-0.7348897066937896,44
308,Jeramie,Parriss,25,jparriss8j@exblog.jp,China,49,4,50,34,1.5227728570171957,-0.03663234100340002,-1.5175685399413634,-0.021217022210900608,-0.9135356122185744,19
309,Giuditta,Havik,22,ghavik8k@google.com.au,Albania,34,54,83,57,0.20397419331870006,-0.5564858084121032,0.19391058483743817,1.0831390234668907,0.45608299680477543,1
310,Kylen,Dean,24,kdean8l@businessweek.com,Japan,15,57,2,24,1.0831733024510304,-1.2149668671297937,0.2965993323241663,-1.6275530886513243,-1.5090219639678568,50
311,Benoit,Calderonello,25,bcalderonello8m@discuz.net,China,89,33,21,47,1.5227728570171957,1.349643572086475,-0.5249106475696584,-0.9917117290186567,-0.1394033549445071,19
312,Samara,Hemphall,19,shemphall8n@epa.gov,Philippines,58,0,61,39,-1.1148244703797956,0.2752797394418218,-1.6544868699236674,0.3469016596816965,-0.6157924363439331,85
313,Engelbert,Turney,19,eturney8o@ted.com,Mexico,51,86,84,73,-1.1148244703797956,0.032681454651093726,1.2892572246958711,1.1166043581843996,1.4088611596036273,69
314,Donaugh,Anstice,23,danstice8p@hhs.gov,China,54,19,58,43,0.6435737478848653,0.13665214813283436,-1.004124802507723,0.24650565552917,-0.3775978956442201,19
315,Cole,Deverick,18,cdeverick8q@washingtonpost.com,Dominican Republic,37,38,42,39,-1.5544240249459609,-0.4525151149303625,-0.3537627350917783,-0.28893969995097124,-0.6157924363439331,29
316,Peria,Stoves,22,pstoves8r@unicef.org,Costa Rica,32,72,33,45,0.20397419331870006,-0.6257996040665968,0.8100430697578067,-0.5901277124085507,-0.25850062529436363,22
317,Meryl,Klugel,20,mklugel8s@ebay.co.uk,China,82,1,19,34,-0.6752249158136304,1.1070452872957468,-1.6202572874280914,-1.0586423984536744,-0.9135356122185744,19
318,Dewain,Siehard,22,dsiehard8t@irs.gov,China,10,89,16,38,0.20397419331870006,-1.3882513562660281,1.3919459721825993,-1.1590384026062008,-0.6753410715188614,19
319,Marianne,Mulbry,19,mmulbry8u@exblog.jp,Chile,37,42,43,40,-1.1148244703797956,-0.4525151149303625,-0.21684440510947417,-0.2554743652334624,-0.5562438011690048,18
320,Babbie,Laydel,22,blaydel8v@utexas.edu,Poland,87,35,22,48,0.20397419331870006,1.2803297764319812,-0.4564514825785064,-0.9582463943011478,-0.07985471976957885,86
321,Desiree,Hamlett,22,dhamlett8w@chron.com,Ethiopia,21,74,85,60,0.20397419331870006,-1.0070254801663125,0.8785022347489588,1.1500696929019083,0.6347289023295601,34
322,Annadiane,Antonov,18,aantonov8x@globo.com,Indonesia,26,17,46,29,-1.5544240249459609,-0.8337409910300781,-1.0725839674988749,-0.15507836108093592,-1.2112787880932157,44
323,Stanford,Greader,23,sgreader8y@skype.com,China,36,87,25,49,0.6435737478848653,-0.4871720127576094,1.3234868071914472,-0.8578503901486213,-0.020306084594650598,19
324,Jerrie,Rackstraw,23,jrackstraw8z@bluehost.com,Brazil,70,61,63,64,0.6435737478848653,0.6911625133687843,0.4335176623064704,0.41383232911671414,0.8729234430292732,12
325,Byrom,Verheijden,21,bverheijden90@bandcamp.com,Poland,40,28,48,38,-0.23562536124746516,-0.3485444214486219,-0.6960585600475386,-0.08814769164591826,-0.6753410715188614,86
326,Nikolai,Headingham,21,nheadingham91@imdb.com,Poland,14,67,30,37,-0.23562536124746516,-1.2496237649570405,0.6388951572799266,-0.6905237165610771,-0.7348897066937896,86
327,Minerva,McKenney,22,mmckenney92@example.com,Sweden,11,62,31,34,0.20397419331870006,-1.3535944584387811,0.46774724480204644,-0.6570583818435684,-0.9135356122185744,101
328,Isabelle,Johnsson,25,ijohnsson93@typepad.com,Russia,8,7,57,24,1.5227728570171957,-1.457565151920522,-1.4148797924546352,0.2130403208116612,-1.5090219639678568,90
329,Braden,Newcomen,24,bnewcomen94@soundcloud.com,Brazil,60,72,35,55,1.0831733024510304,0.3445935350963156,0.8100430697578067,-0.523197042973533,0.3369857264549189,12
330,Willie,Kilpatrick,22,wkilpatrick95@hp.com,Portugal,9,3,78,30,0.20397419331870006,-1.422908254093275,-1.5517981224369395,0.9158123498793466,-1.1517301529182873,87
331,Nettie,Sparsholt,25,nsparsholt96@printfriendly.com,Czech Republic,76,87,59,74,1.5227728570171957,0.8991039003322656,1.3234868071914472,0.2799709902466788,1.4684097947785557,26
332,Olympe,Hartill,22,ohartill97@vistaprint.com,Portugal,71,91,87,83,0.20397419331870006,0.7258194111960312,1.4604051371737514,1.217000362336926,2.00434751135291,87
333,Lorrie,Dace,25,ldace98@netlog.com,Serbia,49,100,74,74,1.5227728570171957,-0.03663234100340002,1.7684713796339355,0.7819510110093113,1.4684097947785557,93
334,Antonetta,Atkins,23,aatkins99@xing.com,Ukraine,67,3,82,50,0.6435737478848653,0.5871918198870437,-1.5517981224369395,1.0496736887493818,0.03924255058027765,109
335,Mandel,Whyte,23,mwhyte9a@blogspot.com,Mauritius,11,49,69,43,0.6435737478848653,-1.3535944584387811,0.02276267235955803,0.6146243374217671,-0.3775978956442201,67
336,Inger,Twiddell,18,itwiddell9b@tumblr.com,France,9,9,89,35,-1.5544240249459609,-1.422908254093275,-1.3464206274634831,1.2839310317719437,-0.8539869770436461,36
337,Dede,Melmar,23,dmelmar9c@yellowbook.com,Mexico,98,10,78,62,0.6435737478848653,1.6615556525316968,-1.312191044967907,0.9158123498793466,0.7538261726794167,69
338,Ebenezer,Isakovitch,23,eisakovitch9d@ucoz.com,Colombia,34,43,15,30,0.6435737478848653,-0.5564858084121032,-0.18261482261389816,-1.1925037373237095,-1.1517301529182873,20
339,Zuzana,Meek,21,zmeek9e@earthlink.net,Georgia,64,91,26,60,-0.23562536124746516,0.48322112640530307,1.4604051371737514,-0.8243850554311125,0.6347289023295601,37
340,Kelly,Roseby,20,kroseby9f@tamu.edu,Peru,68,36,66,56,-0.6752249158136304,0.6218487177142906,-0.42222190008293037,0.5142283332692407,0.3965343616298472,84
341,Rachele,Ianitti,25,rianitti9g@europa.eu,Philippines,89,47,89,75,1.5227728570171957,1.349643572086475,-0.04569649263159403,1.2839310317719437,1.5279584299534839,85
342,Rodrique,Madgewick,20,rmadgewick9h@woothemes.com,Philippines,69,44,92,68,-0.6752249158136304,0.6565056155415374,-0.14838524011832213,1.3843270359244702,1.1111179837289862,85
343,Helsa,Cockill,21,hcockill9i@opera.com,Venezuela,98,58,6,54,-0.23562536124746516,1.6615556525316968,0.3308289148197423,-1.493691749781289,0.27743709127999067,113
344,Locke,Bruhnke,18,lbruhnke9j@lulu.com,Peru,4,73,85,54,-1.5544240249459609,-1.5961927432295093,0.8442726522533828,1.1500696929019083,0.27743709127999067,84
345,Ambrose,Temprell,18,atemprell9k@ezinearticles.com,Poland,37,10,72,39,-1.5544240249459609,-0.4525151149303625,-1.312191044967907,0.7150203415742936,-0.6157924363439331,86
346,Iseabal,Bendall,23,ibendall9l@usgs.gov,China,22,76,5,34,0.6435737478848653,-0.9723685823390656,0.9469613997401108,-1.5271570844987978,-0.9135356122185744,19
347,Halsey,Sanham,25,hsanham9m@blogs.com,United States,96,36,4,45,1.5227728570171957,1.592241856877203,-0.42222190008293037,-1.5606224192163067,-0.25850062529436363,111
348,Julianne,Garfit,19,jgarfit9n@bbc.co.uk,Estonia,31,13,81,41,-1.1148244703797956,-0.6604565018938438,-1.209502297481179,1.0162083540318732,-0.4966951659940766,33
349,Cecil,Abberley,20,cabberley9o@e-recht24.de,Portugal,22,65,42,43,-0.6752249158136304,-0.9723685823390656,0.5704359922887745,-0.28893969995097124,-0.3775978956442201,87
350,Martica,Davidi,19,mdavidi9p@google.com.hk,China,82,56,99,79,-1.1148244703797956,1.1070452872957468,0.26236974982859024,1.618584378947032,1.7661529706531969,19
351,Caterina,Harriott,19,charriott9q@google.de,Peru,23,91,35,49,-1.1148244703797956,-0.9377116845118187,1.4604051371737514,-0.523197042973533,-0.020306084594650598,84
352,Shana,Winsbury,22,swinsbury9r@nps.gov,China,82,7,58,49,0.20397419331870006,1.1070452872957468,-1.4148797924546352,0.24650565552917,-0.020306084594650598,19
353,Saunderson,McNess,19,smcness9s@cpanel.net,Ukraine,99,53,57,69,-1.1148244703797956,1.6962125503589436,0.15968100234186217,0.2130403208116612,1.1706666189039143,109
354,Nickolai,Thurber,19,nthurber9t@amazon.co.jp,Philippines,32,27,58,39,-1.1148244703797956,-0.6257996040665968,-0.7302881425431147,0.24650565552917,-0.6157924363439331,85
355,Patsy,Saich,22,psaich9u@zimbio.com,Russia,74,68,31,57,0.20397419331870006,0.8297901046777718,0.6731247397755026,-0.6570583818435684,0.45608299680477543,90
356,Jasun,Lascell,25,jlascell9v@geocities.jp,Spain,5,80,49,44,1.5227728570171957,-1.5615358454022625,1.083879729722415,-0.054682356928409434,-0.31804926046929183,98
357,Lilia,Wilne,22,lwilne9w@com.com,Bangladesh,13,48,81,47,0.20397419331870006,-1.2842806627842875,-0.011466910136018,1.0162083540318732,-0.1394033549445071,7
358,Jilly,Caddock,18,jcaddock9x@sohu.com,Thailand,99,23,15,45,-1.5544240249459609,1.6962125503589436,-0.8672064725254187,-1.1925037373237095,-0.25850062529436363,106
359,Manolo,Benz,21,mbenz9y@skype.com,China,61,59,76,65,-0.23562536124746516,0.3792504329235625,0.36505849731531836,0.8488816804443289,0.9324720782042014,19
360,Holli,Schonfeld,23,hschonfeld9z@reddit.com,China,47,45,69,53,0.6435737478848653,-0.10594613665789376,-0.11415565762274608,0.6146243374217671,0.2178884561050624,19
361,Golda,Flather,23,gflathera0@xing.com,Indonesia,18,75,71,54,0.6435737478848653,-1.1109961736480531,0.9127318172445348,0.6815550068567848,0.27743709127999067,44
362,Carline,Bremmell,23,cbremmella1@admin.ch,France,63,32,38,44,0.6435737478848653,0.4485642285780562,-0.5591402300652345,-0.42280103882100656,-0.31804926046929183,36
363,Bibbie,Saffer,23,bsaffera2@icio.us,China,65,9,27,33,0.6435737478848653,0.5178780242325499,-1.3464206274634831,-0.7909197207136036,-0.9730842473935026,19
364,Fredi,Shailer,22,fshailera3@cdc.gov,Portugal,4,2,71,25,0.20397419331870006,-1.5961927432295093,-1.5860277049325153,0.6815550068567848,-1.4494733287929287,87
365,Nikolaos,Runchman,24,nrunchmana4@mapy.cz,Portugal,89,55,21,55,1.0831733024510304,1.349643572086475,0.2281401673330142,-0.9917117290186567,0.3369857264549189,87
366,Coretta,Maginn,22,cmaginna5@reverbnation.com,Indonesia,100,17,84,67,0.20397419331870006,1.7308694481861906,-1.0725839674988749,1.1166043581843996,1.0515693485540578,44
367,Kevon,Giggie,18,kgiggiea6@github.io,Luxembourg,84,35,20,46,-1.5544240249459609,1.1763590829502406,-0.4564514825785064,-1.0251770637361655,-0.19895199011943535,60
368,Dorri,Santus,20,dsantusa7@youtu.be,Croatia,49,5,16,23,-0.6752249158136304,-0.03663234100340002,-1.4833389574457874,-1.1590384026062008,-1.5685705991427852,23
369,Georgeta,Aleksidze,21,galeksidzea8@people.com.cn,Portugal,50,94,96,80,-0.23562536124746516,-0.0019754431761531467,1.5630938846604794,1.5181883747945055,1.8257016058281252,87
370,Ursuline,Sitch,21,usitcha9@cbslocal.com,Ireland,56,97,17,56,-0.23562536124746516,0.2059659437873281,1.6657826321472076,-1.125573067888692,0.3965343616298472,47
371,Bert,Sember,20,bsemberaa@earthlink.net,China,47,68,39,51,-0.6752249158136304,-0.10594613665789376,0.6731247397755026,-0.3893357041034977,0.0987911857552059,19
372,Veronike,Dwelley,22,vdwelleyab@wordpress.com,China,36,86,77,66,0.20397419331870006,-0.4871720127576094,1.2892572246958711,0.8823470151618378,0.9920207133791297,19
373,Linet,Fobidge,21,lfobidgeac@surveymonkey.com,Belarus,89,22,93,68,-0.23562536124746516,1.349643572086475,-0.9014360550209948,1.417792370641979,1.1111179837289862,8
374,Yalonda,Pamplin,19,ypamplinad@quantcast.com,China,80,64,5,49,-1.1148244703797956,1.037731491641253,0.5362064097931984,-1.5271570844987978,-0.020306084594650598,19
375,Anastasie,Wilbor,19,awilborae@drupal.org,Portugal,2,10,21,11,-1.1148244703797956,-1.6655065388840031,-1.312191044967907,-0.9917117290186567,-2.283154221241924,87
376,Byrle,Lyste,19,blysteaf@meetup.com,Dominican Republic,81,46,98,75,-1.1148244703797956,1.0723883894685,-0.07992607512717007,1.585119044229523,1.5279584299534839,29
377,Wat,Iozefovich,24,wiozefovichag@smugmug.com,Brazil,74,5,55,44,1.0831733024510304,0.8297901046777718,-1.4833389574457874,0.14610965137664353,-0.31804926046929183,12
378,Elisha,Lambrook,25,elambrookah@house.gov,Indonesia,44,75,29,49,1.5227728570171957,-0.20991683013963439,0.9127318172445348,-0.723989051278586,-0.020306084594650598,44
379,Modestine,Johnys,25,mjohnysai@360.cn,China,42,31,49,40,1.5227728570171957,-0.27923062579412816,-0.5933698125608106,-0.054682356928409434,-0.5562438011690048,19
380,Gwennie,Hischke,18,ghischkeaj@bigcartel.com,Philippines,94,83,17,64,-1.5544240249459609,1.5229280612227094,1.1865684772091432,-1.125573067888692,0.8729234430292732,85
381,Herve,Rubinchik,23,hrubinchikak@hc360.com,Indonesia,7,85,43,45,0.6435737478848653,-1.4922220497477687,1.255027642200295,-0.2554743652334624,-0.25850062529436363,44
382,Tawnya,Waddy,18,twaddyal@last.fm,China,98,80,50,76,-1.5544240249459609,1.6615556525316968,1.083879729722415,-0.021217022210900608,1.5875070651284122,19
383,Iolanthe,Noore,24,inooream@guardian.co.uk,Ukraine,85,78,49,70,1.0831733024510304,1.2110159807774874,1.0154205647312629,-0.054682356928409434,1.2302152540788427,109
384,Gavra,Gatehouse,20,ggatehousean@earthlink.net,Indonesia,48,24,34,35,-0.6752249158136304,-0.07128923883064689,-0.8329768900298428,-0.5566623776910419,-0.8539869770436461,44
385,Rod,Podbury,19,rpodburyao@ucoz.com,China,77,87,95,86,-1.1148244703797956,0.9337607981595124,1.3234868071914472,1.4847230400769966,2.1829934168776948,19
386,Delainey,Dumbleton,24,ddumbletonap@dyndns.org,South Africa,58,12,47,39,1.0831733024510304,0.2752797394418218,-1.2437318799767552,-0.12161302636342709,-0.6157924363439331,96
387,Miguel,Karmel,22,mkarmelaq@mapy.cz,Ecuador,48,28,36,37,0.20397419331870006,-0.07128923883064689,-0.6960585600475386,-0.4897317082560242,-0.7348897066937896,30
388,Gretta,Shird,20,gshirdar@psu.edu,Dominican Republic,85,60,57,67,-0.6752249158136304,1.2110159807774874,0.39928807981089437,0.2130403208116612,1.0515693485540578,29
389,Babara,Franchioni,25,bfranchionias@weibo.com,Argentina,40,16,7,21,1.5227728570171957,-0.3485444214486219,-1.106813549994451,-1.4602264150637803,-1.6876678694926417,2
390,Norbert,Boldison,22,nboldisonat@addtoany.com,Russia,15,40,89,48,0.20397419331870006,-1.2149668671297937,-0.28530357010062624,1.2839310317719437,-0.07985471976957885,90
391,Earlie,Luparti,25,elupartiau@hc360.com,Slovenia,12,96,100,69,1.5227728570171957,-1.3189375606115343,1.6315530496516315,1.652049713664541,1.1706666189039143,94
392,Robbie,Illem,23,rillemav@discuz.net,Greece,48,87,8,47,0.6435737478848653,-0.07128923883064689,1.3234868071914472,-1.4267610803462714,-0.1394033549445071,39
393,Jemmie,Neem,22,jneemaw@moonfruit.com,Austria,36,78,88,67,0.20397419331870006,-0.4871720127576094,1.0154205647312629,1.2504656970544348,1.0515693485540578,5
394,Maddi,O'Callaghan,18,mocallaghanax@e-recht24.de,Canada,15,68,93,58,-1.5544240249459609,-1.2149668671297937,0.6731247397755026,1.417792370641979,0.5156316319797036,15
395,Ellary,Broske,20,ebroskeay@howstuffworks.com,Indonesia,93,72,40,68,-0.6752249158136304,1.4882711633954624,0.8100430697578067,-0.35587036938598887,1.1111179837289862,44
396,Britte,Kelson,24,bkelsonaz@jiathis.com,Spain,14,92,70,58,1.0831733024510304,-1.2496237649570405,1.4946347196693273,0.6480896721392759,0.5156316319797036,98
397,Fenelia,Ford,25,ffordb0@taobao.com,Philippines,5,60,22,29,1.5227728570171957,-1.5615358454022625,0.39928807981089437,-0.9582463943011478,-1.2112787880932157,85
398,Hailee,Eskrigge,19,heskriggeb1@cbc.ca,Sweden,35,14,32,27,-1.1148244703797956,-0.5218289105848563,-1.175272714985603,-0.6235930471260596,-1.3303760584430722,101
399,Anstice,Juszkiewicz,19,ajuszkiewiczb2@fda.gov,Peru,32,76,78,62,-1.1148244703797956,-0.6257996040665968,0.9469613997401108,0.9158123498793466,0.7538261726794167,84
400,Kelsey,Postlewhite,24,kpostlewhiteb3@flickr.com,Brazil,16,48,37,33,1.0831733024510304,-1.180309969302547,-0.011466910136018,-0.45626637353851535,-0.9730842473935026,12
401,Lon,Kernock,25,lkernockb4@abc.net.au,Poland,21,32,58,37,1.5227728570171957,-1.0070254801663125,-0.5591402300652345,0.24650565552917,-0.7348897066937896,86
402,Fairfax,Sidden,21,fsiddenb5@paginegialle.it,China,42,61,33,45,-0.23562536124746516,-0.27923062579412816,0.4335176623064704,-0.5901277124085507,-0.25850062529436363,19
403,Andra,Garnar,23,agarnarb6@hc360.com,Japan,59,71,73,67,0.6435737478848653,0.3099366372690687,0.7758134872622306,0.7484856762918024,1.0515693485540578,50
404,Taffy,Hessentaler,21,thessentalerb7@usatoday.com,Luxembourg,43,93,66,67,-0.23562536124746516,-0.24457372796688126,1.5288643021649033,0.5142283332692407,1.0515693485540578,60
405,Cherri,Lainton,23,claintonb8@theatlantic.com,Colombia,53,67,79,66,0.6435737478848653,0.10199525030558748,0.6388951572799266,0.9492776845968554,0.9920207133791297,20
406,Costanza,Januszkiewicz,19,cjanuszkiewiczb9@vkontakte.ru,Morocco,63,96,18,59,-1.1148244703797956,0.4485642285780562,1.6315530496516315,-1.092107733171183,0.5751802671546319,72
407,Izaak,Saxton,21,isaxtonba@dell.com,China,43,30,59,44,-0.23562536124746516,-0.24457372796688126,-0.6275993950563865,0.2799709902466788,-0.31804926046929183,19
408,Gerick,Baumadier,23,gbaumadierbb@miitbeian.gov.cn,China,42,61,97,66,0.6435737478848653,-0.27923062579412816,0.4335176623064704,1.5516537095120144,0.9920207133791297,19
409,Anitra,Poad,19,apoadbc@arstechnica.com,Madagascar,50,71,8,43,-1.1148244703797956,-0.0019754431761531467,0.7758134872622306,-1.4267610803462714,-0.3775978956442201,62
410,Teddi,Furmenger,20,tfurmengerbd@eventbrite.com,Indonesia,71,49,89,69,-0.6752249158136304,0.7258194111960312,0.02276267235955803,1.2839310317719437,1.1706666189039143,44
411,Jacintha,Rosenkrantz,24,jrosenkrantzbe@dmoz.org,China,64,2,54,40,1.0831733024510304,0.48322112640530307,-1.5860277049325153,0.1126443166591347,-0.5562438011690048,19
412,Beulah,Gruszecki,18,bgruszeckibf@blogtalkradio.com,China,96,23,35,51,-1.5544240249459609,1.592241856877203,-0.8672064725254187,-0.523197042973533,0.0987911857552059,19
413,Donnie,Gilstin,20,dgilstinbg@tinyurl.com,Guatemala,50,14,67,43,-0.6752249158136304,-0.0019754431761531467,-1.175272714985603,0.5476936679867495,-0.3775978956442201,41
414,Arabella,Scoyne,23,ascoynebh@networkadvertising.org,China,47,1,17,21,0.6435737478848653,-0.10594613665789376,-1.6202572874280914,-1.125573067888692,-1.6876678694926417,19
415,Lem,Clelle,25,lclellebi@mail.ru,Slovenia,90,27,92,69,1.5227728570171957,1.3843004699137218,-0.7302881425431147,1.3843270359244702,1.1706666189039143,94
416,Shari,Ratnege,18,sratnegebj@seesaa.net,Slovenia,22,76,61,53,-1.5544240249459609,-0.9723685823390656,0.9469613997401108,0.3469016596816965,0.2178884561050624,94
417,Michail,Stonhard,21,mstonhardbk@freewebs.com,United States,17,16,0,11,-0.23562536124746516,-1.1456530714753,-1.106813549994451,-1.694483758086342,-2.283154221241924,111
418,Modesty,Berriman,23,mberrimanbl@loc.gov,China,52,8,72,44,0.6435737478848653,0.06733835247834061,-1.3806502099590592,0.7150203415742936,-0.31804926046929183,19
419,Sondra,Zorzini,25,szorzinibm@networkadvertising.org,France,57,38,28,41,1.5227728570171957,0.24062284161457498,-0.3537627350917783,-0.7574543859960948,-0.4966951659940766,36
420,Matt,Braunfeld,24,mbraunfeldbn@cocolog-nifty.com,Venezuela,61,69,28,52,1.0831733024510304,0.3792504329235625,0.7073543222710786,-0.7574543859960948,0.15833982093013416,113
421,Reese,Soame,20,rsoamebo@com.com,Germany,86,0,28,38,-0.6752249158136304,1.2456728786047344,-1.6544868699236674,-0.7574543859960948,-0.6753410715188614,38
422,Chevy,Sidey,22,csideybp@columbia.edu,Senegal,38,81,85,68,0.20397419331870006,-0.41785821710311566,1.118109312217991,1.1500696929019083,1.1111179837289862,92
423,Monti,Mountney,19,mmountneybq@upenn.edu,Colombia,12,5,19,12,-1.1148244703797956,-1.3189375606115343,-1.4833389574457874,-1.0586423984536744,-2.223605586066996,20
424,Pen,Lemmers,19,plemmersbr@disqus.com,China,78,65,24,55,-1.1148244703797956,0.9684176959867593,0.5704359922887745,-0.8913157248661301,0.3369857264549189,19
425,Demetris,Maillard,21,dmaillardbs@patch.com,Australia,1,41,43,28,-0.23562536124746516,-1.70016343671125,-0.25107398760505023,-0.2554743652334624,-1.2708274232681438,4
426,Sanders,Gladbeck,19,sgladbeckbt@skyrock.com,Indonesia,96,44,32,57,-1.1148244703797956,1.592241856877203,-0.14838524011832213,-0.6235930471260596,0.45608299680477543,44
427,Adriena,Kentish,21,akentishbu@goodreads.com,Peru,20,11,65,32,-0.23562536124746516,-1.0416823779935593,-1.2779614624723312,0.4807629985517318,-1.0326328825684308,84
428,Mariellen,Pitceathly,19,mpitceathlybv@t.co,Indonesia,45,44,34,41,-1.1148244703797956,-0.1752599323123875,-0.14838524011832213,-0.5566623776910419,-0.4966951659940766,44
429,Ethelind,Knevet,24,eknevetbw@cbslocal.com,Israel,97,94,59,83,1.0831733024510304,1.62689875470445,1.5630938846604794,0.2799709902466788,2.00434751135291,48
430,Mortie,Sorrie,20,msorriebx@freewebs.com,Argentina,91,83,3,59,-0.6752249158136304,1.4189573677409686,1.1865684772091432,-1.5940877539338156,0.5751802671546319,2
431,Tam,Dansken,23,tdanskenby@harvard.edu,China,13,68,54,45,0.6435737478848653,-1.2842806627842875,0.6731247397755026,0.1126443166591347,-0.25850062529436363,19
432,Cordie,Fossett,25,cfossettbz@addthis.com,Poland,49,10,2,20,1.5227728570171957,-0.03663234100340002,-1.312191044967907,-1.6275530886513243,-1.7472165046675698,86
433,Lou,Tapley,24,ltapleyc0@163.com,Argentina,49,20,86,51,1.0831733024510304,-0.03663234100340002,-0.9698952200121469,1.1835350276194172,0.0987911857552059,2
434,Annalee,Bolingbroke,22,abolingbrokec1@census.gov,China,90,35,17,47,0.20397419331870006,1.3843004699137218,-0.4564514825785064,-1.125573067888692,-0.1394033549445071,19
435,Idell,Salvatore,20,isalvatorec2@state.tx.us,United States,92,25,64,60,-0.6752249158136304,1.4536142655682156,-0.7987473075342667,0.447297663834223,0.6347289023295601,111
436,Walden,Widdowes,18,wwiddowesc3@php.net,Philippines,22,12,84,39,-1.5544240249459609,-0.9723685823390656,-1.2437318799767552,1.1166043581843996,-0.6157924363439331,85
437,Cletus,Dolan,20,cdolanc4@newyorker.com,Greece,0,44,17,20,-0.6752249158136304,-1.734820334538497,-0.14838524011832213,-1.125573067888692,-1.7472165046675698,39
438,Alma,Sadat,24,asadatc5@nyu.edu,China,58,5,23,28,1.0831733024510304,0.2752797394418218,-1.4833389574457874,-0.924781059583639,-1.2708274232681438,19
439,Corabelle,Hibling,18,chiblingc6@nifty.com,Indonesia,2,76,78,52,-1.5544240249459609,-1.6655065388840031,0.9469613997401108,0.9158123498793466,0.15833982093013416,44
440,Vin,Pettingall,18,vpettingallc7@oracle.com,China,54,88,18,53,-1.5544240249459609,0.13665214813283436,1.3577163896870232,-1.092107733171183,0.2178884561050624,19
441,Dwayne,Binnall,24,dbinnallc8@icio.us,Russia,45,75,23,47,1.0831733024510304,-0.1752599323123875,0.9127318172445348,-0.924781059583639,-0.1394033549445071,90
442,Justinn,Sprigg,21,jspriggc9@google.fr,Japan,65,5,61,43,-0.23562536124746516,0.5178780242325499,-1.4833389574457874,0.3469016596816965,-0.3775978956442201,50
443,Marshal,Bladge,25,mbladgeca@whitehouse.gov,Greece,39,10,91,46,1.5227728570171957,-0.38320131927586876,-1.312191044967907,1.3508617012069613,-0.19895199011943535,39
444,Christiano,Haszard,23,chaszardcb@smh.com.au,Indonesia,37,40,91,56,0.6435737478848653,-0.4525151149303625,-0.28530357010062624,1.3508617012069613,0.3965343616298472,44
445,Emalia,Cockling,21,ecocklingcc@cpanel.net,Poland,80,75,1,52,-0.23562536124746516,1.037731491641253,0.9127318172445348,-1.6610184233688332,0.15833982093013416,86
446,Bealle,Mickleborough,20,bmickleboroughcd@stanford.edu,Czech Republic,62,79,27,56,-0.6752249158136304,0.4139073307508093,1.049650147226839,-0.7909197207136036,0.3965343616298472,26
447,Adora,Kee,20,akeece@merriam-webster.com,China,85,72,19,58,-0.6752249158136304,1.2110159807774874,0.8100430697578067,-1.0586423984536744,0.5156316319797036,19
448,Niel,McColgan,18,nmccolgancf@ucoz.ru,Russia,56,63,3,40,-1.5544240249459609,0.2059659437873281,0.5019768272976225,-1.5940877539338156,-0.5562438011690048,90
449,Frankie,Dressel,18,fdresselcg@prlog.org,Russia,24,67,57,49,-1.5544240249459609,-0.9030547866845718,0.6388951572799266,0.2130403208116612,-0.020306084594650598,90
450,Irene,Van Geffen,23,ivangeffench@lulu.com,Philippines,12,9,64,28,0.6435737478848653,-1.3189375606115343,-1.3464206274634831,0.447297663834223,-1.2708274232681438,85
451,Dorette,O'Corren,19,docorrenci@smugmug.com,Brazil,98,14,11,41,-1.1148244703797956,1.6615556525316968,-1.175272714985603,-1.3263650761937449,-0.4966951659940766,12
452,Misti,Venton,24,mventoncj@cafepress.com,Syria,74,41,33,49,1.0831733024510304,0.8297901046777718,-0.25107398760505023,-0.5901277124085507,-0.020306084594650598,103
453,Georgeanne,Tomasutti,20,gtomasuttick@bravesites.com,Finland,23,1,26,16,-0.6752249158136304,-0.9377116845118187,-1.6202572874280914,-0.8243850554311125,-1.9854110453672829,35
454,Janos,Blanckley,22,jblanckleycl@privacy.gov.au,Kazakhstan,91,0,40,43,0.20397419331870006,1.4189573677409686,-1.6544868699236674,-0.35587036938598887,-0.3775978956442201,52
455,Adriaens,Coventon,23,acoventoncm@guardian.co.uk,Russia,97,12,48,52,0.6435737478848653,1.62689875470445,-1.2437318799767552,-0.08814769164591826,0.15833982093013416,90
456,Kandy,Algar,23,kalgarcn@unicef.org,China,37,37,45,39,0.6435737478848653,-0.4525151149303625,-0.38799231758735436,-0.18854369579844474,-0.6157924363439331,19
457,Pansie,Rattray,23,prattrayco@forbes.com,Russia,56,11,12,26,0.6435737478848653,0.2059659437873281,-1.2779614624723312,-1.292899741476236,-1.3899246936180003,90
458,Verna,Harriss,18,vharrisscp@quantcast.com,Peru,41,78,18,45,-1.5544240249459609,-0.313887523621375,1.0154205647312629,-1.092107733171183,-0.25850062529436363,84
459,Karisa,Brocks,23,kbrockscq@dot.gov,China,94,21,15,43,0.6435737478848653,1.5229280612227094,-0.9356656375165708,-1.1925037373237095,-0.3775978956442201,19
460,Bobbye,Crann,20,bcranncr@rakuten.co.jp,China,23,23,89,45,-0.6752249158136304,-0.9377116845118187,-0.8672064725254187,1.2839310317719437,-0.25850062529436363,19
461,Aubrey,Beddoes,24,abeddoescs@youku.com,Indonesia,13,29,85,42,1.0831733024510304,-1.2842806627842875,-0.6618289775519626,1.1500696929019083,-0.43714653081914834,44
462,Gretchen,Olohan,21,golohanct@kickstarter.com,Philippines,21,6,47,24,-0.23562536124746516,-1.0070254801663125,-1.4491093749502113,-0.12161302636342709,-1.5090219639678568,85
463,Quintin,Foxley,23,qfoxleycu@java.com,Sweden,92,76,6,58,0.6435737478848653,1.4536142655682156,0.9469613997401108,-1.493691749781289,0.5156316319797036,101
464,Dolores,Sharland,19,dsharlandcv@cargocollective.com,France,55,2,93,50,-1.1148244703797956,0.17130904596008123,-1.5860277049325153,1.417792370641979,0.03924255058027765,36
465,Upton,Bardwell,21,ubardwellcw@weebly.com,Mongolia,34,95,5,44,-0.23562536124746516,-0.5564858084121032,1.5973234671560554,-1.5271570844987978,-0.31804926046929183,71
466,Helen-elizabeth,Hullbrook,22,hhullbrookcx@microsoft.com,Sweden,54,41,15,36,0.20397419331870006,0.13665214813283436,-0.25107398760505023,-1.1925037373237095,-0.7944383418687179,101
467,Drusy,Sinnat,25,dsinnatcy@naver.com,Vietnam,3,23,35,20,1.5227728570171957,-1.6308496410567561,-0.8672064725254187,-0.523197042973533,-1.7472165046675698,114
468,Ezmeralda,Cettell,22,ecettellcz@github.com,Ireland,15,75,6,32,0.20397419331870006,-1.2149668671297937,0.9127318172445348,-1.493691749781289,-1.0326328825684308,47
469,Ajay,Whapham,24,awhaphamd0@desdev.cn,Indonesia,31,7,62,33,1.0831733024510304,-0.6604565018938438,-1.4148797924546352,0.38036699439920535,-0.9730842473935026,44
470,Locke,Yurshev,24,lyurshevd1@narod.ru,Serbia,80,13,39,44,1.0831733024510304,1.037731491641253,-1.209502297481179,-0.3893357041034977,-0.31804926046929183,93
471,Georgiana,Hachard,21,ghachardd2@unicef.org,Panama,72,91,97,86,-0.23562536124746516,0.7604763090232781,1.4604051371737514,1.5516537095120144,2.1829934168776948,82
472,Darci,Enderwick,22,denderwickd3@kickstarter.com,Mongolia,90,98,67,85,0.20397419331870006,1.3843004699137218,1.7000122146427836,0.5476936679867495,2.1234447817027666,71
473,Jamie,Ghest,20,jghestd4@va.gov,Portugal,79,23,65,55,-0.6752249158136304,1.0030745938140062,-0.8672064725254187,0.4807629985517318,0.3369857264549189,87
474,Levi,Brayford,23,lbrayfordd5@ucoz.ru,Sweden,61,46,69,58,0.6435737478848653,0.3792504329235625,-0.07992607512717007,0.6146243374217671,0.5156316319797036,101
475,Nataniel,Tungay,20,ntungayd6@uol.com.br,Poland,52,16,45,37,-0.6752249158136304,0.06733835247834061,-1.106813549994451,-0.18854369579844474,-0.7348897066937896,86
476,Hendrik,Bowling,19,hbowlingd7@ibm.com,Latvia,69,20,41,43,-1.1148244703797956,0.6565056155415374,-0.9698952200121469,-0.3224050346684801,-0.3775978956442201,56
477,Alfreda,Crabbe,22,acrabbed8@cbc.ca,Peru,90,2,78,56,0.20397419331870006,1.3843004699137218,-1.5860277049325153,0.9158123498793466,0.3965343616298472,84
478,Rozalin,Alltimes,24,ralltimesd9@whitehouse.gov,Guatemala,72,31,74,59,1.0831733024510304,0.7604763090232781,-0.5933698125608106,0.7819510110093113,0.5751802671546319,41
479,Avrom,Payne,19,apayneda@moonfruit.com,Czech Republic,51,99,99,83,-1.1148244703797956,0.032681454651093726,1.7342417971383595,1.618584378947032,2.00434751135291,26
480,Kile,Geare,22,kgearedb@hibu.com,Malta,31,35,24,30,0.20397419331870006,-0.6604565018938438,-0.4564514825785064,-0.8913157248661301,-1.1517301529182873,65
481,Gregg,Teulier,19,gteulierdc@scribd.com,Colombia,57,21,23,33,-1.1148244703797956,0.24062284161457498,-0.9356656375165708,-0.924781059583639,-0.9730842473935026,20
482,Margret,MacKellar,23,mmackellardd@networkadvertising.org,Chile,25,61,66,50,0.6435737478848653,-0.8683978888573249,0.4335176623064704,0.5142283332692407,0.03924255058027765,18
483,Joshuah,De Hooch,22,jdehoochde@opensource.org,Canada,30,100,96,75,0.20397419331870006,-0.6951133997210907,1.7684713796339355,1.5181883747945055,1.5279584299534839,15
484,Beret,Noell,22,bnoelldf@gnu.org,United States,54,24,67,48,0.20397419331870006,0.13665214813283436,-0.8329768900298428,0.5476936679867495,-0.07985471976957885,111
485,Linoel,Filintsev,22,lfilintsevdg@princeton.edu,Russia,5,85,26,38,0.20397419331870006,-1.5615358454022625,1.255027642200295,-0.8243850554311125,-0.6753410715188614,90
486,Cristabel,Izzett,18,cizzettdh@go.com,Indonesia,90,76,7,57,-1.5544240249459609,1.3843004699137218,0.9469613997401108,-1.4602264150637803,0.45608299680477543,44
487,Norby,Roxby,23,nroxbydi@pinterest.com,Spain,29,30,67,42,0.6435737478848653,-0.7297702975483374,-0.6275993950563865,0.5476936679867495,-0.43714653081914834,98
488,Minda,Daintith,20,mdaintithdj@berkeley.edu,Indonesia,12,2,22,12,-0.6752249158136304,-1.3189375606115343,-1.5860277049325153,-0.9582463943011478,-2.223605586066996,44
489,Jerrilyn,Redhole,19,jredholedk@cnet.com,Malaysia,81,100,68,83,-1.1148244703797956,1.0723883894685,1.7684713796339355,0.5811590027042582,2.00434751135291,63
490,Janey,Brinkman,19,jbrinkmandl@ebay.co.uk,China,80,60,37,59,-1.1148244703797956,1.037731491641253,0.39928807981089437,-0.45626637353851535,0.5751802671546319,19
491,Gipsy,Borzone,18,gborzonedm@prnewswire.com,China,1,51,50,34,-1.5544240249459609,-1.70016343671125,0.09122183735071009,-0.021217022210900608,-0.9135356122185744,19
492,Christyna,Bachelar,19,cbachelardn@cafepress.com,Haiti,11,18,98,42,-1.1148244703797956,-1.3535944584387811,-1.038354385003299,1.585119044229523,-0.43714653081914834,42
493,Tomi,Foot,18,tfootdo@sphinn.com,Brazil,22,28,22,24,-1.5544240249459609,-0.9723685823390656,-0.6960585600475386,-0.9582463943011478,-1.5090219639678568,12
494,Cozmo,Rolland,20,crollanddp@seesaa.net,Israel,56,12,39,35,-0.6752249158136304,0.2059659437873281,-1.2437318799767552,-0.3893357041034977,-0.8539869770436461,48
495,Goran,Pizey,24,gpizeydq@ted.com,Portugal,55,72,13,46,1.0831733024510304,0.17130904596008123,0.8100430697578067,-1.2594344067587273,-0.19895199011943535,87
496,Bard,Gatheridge,21,bgatheridgedr@apple.com,Sweden,32,89,38,53,-0.23562536124746516,-0.6257996040665968,1.3919459721825993,-0.42280103882100656,0.2178884561050624,101
497,Aleda,Whittier,22,awhittierds@yolasite.com,China,75,7,89,57,0.20397419331870006,0.8644470025050187,-1.4148797924546352,1.2839310317719437,0.45608299680477543,19
498,Kassie,Boseley,24,kboseleydt@diigo.com,Portugal,70,97,66,77,1.0831733024510304,0.6911625133687843,1.6657826321472076,0.5142283332692407,1.6470557003033404,87
499,Lemmie,Cudby,18,lcudbydu@mysql.com,Indonesia,78,88,68,78,-1.5544240249459609,0.9684176959867593,1.3577163896870232,0.5811590027042582,1.7066043354782687,44
500,Humfried,Axelby,20,haxelbydv@virginia.edu,Mexico,42,63,46,50,-0.6752249158136304,-0.27923062579412816,0.5019768272976225,-0.15507836108093592,0.03924255058027765,69
501,Roth,Arcase,24,rarcasedw@livejournal.com,China,23,96,92,70,1.0831733024510304,-0.9377116845118187,1.6315530496516315,1.3843270359244702,1.2302152540788427,19
502,Mirelle,Dutteridge,25,mdutteridgedx@meetup.com,China,48,59,8,38,1.5227728570171957,-0.07128923883064689,0.36505849731531836,-1.4267610803462714,-0.6753410715188614,19
503,Leeann,Gruszczak,24,lgruszczakdy@twitter.com,France,81,39,16,45,1.0831733024510304,1.0723883894685,-0.3195331525962023,-1.1590384026062008,-0.25850062529436363,36
504,Arabele,Malins,23,amalinsdz@hubpages.com,China,45,58,24,42,0.6435737478848653,-0.1752599323123875,0.3308289148197423,-0.8913157248661301,-0.43714653081914834,19
505,Erastus,Lydiatt,25,elydiatte0@istockphoto.com,Ukraine,44,52,17,37,1.5227728570171957,-0.20991683013963439,0.12545141984628613,-1.125573067888692,-0.7348897066937896,109
506,Clementine,Poulden,25,cpouldene1@shutterfly.com,Sweden,61,92,47,66,1.5227728570171957,0.3792504329235625,1.4946347196693273,-0.12161302636342709,0.9920207133791297,101
507,Fanni,Yu,21,fyue2@businesswire.com,Philippines,92,52,58,67,-0.23562536124746516,1.4536142655682156,0.12545141984628613,0.24650565552917,1.0515693485540578,85
508,Conny,Tidcombe,23,ctidcombee3@de.vu,Indonesia,58,84,69,70,0.6435737478848653,0.2752797394418218,1.220798059704719,0.6146243374217671,1.2302152540788427,44
509,Frans,Shoute,25,fshoutee4@nyu.edu,Indonesia,21,22,92,45,1.5227728570171957,-1.0070254801663125,-0.9014360550209948,1.3843270359244702,-0.25850062529436363,44
510,Moss,Boylund,19,mboylunde5@sphinn.com,Bulgaria,54,96,52,67,-1.1148244703797956,0.13665214813283436,1.6315530496516315,0.04571364722411705,1.0515693485540578,13
511,Syd,Linscott,18,slinscotte6@cbsnews.com,Russia,26,10,29,21,-1.5544240249459609,-0.8337409910300781,-1.312191044967907,-0.723989051278586,-1.6876678694926417,90
512,Karon,Mendenhall,19,kmendenhalle7@angelfire.com,Honduras,55,78,44,59,-1.1148244703797956,0.17130904596008123,1.0154205647312629,-0.22200903051595358,0.5751802671546319,43
513,Nicky,Medlen,21,nmedlene8@lycos.com,Indonesia,44,31,72,49,-0.23562536124746516,-0.20991683013963439,-0.5933698125608106,0.7150203415742936,-0.020306084594650598,44
514,Gabby,Widger,23,gwidgere9@bloglines.com,Iran,24,59,75,52,0.6435737478848653,-0.9030547866845718,0.36505849731531836,0.8154163457268201,0.15833982093013416,45
515,Jessika,Cowmeadow,22,jcowmeadowea@smugmug.com,Ukraine,7,64,30,33,0.20397419331870006,-1.4922220497477687,0.5362064097931984,-0.6905237165610771,-0.9730842473935026,109
516,Constantin,Frisdick,20,cfrisdickeb@ca.gov,Canada,71,2,69,47,-0.6752249158136304,0.7258194111960312,-1.5860277049325153,0.6146243374217671,-0.1394033549445071,15
517,Forester,Wooles,21,fwoolesec@mozilla.org,Venezuela,60,25,39,41,-0.23562536124746516,0.3445935350963156,-0.7987473075342667,-0.3893357041034977,-0.4966951659940766,113
518,Grantham,Garrould,25,ggarroulded@g.co,Philippines,12,79,4,31,1.5227728570171957,-1.3189375606115343,1.049650147226839,-1.5606224192163067,-1.0921815177433591,85
519,Carina,Jarvie,25,cjarvieee@cnet.com,Micronesia,53,100,36,63,1.5227728570171957,0.10199525030558748,1.7684713796339355,-0.4897317082560242,0.8133748078543449,70
520,Dyna,Margrett,18,dmargrettef@freewebs.com,Brazil,55,46,86,62,-1.5544240249459609,0.17130904596008123,-0.07992607512717007,1.1835350276194172,0.7538261726794167,12
521,Murdoch,Piesing,24,mpiesingeg@uol.com.br,Ukraine,50,98,7,51,1.0831733024510304,-0.0019754431761531467,1.7000122146427836,-1.4602264150637803,0.0987911857552059,109
522,Camile,Beldom,24,cbeldomeh@deliciousdays.com,Russia,84,75,74,77,1.0831733024510304,1.1763590829502406,0.9127318172445348,0.7819510110093113,1.6470557003033404,90
523,Boyce,Spandley,25,bspandleyei@phoca.cz,South Africa,32,99,7,46,1.5227728570171957,-0.6257996040665968,1.7342417971383595,-1.4602264150637803,-0.19895199011943535,96
524,Natty,Tole,25,ntoleej@diigo.com,China,57,16,35,36,1.5227728570171957,0.24062284161457498,-1.106813549994451,-0.523197042973533,-0.7944383418687179,19
525,Nelie,Kordova,20,nkordovaek@ucsd.edu,Peru,87,45,52,61,-0.6752249158136304,1.2803297764319812,-0.11415565762274608,0.04571364722411705,0.6942775375044884,84
526,Brucie,Peddie,19,bpeddieel@technorati.com,Dominican Republic,42,74,63,59,-1.1148244703797956,-0.27923062579412816,0.8785022347489588,0.41383232911671414,0.5751802671546319,29
527,Bearnard,Telford,18,btelfordem@soundcloud.com,Russia,24,49,94,55,-1.5544240249459609,-0.9030547866845718,0.02276267235955803,1.4512577053594877,0.3369857264549189,90
528,Mariam,Braybrook,19,mbraybrooken@amazon.com,China,17,40,69,42,-1.1148244703797956,-1.1456530714753,-0.28530357010062624,0.6146243374217671,-0.43714653081914834,19
529,Blisse,Ventum,21,bventumeo@clickbank.net,China,85,52,43,60,-0.23562536124746516,1.2110159807774874,0.12545141984628613,-0.2554743652334624,0.6347289023295601,19
530,Arvy,McGirr,18,amcgirrep@hatena.ne.jp,Denmark,73,24,55,50,-1.5544240249459609,0.7951332068505249,-0.8329768900298428,0.14610965137664353,0.03924255058027765,28
531,Garnette,St Leger,25,gstlegereq@furl.net,China,78,98,88,88,1.5227728570171957,0.9684176959867593,1.7000122146427836,1.2504656970544348,2.302090687227551,19
532,Heriberto,Garr,23,hgarrer@altervista.org,Indonesia,38,29,62,43,0.6435737478848653,-0.41785821710311566,-0.6618289775519626,0.38036699439920535,-0.3775978956442201,44
533,Jobey,Pilipets,20,jpilipetses@intel.com,Russia,3,87,47,45,-0.6752249158136304,-1.6308496410567561,1.3234868071914472,-0.12161302636342709,-0.25850062529436363,90
534,Scotti,Cuttles,18,scuttleset@google.co.jp,China,30,36,43,36,-1.5544240249459609,-0.6951133997210907,-0.42222190008293037,-0.2554743652334624,-0.7944383418687179,19
535,Junette,Lulham,23,jlulhameu@nbcnews.com,Nicaragua,52,5,43,33,0.6435737478848653,0.06733835247834061,-1.4833389574457874,-0.2554743652334624,-0.9730842473935026,76
536,Carny,Letford,20,cletfordev@canalblog.com,Brazil,28,31,65,41,-0.6752249158136304,-0.7644271953755843,-0.5933698125608106,0.4807629985517318,-0.4966951659940766,12
537,Rori,Sparry,20,rsparryew@illinois.edu,China,59,58,91,69,-0.6752249158136304,0.3099366372690687,0.3308289148197423,1.3508617012069613,1.1706666189039143,19
538,Donny,Duggan,18,ddugganex@yahoo.com,Indonesia,5,90,52,49,-1.5544240249459609,-1.5615358454022625,1.4261755546781754,0.04571364722411705,-0.020306084594650598,44
539,Thea,Hegel,21,thegeley@is.gd,Vietnam,29,90,29,49,-0.23562536124746516,-0.7297702975483374,1.4261755546781754,-0.723989051278586,-0.020306084594650598,114
540,Jackelyn,Lovejoy,20,jlovejoyez@irs.gov,United States,18,11,83,37,-0.6752249158136304,-1.1109961736480531,-1.2779614624723312,1.0831390234668907,-0.7348897066937896,111
541,Brice,Kellett,21,bkellettf0@clickbank.net,China,36,15,20,23,-0.23562536124746516,-0.4871720127576094,-1.141043132490027,-1.0251770637361655,-1.5685705991427852,19
542,Pebrook,Keyse,22,pkeysef1@vistaprint.com,China,37,16,99,50,0.20397419331870006,-0.4525151149303625,-1.106813549994451,1.618584378947032,0.03924255058027765,19
543,Gabie,Lavington,23,glavingtonf2@webmd.com,Cameroon,74,47,25,48,0.6435737478848653,0.8297901046777718,-0.04569649263159403,-0.8578503901486213,-0.07985471976957885,14
544,Grayce,Boshere,25,gbosheref3@desdev.cn,China,60,98,37,65,1.5227728570171957,0.3445935350963156,1.7000122146427836,-0.45626637353851535,0.9324720782042014,19
545,Jarrad,Kerwin,20,jkerwinf4@amazonaws.com,Macedonia,61,59,39,53,-0.6752249158136304,0.3792504329235625,0.36505849731531836,-0.3893357041034977,0.2178884561050624,61
546,Jock,Richford,21,jrichfordf5@nifty.com,Indonesia,27,26,2,18,-0.23562536124746516,-0.7990840932028312,-0.7645177250386906,-1.6275530886513243,-1.8663137750174263,44
547,Estrella,Molfino,21,emolfinof6@jalbum.net,France,89,84,39,70,-0.23562536124746516,1.349643572086475,1.220798059704719,-0.3893357041034977,1.2302152540788427,36
548,Tanney,Bunkle,23,tbunklef7@flickr.com,Greece,22,83,85,63,0.6435737478848653,-0.9723685823390656,1.1865684772091432,1.1500696929019083,0.8133748078543449,39
549,Jody,Hartas,19,jhartasf8@woothemes.com,Armenia,89,39,92,73,-1.1148244703797956,1.349643572086475,-0.3195331525962023,1.3843270359244702,1.4088611596036273,3
550,Archer,Vinker,22,avinkerf9@ucla.edu,China,46,94,84,74,0.20397419331870006,-0.14060303448514064,1.5630938846604794,1.1166043581843996,1.4684097947785557,19
551,Northrup,Bonellie,19,nbonelliefa@google.de,Slovenia,0,98,51,49,-1.1148244703797956,-1.734820334538497,1.7000122146427836,0.01224831250660822,-0.020306084594650598,94
552,Dinnie,Camp,22,dcampfb@imdb.com,Portugal,80,51,13,48,0.20397419331870006,1.037731491641253,0.09122183735071009,-1.2594344067587273,-0.07985471976957885,87
553,Verne,Scraney,20,vscraneyfc@yahoo.com,China,59,79,51,63,-0.6752249158136304,0.3099366372690687,1.049650147226839,0.01224831250660822,0.8133748078543449,19
554,Carlen,Cardon,25,ccardonfd@creativecommons.org,Nigeria,22,59,63,48,1.5227728570171957,-0.9723685823390656,0.36505849731531836,0.41383232911671414,-0.07985471976957885,78
555,Marlow,O'Rudden,20,moruddenfe@reference.com,Portugal,23,86,34,47,-0.6752249158136304,-0.9377116845118187,1.2892572246958711,-0.5566623776910419,-0.1394033549445071,87
556,Ingamar,Creedland,18,icreedlandff@unicef.org,China,36,91,37,54,-1.5544240249459609,-0.4871720127576094,1.4604051371737514,-0.45626637353851535,0.27743709127999067,19
557,Brockie,Gleaves,23,bgleavesfg@thetimes.co.uk,Canada,84,79,84,82,0.6435737478848653,1.1763590829502406,1.049650147226839,1.1166043581843996,1.9447988761779818,15
558,Raphaela,Hing,18,rhingfh@clickbank.net,Mongolia,71,72,86,76,-1.5544240249459609,0.7258194111960312,0.8100430697578067,1.1835350276194172,1.5875070651284122,71
559,Kristine,Ell,24,kellfi@independent.co.uk,Brazil,99,67,27,64,1.0831733024510304,1.6962125503589436,0.6388951572799266,-0.7909197207136036,0.8729234430292732,12
560,Garrard,Lidell,23,glidellfj@bigcartel.com,China,3,49,49,33,0.6435737478848653,-1.6308496410567561,0.02276267235955803,-0.054682356928409434,-0.9730842473935026,19
561,Dalt,Innot,19,dinnotfk@statcounter.com,Brazil,91,21,6,39,-1.1148244703797956,1.4189573677409686,-0.9356656375165708,-1.493691749781289,-0.6157924363439331,12
562,Wain,Borleace,18,wborleacefl@de.vu,Philippines,72,44,38,51,-1.5544240249459609,0.7604763090232781,-0.14838524011832213,-0.42280103882100656,0.0987911857552059,85
563,Gery,Blucher,21,gblucherfm@whitehouse.gov,Indonesia,21,51,42,38,-0.23562536124746516,-1.0070254801663125,0.09122183735071009,-0.28893969995097124,-0.6753410715188614,44
564,Phaidra,Drynan,18,pdrynanfn@seesaa.net,Ukraine,72,21,93,62,-1.5544240249459609,0.7604763090232781,-0.9356656375165708,1.417792370641979,0.7538261726794167,109
565,Pietra,Pontefract,23,ppontefractfo@1und1.de,Jordan,22,51,65,46,0.6435737478848653,-0.9723685823390656,0.09122183735071009,0.4807629985517318,-0.19895199011943535,51
566,Tymon,Gillebert,19,tgillebertfp@geocities.jp,Japan,4,81,81,55,-1.1148244703797956,-1.5961927432295093,1.118109312217991,1.0162083540318732,0.3369857264549189,50
567,Augustina,Biasioli,20,abiasiolifq@huffingtonpost.com,Russia,35,5,14,18,-0.6752249158136304,-0.5218289105848563,-1.4833389574457874,-1.2259690720412184,-1.8663137750174263,90
568,Aubrey,Parmby,23,aparmbyfr@infoseek.co.jp,France,27,87,16,43,0.6435737478848653,-0.7990840932028312,1.3234868071914472,-1.1590384026062008,-0.3775978956442201,36
569,Cora,Sedwick,24,csedwickfs@reference.com,Indonesia,13,53,35,33,1.0831733024510304,-1.2842806627842875,0.15968100234186217,-0.523197042973533,-0.9730842473935026,44
570,Clarisse,Ledes,24,cledesft@samsung.com,Indonesia,93,95,29,72,1.0831733024510304,1.4882711633954624,1.5973234671560554,-0.723989051278586,1.3493125244286992,44
571,Palm,Marflitt,19,pmarflittfu@amazon.com,France,28,96,22,48,-1.1148244703797956,-0.7644271953755843,1.6315530496516315,-0.9582463943011478,-0.07985471976957885,36
572,Marguerite,MacKeague,21,mmackeaguefv@google.it,Ukraine,17,98,34,49,-0.23562536124746516,-1.1456530714753,1.7000122146427836,-0.5566623776910419,-0.020306084594650598,109
573,Mady,Nockells,20,mnockellsfw@jugem.jp,Philippines,68,95,82,81,-0.6752249158136304,0.6218487177142906,1.5973234671560554,1.0496736887493818,1.8852502410030534,85
574,Lynnet,Fayerman,25,lfayermanfx@epa.gov,China,5,62,86,51,1.5227728570171957,-1.5615358454022625,0.46774724480204644,1.1835350276194172,0.0987911857552059,19
575,Bary,Renahan,23,brenahanfy@weibo.com,Japan,96,92,1,63,0.6435737478848653,1.592241856877203,1.4946347196693273,-1.6610184233688332,0.8133748078543449,50
576,Bailey,Deeney,20,bdeeneyfz@netvibes.com,China,76,89,96,87,-0.6752249158136304,0.8991039003322656,1.3919459721825993,1.5181883747945055,2.242542052052623,19
577,Garik,MacGaughie,23,gmacgaughieg0@aboutads.info,Cameroon,97,71,15,61,0.6435737478848653,1.62689875470445,0.7758134872622306,-1.1925037373237095,0.6942775375044884,14
578,Jeannie,Crowch,22,jcrowchg1@tripadvisor.com,Nigeria,18,3,45,22,0.20397419331870006,-1.1109961736480531,-1.5517981224369395,-0.18854369579844474,-1.6281192343177133,78
579,Codi,Kleinstub,25,ckleinstubg2@vinaora.com,Kuwait,23,28,26,25,1.5227728570171957,-0.9377116845118187,-0.6960585600475386,-0.8243850554311125,-1.4494733287929287,54
580,Ulrich,Blake,21,ublakeg3@edublogs.org,Central African Republic,16,30,50,32,-0.23562536124746516,-1.180309969302547,-0.6275993950563865,-0.021217022210900608,-1.0326328825684308,16
581,Jamaal,Cowely,22,jcowelyg4@issuu.com,Portugal,94,87,64,81,0.20397419331870006,1.5229280612227094,1.3234868071914472,0.447297663834223,1.8852502410030534,87
582,Shelby,Ceyssen,24,sceysseng5@statcounter.com,Bosnia and Herzegovina,49,1,11,20,1.0831733024510304,-0.03663234100340002,-1.6202572874280914,-1.3263650761937449,-1.7472165046675698,10
583,Felike,Devoy,20,fdevoyg6@seesaa.net,Mexico,22,93,100,71,-0.6752249158136304,-0.9723685823390656,1.5288643021649033,1.652049713664541,1.2897638892537708,69
584,Letta,Ginman,20,lginmang7@patch.com,China,97,66,75,79,-0.6752249158136304,1.62689875470445,0.6046655747843506,0.8154163457268201,1.7661529706531969,19
585,Valma,Pulbrook,18,vpulbrookg8@tripadvisor.com,Indonesia,94,80,57,77,-1.5544240249459609,1.5229280612227094,1.083879729722415,0.2130403208116612,1.6470557003033404,44
586,Faye,Ramstead,24,framsteadg9@jugem.jp,Armenia,58,58,73,63,1.0831733024510304,0.2752797394418218,0.3308289148197423,0.7484856762918024,0.8133748078543449,3
587,Ebenezer,Philipeaux,19,ephilipeauxga@senate.gov,Brazil,12,12,97,40,-1.1148244703797956,-1.3189375606115343,-1.2437318799767552,1.5516537095120144,-0.5562438011690048,12
588,Sibel,Kettlestring,24,skettlestringgb@tiny.cc,Kuwait,70,85,10,55,1.0831733024510304,0.6911625133687843,1.255027642200295,-1.3598304109112538,0.3369857264549189,54
589,Beauregard,Halleday,19,bhalledaygc@webnode.com,Russia,1,61,25,29,-1.1148244703797956,-1.70016343671125,0.4335176623064704,-0.8578503901486213,-1.2112787880932157,90
590,Jackie,Van Halen,20,jvanhalengd@reverbnation.com,United States,29,38,20,29,-0.6752249158136304,-0.7297702975483374,-0.3537627350917783,-1.0251770637361655,-1.2112787880932157,111
591,Jacquenetta,Cristofalo,24,jcristofaloge@adobe.com,Argentina,43,95,63,67,1.0831733024510304,-0.24457372796688126,1.5973234671560554,0.41383232911671414,1.0515693485540578,2
592,Raffaello,Scatcher,22,rscatchergf@soup.io,United States,81,28,18,42,0.20397419331870006,1.0723883894685,-0.6960585600475386,-1.092107733171183,-0.43714653081914834,111
593,Angela,Bernade,22,abernadegg@nyu.edu,Indonesia,61,24,69,51,0.20397419331870006,0.3792504329235625,-0.8329768900298428,0.6146243374217671,0.0987911857552059,44
594,Hendrick,Gulliver,24,hgullivergh@telegraph.co.uk,Czech Republic,81,62,45,62,1.0831733024510304,1.0723883894685,0.46774724480204644,-0.18854369579844474,0.7538261726794167,26
595,Connor,Bohman,21,cbohmangi@businessinsider.com,China,68,28,11,35,-0.23562536124746516,0.6218487177142906,-0.6960585600475386,-1.3263650761937449,-0.8539869770436461,19
596,Corabelle,Savine,24,csavinegj@pinterest.com,Japan,7,96,40,47,1.0831733024510304,-1.4922220497477687,1.6315530496516315,-0.35587036938598887,-0.1394033549445071,50
597,Kylie,Croster,20,kcrostergk@unesco.org,Argentina,47,93,94,78,-0.6752249158136304,-0.10594613665789376,1.5288643021649033,1.4512577053594877,1.7066043354782687,2
598,Lelah,Wickrath,25,lwickrathgl@newsvine.com,Indonesia,51,18,91,53,1.5227728570171957,0.032681454651093726,-1.038354385003299,1.3508617012069613,0.2178884561050624,44
599,Sheridan,Merredy,21,smerredygm@springer.com,China,84,6,19,36,-0.23562536124746516,1.1763590829502406,-1.4491093749502113,-1.0586423984536744,-0.7944383418687179,19
600,Brittne,Runge,18,brungegn@rambler.ru,Brazil,100,9,99,69,-1.5544240249459609,1.7308694481861906,-1.3464206274634831,1.618584378947032,1.1706666189039143,12
601,Egor,Roddy,21,eroddygo@domainmarket.com,Colombia,96,51,20,55,-0.23562536124746516,1.592241856877203,0.09122183735071009,-1.0251770637361655,0.3369857264549189,20
602,Domeniga,Fransson,23,dfranssongp@rambler.ru,Poland,32,14,72,39,0.6435737478848653,-0.6257996040665968,-1.175272714985603,0.7150203415742936,-0.6157924363439331,86
603,Francine,Berger,23,fbergergq@nymag.com,Japan,78,92,72,80,0.6435737478848653,0.9684176959867593,1.4946347196693273,0.7150203415742936,1.8257016058281252,50
604,Cecil,Sweeten,19,csweetengr@sitemeter.com,Russia,39,79,87,68,-1.1148244703797956,-0.38320131927586876,1.049650147226839,1.217000362336926,1.1111179837289862,90
605,Klara,O'Crigane,25,kocriganegs@tmall.com,Croatia,78,97,77,84,1.5227728570171957,0.9684176959867593,1.6657826321472076,0.8823470151618378,2.063896146527838,23
606,Percival,Andreacci,25,pandreaccigt@usa.gov,Philippines,55,47,86,62,1.5227728570171957,0.17130904596008123,-0.04569649263159403,1.1835350276194172,0.7538261726794167,85
607,Elset,Puig,23,epuiggu@blogger.com,Argentina,48,18,46,37,0.6435737478848653,-0.07128923883064689,-1.038354385003299,-0.15507836108093592,-0.7348897066937896,2
608,Silvio,Castagne,19,scastagnegv@unicef.org,Brazil,65,55,44,54,-1.1148244703797956,0.5178780242325499,0.2281401673330142,-0.22200903051595358,0.27743709127999067,12
609,Aila,Acton,22,aactongw@godaddy.com,Sweden,19,56,82,52,0.20397419331870006,-1.0763392758208061,0.26236974982859024,1.0496736887493818,0.15833982093013416,101
610,Brannon,Klaas,19,bklaasgx@google.co.jp,France,56,18,96,56,-1.1148244703797956,0.2059659437873281,-1.038354385003299,1.5181883747945055,0.3965343616298472,36
611,Margarete,Ladbury,25,mladburygy@samsung.com,Iran,15,50,18,27,1.5227728570171957,-1.2149668671297937,0.05699225485513406,-1.092107733171183,-1.3303760584430722,45
612,Timoteo,Briston,20,tbristongz@issuu.com,Russia,73,19,74,55,-0.6752249158136304,0.7951332068505249,-1.004124802507723,0.7819510110093113,0.3369857264549189,90
613,Nappie,McGarvey,20,nmcgarveyh0@hugedomains.com,Indonesia,80,17,97,64,-0.6752249158136304,1.037731491641253,-1.0725839674988749,1.5516537095120144,0.8729234430292732,44
614,Antoni,Fleeman,22,afleemanh1@who.int,Brazil,1,20,100,40,0.20397419331870006,-1.70016343671125,-0.9698952200121469,1.652049713664541,-0.5562438011690048,12
615,Nap,Rainsden,20,nrainsdenh2@desdev.cn,Russia,82,25,92,66,-0.6752249158136304,1.1070452872957468,-0.7987473075342667,1.3843270359244702,0.9920207133791297,90
616,Athene,McLennan,19,amclennanh3@techcrunch.com,Indonesia,82,10,64,52,-1.1148244703797956,1.1070452872957468,-1.312191044967907,0.447297663834223,0.15833982093013416,44
617,Alec,Advani,23,aadvanih4@cyberchimps.com,Canada,42,34,29,35,0.6435737478848653,-0.27923062579412816,-0.49068106507408243,-0.723989051278586,-0.8539869770436461,15
618,Averyl,Dale,22,adaleh5@ning.com,France,54,43,55,50,0.20397419331870006,0.13665214813283436,-0.18261482261389816,0.14610965137664353,0.03924255058027765,36
619,James,Nadin,25,jnadinh6@addthis.com,Indonesia,54,76,30,53,1.5227728570171957,0.13665214813283436,0.9469613997401108,-0.6905237165610771,0.2178884561050624,44
620,Kirbee,Dunkerly,23,kdunkerlyh7@rakuten.co.jp,China,3,5,36,14,0.6435737478848653,-1.6308496410567561,-1.4833389574457874,-0.4897317082560242,-2.1045083157171396,19
621,Lia,Rotter,20,lrotterh8@cafepress.com,Macedonia,34,18,47,33,-0.6752249158136304,-0.5564858084121032,-1.038354385003299,-0.12161302636342709,-0.9730842473935026,61
622,Norma,Fawbert,22,nfawberth9@irs.gov,Guam,9,29,57,31,0.20397419331870006,-1.422908254093275,-0.6618289775519626,0.2130403208116612,-1.0921815177433591,40
623,Warden,Dreier,22,wdreierha@dedecms.com,Portugal,66,1,71,46,0.20397419331870006,0.5525349220597968,-1.6202572874280914,0.6815550068567848,-0.19895199011943535,87
624,Mignonne,Surr,21,msurrhb@infoseek.co.jp,Poland,19,94,93,68,-0.23562536124746516,-1.0763392758208061,1.5630938846604794,1.417792370641979,1.1111179837289862,86
625,Tiebout,Garret,18,tgarrethc@fc2.com,China,20,52,83,51,-1.5544240249459609,-1.0416823779935593,0.12545141984628613,1.0831390234668907,0.0987911857552059,19
626,Daffi,Ollet,22,dollethd@infoseek.co.jp,Botswana,23,49,61,44,0.20397419331870006,-0.9377116845118187,0.02276267235955803,0.3469016596816965,-0.31804926046929183,11
627,Roselia,Burless,25,rburlesshe@rediff.com,Nigeria,26,57,18,33,1.5227728570171957,-0.8337409910300781,0.2965993323241663,-1.092107733171183,-0.9730842473935026,78
628,Leland,O'Mahoney,18,lomahoneyhf@xrea.com,Yemen,54,58,29,47,-1.5544240249459609,0.13665214813283436,0.3308289148197423,-0.723989051278586,-0.1394033549445071,115
629,Julian,Sydes,20,jsydeshg@ezinearticles.com,Brazil,69,58,21,49,-0.6752249158136304,0.6565056155415374,0.3308289148197423,-0.9917117290186567,-0.020306084594650598,12
630,Bathsheba,Hemphrey,19,bhemphreyhh@kickstarter.com,China,68,70,100,79,-1.1148244703797956,0.6218487177142906,0.7415839047666547,1.652049713664541,1.7661529706531969,19
631,Hilton,Zorzetti,18,hzorzettihi@nymag.com,Greece,14,37,50,33,-1.5544240249459609,-1.2496237649570405,-0.38799231758735436,-0.021217022210900608,-0.9730842473935026,39
632,Marius,Grieswood,25,mgrieswoodhj@biblegateway.com,China,57,85,49,63,1.5227728570171957,0.24062284161457498,1.255027642200295,-0.054682356928409434,0.8133748078543449,19
633,Sarette,Raft,19,srafthk@wikimedia.org,Russia,11,15,25,17,-1.1148244703797956,-1.3535944584387811,-1.141043132490027,-0.8578503901486213,-1.9258624101923547,90
634,Marylee,Tupling,19,mtuplinghl@mashable.com,Indonesia,80,26,97,67,-1.1148244703797956,1.037731491641253,-0.7645177250386906,1.5516537095120144,1.0515693485540578,44
635,Ailee,Stillert,24,astillerthm@house.gov,Poland,56,49,46,50,1.0831733024510304,0.2059659437873281,0.02276267235955803,-0.15507836108093592,0.03924255058027765,86
636,Mara,Starbuck,25,mstarbuckhn@hostgator.com,China,37,25,58,40,1.5227728570171957,-0.4525151149303625,-0.7987473075342667,0.24650565552917,-0.5562438011690048,19
637,Konstanze,Downe,22,kdowneho@phoca.cz,Philippines,6,20,91,39,0.20397419331870006,-1.5268789475750155,-0.9698952200121469,1.3508617012069613,-0.6157924363439331,85
638,Lionello,Steere,20,lsteerehp@webeden.co.uk,France,88,30,70,62,-0.6752249158136304,1.314986674259228,-0.6275993950563865,0.6480896721392759,0.7538261726794167,36
639,Ryun,Abramamovh,20,rabramamovhhq@angelfire.com,Brazil,87,15,7,36,-0.6752249158136304,1.2803297764319812,-1.141043132490027,-1.4602264150637803,-0.7944383418687179,12
640,Pierson,Spieck,20,pspieckhr@w3.org,Russia,84,42,80,68,-0.6752249158136304,1.1763590829502406,-0.21684440510947417,0.9827430193143643,1.1111179837289862,90
641,Julina,Klimochkin,19,jklimochkinhs@nps.gov,China,82,10,81,57,-1.1148244703797956,1.1070452872957468,-1.312191044967907,1.0162083540318732,0.45608299680477543,19
642,Roscoe,Whittam,25,rwhittamht@hhs.gov,China,51,30,3,28,1.5227728570171957,0.032681454651093726,-0.6275993950563865,-1.5940877539338156,-1.2708274232681438,19
643,Devlen,Shoemark,18,dshoemarkhu@cbc.ca,Canada,21,38,8,22,-1.5544240249459609,-1.0070254801663125,-0.3537627350917783,-1.4267610803462714,-1.6281192343177133,15
644,Ransom,Enrdigo,23,renrdigohv@unc.edu,Latvia,38,87,63,62,0.6435737478848653,-0.41785821710311566,1.3234868071914472,0.41383232911671414,0.7538261726794167,56
645,Krystle,Fursland,21,kfurslandhw@hibu.com,Indonesia,20,81,21,40,-0.23562536124746516,-1.0416823779935593,1.118109312217991,-0.9917117290186567,-0.5562438011690048,44
646,Allyce,Coultas,23,acoultashx@pcworld.com,Macedonia,33,93,44,56,0.6435737478848653,-0.59114270623935,1.5288643021649033,-0.22200903051595358,0.3965343616298472,61
647,Isak,Kissick,18,ikissickhy@icio.us,South Korea,30,29,98,52,-1.5544240249459609,-0.6951133997210907,-0.6618289775519626,1.585119044229523,0.15833982093013416,97
648,Linzy,McElwee,21,lmcelweehz@mapquest.com,China,95,53,54,67,-0.23562536124746516,1.5575849590499562,0.15968100234186217,0.1126443166591347,1.0515693485540578,19
649,Mead,Andras,20,mandrasi0@independent.co.uk,Malta,0,45,21,22,-0.6752249158136304,-1.734820334538497,-0.11415565762274608,-0.9917117290186567,-1.6281192343177133,65
650,Ivett,Balas,23,ibalasi1@bloomberg.com,Comoros,68,72,43,61,0.6435737478848653,0.6218487177142906,0.8100430697578067,-0.2554743652334624,0.6942775375044884,21
651,Khalil,Roskruge,21,kroskrugei2@java.com,Portugal,34,33,96,54,-0.23562536124746516,-0.5564858084121032,-0.5249106475696584,1.5181883747945055,0.27743709127999067,87
652,Tommie,Marten,25,tmarteni3@uiuc.edu,Russia,11,47,100,52,1.5227728570171957,-1.3535944584387811,-0.04569649263159403,1.652049713664541,0.15833982093013416,90
653,Denver,Weyman,18,dweymani4@independent.co.uk,China,32,49,7,29,-1.5544240249459609,-0.6257996040665968,0.02276267235955803,-1.4602264150637803,-1.2112787880932157,19
654,Ninon,Calcutt,19,ncalcutti5@4shared.com,Brazil,26,35,89,50,-1.1148244703797956,-0.8337409910300781,-0.4564514825785064,1.2839310317719437,0.03924255058027765,12
655,Hope,Ballay,19,hballayi6@xinhuanet.com,Philippines,97,6,31,44,-1.1148244703797956,1.62689875470445,-1.4491093749502113,-0.6570583818435684,-0.31804926046929183,85
656,Reggi,Korpal,19,rkorpali7@eepurl.com,Czech Republic,45,64,0,36,-1.1148244703797956,-0.1752599323123875,0.5362064097931984,-1.694483758086342,-0.7944383418687179,26
657,Alis,Kay,19,akayi8@ocn.ne.jp,Philippines,24,48,23,31,-1.1148244703797956,-0.9030547866845718,-0.011466910136018,-0.924781059583639,-1.0921815177433591,85
658,Steffen,Bater,20,sbateri9@cdc.gov,New Zealand,62,8,85,51,-0.6752249158136304,0.4139073307508093,-1.3806502099590592,1.1500696929019083,0.0987911857552059,75
659,Thorpe,Cunniff,23,tcunniffia@printfriendly.com,Egypt,81,8,45,44,0.6435737478848653,1.0723883894685,-1.3806502099590592,-0.18854369579844474,-0.31804926046929183,31
660,Natka,McCuish,21,nmccuishib@woothemes.com,China,36,56,4,32,-0.23562536124746516,-0.4871720127576094,0.26236974982859024,-1.5606224192163067,-1.0326328825684308,19
661,Margo,Mendez,25,mmendezic@w3.org,Finland,90,28,53,57,1.5227728570171957,1.3843004699137218,-0.6960585600475386,0.07917898194162587,0.45608299680477543,35
662,Elinor,Lauritzen,24,elauritzenid@flavors.me,United States,1,2,93,32,1.0831733024510304,-1.70016343671125,-1.5860277049325153,1.417792370641979,-1.0326328825684308,111
663,Aurlie,Fridaye,24,afridayeie@sciencedaily.com,China,51,85,84,73,1.0831733024510304,0.032681454651093726,1.255027642200295,1.1166043581843996,1.4088611596036273,19
664,Duke,Petrenko,21,dpetrenkoif@google.co.jp,Honduras,15,97,65,59,-0.23562536124746516,-1.2149668671297937,1.6657826321472076,0.4807629985517318,0.5751802671546319,43
665,Rudyard,Scorey,23,rscoreyig@desdev.cn,Argentina,25,1,79,35,0.6435737478848653,-0.8683978888573249,-1.6202572874280914,0.9492776845968554,-0.8539869770436461,2
666,Candice,Shaul,23,cshaulih@cnn.com,Senegal,60,13,31,34,0.6435737478848653,0.3445935350963156,-1.209502297481179,-0.6570583818435684,-0.9135356122185744,92
667,Nigel,Moralis,25,nmoralisii@earthlink.net,United States,97,68,45,70,1.5227728570171957,1.62689875470445,0.6731247397755026,-0.18854369579844474,1.2302152540788427,111
668,Ellie,Menichillo,19,emenichilloij@a8.net,Ivory Coast,15,76,68,53,-1.1148244703797956,-1.2149668671297937,0.9469613997401108,0.5811590027042582,0.2178884561050624,49
669,Trixi,Bailiss,24,tbailissik@illinois.edu,Sweden,87,12,87,62,1.0831733024510304,1.2803297764319812,-1.2437318799767552,1.217000362336926,0.7538261726794167,101
670,Jessie,Radden,21,jraddenil@youtu.be,China,3,31,36,23,-0.23562536124746516,-1.6308496410567561,-0.5933698125608106,-0.4897317082560242,-1.5685705991427852,19
671,Dara,Cornilli,20,dcornilliim@blogtalkradio.com,Ukraine,67,86,21,58,-0.6752249158136304,0.5871918198870437,1.2892572246958711,-0.9917117290186567,0.5156316319797036,109
672,Christabella,Fero,22,cferoin@ezinearticles.com,China,40,73,27,46,0.20397419331870006,-0.3485444214486219,0.8442726522533828,-0.7909197207136036,-0.19895199011943535,19
673,Arlie,Hamshar,25,ahamshario@spiegel.de,China,78,94,0,57,1.5227728570171957,0.9684176959867593,1.5630938846604794,-1.694483758086342,0.45608299680477543,19
674,Stephine,Leonida,18,sleonidaip@mtv.com,Russia,99,19,1,39,-1.5544240249459609,1.6962125503589436,-1.004124802507723,-1.6610184233688332,-0.6157924363439331,90
675,Gayle,Laffranconi,18,glaffranconiiq@yahoo.com,Czech Republic,82,60,42,61,-1.5544240249459609,1.1070452872957468,0.39928807981089437,-0.28893969995097124,0.6942775375044884,26
676,Merrie,Wickwar,23,mwickwarir@lycos.com,Cuba,58,87,11,52,0.6435737478848653,0.2752797394418218,1.3234868071914472,-1.3263650761937449,0.15833982093013416,24
677,Orin,Foux,20,ofouxis@jiathis.com,Peru,53,39,66,52,-0.6752249158136304,0.10199525030558748,-0.3195331525962023,0.5142283332692407,0.15833982093013416,84
678,Ray,Couvert,24,rcouvertit@tinypic.com,Czech Republic,56,91,48,65,1.0831733024510304,0.2059659437873281,1.4604051371737514,-0.08814769164591826,0.9324720782042014,26
679,Reginald,Orpwood,18,rorpwoodiu@cdbaby.com,Colombia,90,48,62,66,-1.5544240249459609,1.3843004699137218,-0.011466910136018,0.38036699439920535,0.9920207133791297,20
680,Abbott,Warret,18,awarretiv@yahoo.co.jp,Indonesia,47,58,68,57,-1.5544240249459609,-0.10594613665789376,0.3308289148197423,0.5811590027042582,0.45608299680477543,44
681,Denna,Scorrer,19,dscorreriw@uiuc.edu,Norway,17,72,30,39,-1.1148244703797956,-1.1456530714753,0.8100430697578067,-0.6905237165610771,-0.6157924363439331,79
682,Madonna,Lydster,24,mlydsterix@who.int,China,65,43,13,40,1.0831733024510304,0.5178780242325499,-0.18261482261389816,-1.2594344067587273,-0.5562438011690048,19
683,Wake,Meah,25,wmeahiy@wikimedia.org,Czech Republic,39,34,10,27,1.5227728570171957,-0.38320131927586876,-0.49068106507408243,-1.3598304109112538,-1.3303760584430722,26
684,Kris,Parysowna,18,kparysownaiz@diigo.com,Nigeria,9,42,36,29,-1.5544240249459609,-1.422908254093275,-0.21684440510947417,-0.4897317082560242,-1.2112787880932157,78
685,Zoe,Rosendale,24,zrosendalej0@goo.ne.jp,China,66,71,73,70,1.0831733024510304,0.5525349220597968,0.7758134872622306,0.7484856762918024,1.2302152540788427,19
686,Roshelle,Beggini,19,rbegginij1@ox.ac.uk,Philippines,70,99,56,75,-1.1148244703797956,0.6911625133687843,1.7342417971383595,0.17957498609415237,1.5279584299534839,85
687,Andriana,O'Kieran,25,aokieranj2@arstechnica.com,China,4,35,42,27,1.5227728570171957,-1.5961927432295093,-0.4564514825785064,-0.28893969995097124,-1.3303760584430722,19
688,Tallulah,Flippini,25,tflippinij3@aboutads.info,Malaysia,30,39,91,53,1.5227728570171957,-0.6951133997210907,-0.3195331525962023,1.3508617012069613,0.2178884561050624,63
689,Elspeth,Crawley,19,ecrawleyj4@uiuc.edu,Indonesia,9,25,30,21,-1.1148244703797956,-1.422908254093275,-0.7987473075342667,-0.6905237165610771,-1.6876678694926417,44
690,Gina,Ponter,20,gponterj5@fema.gov,Indonesia,68,12,1,27,-0.6752249158136304,0.6218487177142906,-1.2437318799767552,-1.6610184233688332,-1.3303760584430722,44
691,Freeman,McDool,20,fmcdoolj6@linkedin.com,China,38,93,36,55,-0.6752249158136304,-0.41785821710311566,1.5288643021649033,-0.4897317082560242,0.3369857264549189,19
692,Clementia,Baudouin,20,cbaudouinj7@washingtonpost.com,Ukraine,85,92,22,66,-0.6752249158136304,1.2110159807774874,1.4946347196693273,-0.9582463943011478,0.9920207133791297,109
693,Charmine,McKillop,22,cmckillopj8@theglobeandmail.com,Democratic Republic of the Congo,97,68,18,61,0.20397419331870006,1.62689875470445,0.6731247397755026,-1.092107733171183,0.6942775375044884,27
694,Doris,Gietz,22,dgietzj9@drupal.org,Peru,69,87,36,64,0.20397419331870006,0.6565056155415374,1.3234868071914472,-0.4897317082560242,0.8729234430292732,84
695,Warde,Assaf,21,wassafja@marriott.com,Ivory Coast,36,100,4,46,-0.23562536124746516,-0.4871720127576094,1.7684713796339355,-1.5606224192163067,-0.19895199011943535,49
696,Spencer,Klos,20,sklosjb@admin.ch,Sweden,88,78,1,55,-0.6752249158136304,1.314986674259228,1.0154205647312629,-1.6610184233688332,0.3369857264549189,101
697,Dody,Odom,22,dodomjc@tmall.com,Philippines,45,66,30,47,0.20397419331870006,-0.1752599323123875,0.6046655747843506,-0.6905237165610771,-0.1394033549445071,85
698,Elinor,Billington,18,ebillingtonjd@google.com,Philippines,64,4,72,46,-1.5544240249459609,0.48322112640530307,-1.5175685399413634,0.7150203415742936,-0.19895199011943535,85
699,Devan,Barwell,25,dbarwellje@wsj.com,China,82,99,84,88,1.5227728570171957,1.1070452872957468,1.7342417971383595,1.1166043581843996,2.302090687227551,19
700,Antoni,Cobelli,22,acobellijf@ifeng.com,Tanzania,51,43,32,42,0.20397419331870006,0.032681454651093726,-0.18261482261389816,-0.6235930471260596,-0.43714653081914834,105
701,Morganica,Ferry,24,mferryjg@deviantart.com,Nigeria,13,46,2,20,1.0831733024510304,-1.2842806627842875,-0.07992607512717007,-1.6275530886513243,-1.7472165046675698,78
702,Vaclav,Dunston,24,vdunstonjh@zimbio.com,Greece,66,88,92,82,1.0831733024510304,0.5525349220597968,1.3577163896870232,1.3843270359244702,1.9447988761779818,39
703,Ginelle,Yackiminie,18,gyackiminieji@shinystat.com,Greece,72,61,98,77,-1.5544240249459609,0.7604763090232781,0.4335176623064704,1.585119044229523,1.6470557003033404,39
704,Kinnie,Mewrcik,18,kmewrcikjj@moonfruit.com,Israel,17,8,2,9,-1.5544240249459609,-1.1456530714753,-1.3806502099590592,-1.6275530886513243,-2.4022514915917808,48
705,Pierrette,Pagon,18,ppagonjk@ucla.edu,China,90,33,64,62,-1.5544240249459609,1.3843004699137218,-0.5249106475696584,0.447297663834223,0.7538261726794167,19
706,Yuri,Argrave,23,yargravejl@cargocollective.com,Ecuador,96,38,65,66,0.6435737478848653,1.592241856877203,-0.3537627350917783,0.4807629985517318,0.9920207133791297,30
707,Shirleen,Dorset,22,sdorsetjm@sciencedaily.com,Bosnia and Herzegovina,47,72,46,55,0.20397419331870006,-0.10594613665789376,0.8100430697578067,-0.15507836108093592,0.3369857264549189,10
708,Hyacinthe,Demonge,21,hdemongejn@clickbank.net,China,62,4,8,24,-0.23562536124746516,0.4139073307508093,-1.5175685399413634,-1.4267610803462714,-1.5090219639678568,19
709,Mirella,MacGill,23,mmacgilljo@unblog.fr,Morocco,58,25,85,56,0.6435737478848653,0.2752797394418218,-0.7987473075342667,1.1500696929019083,0.3965343616298472,72
710,Lissa,Challenor,25,lchallenorjp@artisteer.com,Philippines,68,4,14,28,1.5227728570171957,0.6218487177142906,-1.5175685399413634,-1.2259690720412184,-1.2708274232681438,85
711,Tallie,Bencher,21,tbencherjq@cpanel.net,Philippines,29,9,85,41,-0.23562536124746516,-0.7297702975483374,-1.3464206274634831,1.1500696929019083,-0.4966951659940766,85
712,Shandeigh,Dougal,25,sdougaljr@google.co.jp,Philippines,10,25,92,42,1.5227728570171957,-1.3882513562660281,-0.7987473075342667,1.3843270359244702,-0.43714653081914834,85
713,Riannon,Mortel,23,rmorteljs@opera.com,Lithuania,85,91,58,78,0.6435737478848653,1.2110159807774874,1.4604051371737514,0.24650565552917,1.7066043354782687,59
714,Kaspar,Masey,24,kmaseyjt@blog.com,Philippines,11,24,95,43,1.0831733024510304,-1.3535944584387811,-0.8329768900298428,1.4847230400769966,-0.3775978956442201,85
715,Blanch,Gandar,18,bgandarju@nymag.com,Netherlands,9,43,29,27,-1.5544240249459609,-1.422908254093275,-0.18261482261389816,-0.723989051278586,-1.3303760584430722,74
716,Zebadiah,Chilcotte,21,zchilcottejv@jiathis.com,China,8,92,39,46,-0.23562536124746516,-1.457565151920522,1.4946347196693273,-0.3893357041034977,-0.19895199011943535,19
717,Dreddy,Stowte,20,dstowtejw@bluehost.com,United States,89,54,20,54,-0.6752249158136304,1.349643572086475,0.19391058483743817,-1.0251770637361655,0.27743709127999067,111
718,Daria,Meakes,23,dmeakesjx@skype.com,Indonesia,57,2,72,43,0.6435737478848653,0.24062284161457498,-1.5860277049325153,0.7150203415742936,-0.3775978956442201,44
719,Arnoldo,Gingles,23,aginglesjy@baidu.com,Malaysia,78,63,25,55,0.6435737478848653,0.9684176959867593,0.5019768272976225,-0.8578503901486213,0.3369857264549189,63
720,Katrinka,Castanho,19,kcastanhojz@altervista.org,South Africa,6,68,93,55,-1.1148244703797956,-1.5268789475750155,0.6731247397755026,1.417792370641979,0.3369857264549189,96
721,Monte,Jeanel,25,mjeanelk0@bloglovin.com,Russia,83,44,55,60,1.5227728570171957,1.1417021851229936,-0.14838524011832213,0.14610965137664353,0.6347289023295601,90
722,Fulvia,Lyons,19,flyonsk1@apache.org,Zimbabwe,16,69,84,56,-1.1148244703797956,-1.180309969302547,0.7073543222710786,1.1166043581843996,0.3965343616298472,117
723,Joannes,Iacomini,24,jiacominik2@cdbaby.com,Mongolia,56,80,74,70,1.0831733024510304,0.2059659437873281,1.083879729722415,0.7819510110093113,1.2302152540788427,71
724,Brocky,MacMorland,20,bmacmorlandk3@huffingtonpost.com,Azerbaijan,53,80,42,58,-0.6752249158136304,0.10199525030558748,1.083879729722415,-0.28893969995097124,0.5156316319797036,6
725,Isidora,Garrattley,18,igarrattleyk4@exblog.jp,Canada,21,81,92,64,-1.5544240249459609,-1.0070254801663125,1.118109312217991,1.3843270359244702,0.8729234430292732,15
726,Micky,Benkin,18,mbenkink5@weebly.com,France,69,27,96,64,-1.5544240249459609,0.6565056155415374,-0.7302881425431147,1.5181883747945055,0.8729234430292732,36
727,Wenonah,Carp,22,wcarpk6@twitpic.com,Dominican Republic,90,85,61,78,0.20397419331870006,1.3843004699137218,1.255027642200295,0.3469016596816965,1.7066043354782687,29
728,Brandy,Halle,25,bhallek7@economist.com,Thailand,53,87,23,54,1.5227728570171957,0.10199525030558748,1.3234868071914472,-0.924781059583639,0.27743709127999067,106
729,Torin,Woodfield,20,twoodfieldk8@alexa.com,Portugal,51,75,76,67,-0.6752249158136304,0.032681454651093726,0.9127318172445348,0.8488816804443289,1.0515693485540578,87
730,Minnnie,Bail,25,mbailk9@example.com,China,93,21,56,56,1.5227728570171957,1.4882711633954624,-0.9356656375165708,0.17957498609415237,0.3965343616298472,19
731,Wakefield,Isaac,19,wisaacka@weebly.com,Libya,54,83,81,72,-1.1148244703797956,0.13665214813283436,1.1865684772091432,1.0162083540318732,1.3493125244286992,58
732,Langsdon,Curro,18,lcurrokb@engadget.com,China,6,82,40,42,-1.5544240249459609,-1.5268789475750155,1.152338894713567,-0.35587036938598887,-0.43714653081914834,19
733,Vannie,Whatsize,18,vwhatsizekc@ucoz.ru,United States,15,35,86,45,-1.5544240249459609,-1.2149668671297937,-0.4564514825785064,1.1835350276194172,-0.25850062529436363,111
734,Jeremie,Dible,25,jdiblekd@networksolutions.com,Brazil,79,18,64,53,1.5227728570171957,1.0030745938140062,-1.038354385003299,0.447297663834223,0.2178884561050624,12
735,Hendrika,Venes,18,hveneske@huffingtonpost.com,China,77,58,7,47,-1.5544240249459609,0.9337607981595124,0.3308289148197423,-1.4602264150637803,-0.1394033549445071,19
736,Hermia,Bruffell,20,hbruffellkf@tmall.com,China,56,24,54,44,-0.6752249158136304,0.2059659437873281,-0.8329768900298428,0.1126443166591347,-0.31804926046929183,19
737,Abe,Bartolomeu,21,abartolomeukg@microsoft.com,Indonesia,78,97,96,90,-0.23562536124746516,0.9684176959867593,1.6657826321472076,1.5181883747945055,2.421187957577408,44
738,Sylvan,Ors,21,sorskh@home.pl,Liberia,54,48,33,45,-0.23562536124746516,0.13665214813283436,-0.011466910136018,-0.5901277124085507,-0.25850062529436363,57
739,Vinni,Gosneye,24,vgosneyeki@usatoday.com,Poland,97,48,94,79,1.0831733024510304,1.62689875470445,-0.011466910136018,1.4512577053594877,1.7661529706531969,86
740,Giffy,Selcraig,21,gselcraigkj@cdc.gov,China,93,80,95,89,-0.23562536124746516,1.4882711633954624,1.083879729722415,1.4847230400769966,2.3616393224024796,19
741,Westbrook,McGinnell,22,wmcginnellkk@photobucket.com,France,77,16,17,36,0.20397419331870006,0.9337607981595124,-1.106813549994451,-1.125573067888692,-0.7944383418687179,36
742,Tandy,Varndall,21,tvarndallkl@theatlantic.com,Indonesia,22,27,93,47,-0.23562536124746516,-0.9723685823390656,-0.7302881425431147,1.417792370641979,-0.1394033549445071,44
743,Bernie,Bowe,18,bbowekm@theglobeandmail.com,Brazil,8,89,62,53,-1.5544240249459609,-1.457565151920522,1.3919459721825993,0.38036699439920535,0.2178884561050624,12
744,Agnola,Crone,24,acronekn@instagram.com,Kyrgyzstan,69,22,81,57,1.0831733024510304,0.6565056155415374,-0.9014360550209948,1.0162083540318732,0.45608299680477543,55
745,Kaiser,Tyzack,25,ktyzackko@merriam-webster.com,Cuba,33,88,47,56,1.5227728570171957,-0.59114270623935,1.3577163896870232,-0.12161302636342709,0.3965343616298472,24
746,Millard,Tofts,24,mtoftskp@google.pl,Vietnam,7,39,22,22,1.0831733024510304,-1.4922220497477687,-0.3195331525962023,-0.9582463943011478,-1.6281192343177133,114
747,Margi,Chuter,20,mchuterkq@ibm.com,China,91,10,99,66,-0.6752249158136304,1.4189573677409686,-1.312191044967907,1.618584378947032,0.9920207133791297,19
748,Haleigh,Antrum,25,hantrumkr@posterous.com,China,56,53,87,65,1.5227728570171957,0.2059659437873281,0.15968100234186217,1.217000362336926,0.9324720782042014,19
749,Gare,Skoate,25,gskoateks@home.pl,Ukraine,48,19,3,23,1.5227728570171957,-0.07128923883064689,-1.004124802507723,-1.5940877539338156,-1.5685705991427852,109
750,Lara,Brannan,22,lbrannankt@google.ca,Israel,14,89,59,54,0.20397419331870006,-1.2496237649570405,1.3919459721825993,0.2799709902466788,0.27743709127999067,48
751,Dukey,Paolino,23,dpaolinoku@ted.com,China,7,68,48,41,0.6435737478848653,-1.4922220497477687,0.6731247397755026,-0.08814769164591826,-0.4966951659940766,19
752,Maddie,Penritt,23,mpenrittkv@umn.edu,Russia,62,75,5,47,0.6435737478848653,0.4139073307508093,0.9127318172445348,-1.5271570844987978,-0.1394033549445071,90
753,Darelle,Greedier,19,dgreedierkw@netlog.com,China,45,67,36,49,-1.1148244703797956,-0.1752599323123875,0.6388951572799266,-0.4897317082560242,-0.020306084594650598,19
754,Zollie,Bissett,22,zbissettkx@economist.com,Guatemala,93,29,94,72,0.20397419331870006,1.4882711633954624,-0.6618289775519626,1.4512577053594877,1.3493125244286992,41
755,Arleen,Stroyan,25,astroyanky@google.com.br,Indonesia,35,78,86,66,1.5227728570171957,-0.5218289105848563,1.0154205647312629,1.1835350276194172,0.9920207133791297,44
756,Gretal,Deuss,20,gdeusskz@accuweather.com,Tunisia,62,54,28,48,-0.6752249158136304,0.4139073307508093,0.19391058483743817,-0.7574543859960948,-0.07985471976957885,108
757,Ethelbert,Coltart,20,ecoltartl0@ihg.com,United States,48,59,99,68,-0.6752249158136304,-0.07128923883064689,0.36505849731531836,1.618584378947032,1.1111179837289862,111
758,Geoff,Clemenzo,18,gclemenzol1@google.ca,Thailand,68,7,10,28,-1.5544240249459609,0.6218487177142906,-1.4148797924546352,-1.3598304109112538,-1.2708274232681438,106
759,Valentine,Staddon,20,vstaddonl2@is.gd,Indonesia,42,75,2,39,-0.6752249158136304,-0.27923062579412816,0.9127318172445348,-1.6275530886513243,-0.6157924363439331,44
760,Deva,Splevin,23,dsplevinl3@upenn.edu,Philippines,60,63,1,41,0.6435737478848653,0.3445935350963156,0.5019768272976225,-1.6610184233688332,-0.4966951659940766,85
761,Gloria,Ricciardiello,23,gricciardiellol4@comcast.net,China,20,100,49,56,0.6435737478848653,-1.0416823779935593,1.7684713796339355,-0.054682356928409434,0.3965343616298472,19
762,Genna,Klossmann,23,gklossmannl5@bigcartel.com,Philippines,9,15,86,36,0.6435737478848653,-1.422908254093275,-1.141043132490027,1.1835350276194172,-0.7944383418687179,85
763,Cathi,Groomebridge,25,cgroomebridgel6@youtube.com,China,87,11,79,59,1.5227728570171957,1.2803297764319812,-1.2779614624723312,0.9492776845968554,0.5751802671546319,19
764,Wash,Roocroft,18,wroocroftl7@samsung.com,Sweden,40,59,46,48,-1.5544240249459609,-0.3485444214486219,0.36505849731531836,-0.15507836108093592,-0.07985471976957885,101
765,Yorgo,Leaver,18,yleaverl8@booking.com,Bulgaria,58,11,81,50,-1.5544240249459609,0.2752797394418218,-1.2779614624723312,1.0162083540318732,0.03924255058027765,13
766,Gregg,Henrys,19,ghenrysl9@wufoo.com,Venezuela,100,39,76,71,-1.1148244703797956,1.7308694481861906,-0.3195331525962023,0.8488816804443289,1.2897638892537708,113
767,Tami,Whitehouse,24,twhitehousela@discovery.com,United States,80,29,31,46,1.0831733024510304,1.037731491641253,-0.6618289775519626,-0.6570583818435684,-0.19895199011943535,111
768,Hillard,Futter,20,hfutterlb@naver.com,Peru,65,36,30,43,-0.6752249158136304,0.5178780242325499,-0.42222190008293037,-0.6905237165610771,-0.3775978956442201,84
769,Alissa,Wadforth,18,awadforthlc@earthlink.net,Colombia,0,15,10,8,-1.5544240249459609,-1.734820334538497,-1.141043132490027,-1.3598304109112538,-2.461800126766709,20
770,Arthur,Hindes,22,ahindesld@google.co.uk,Canada,27,88,63,59,0.20397419331870006,-0.7990840932028312,1.3577163896870232,0.41383232911671414,0.5751802671546319,15
771,Karly,Mamwell,21,kmamwellle@rambler.ru,Kuwait,87,13,66,55,-0.23562536124746516,1.2803297764319812,-1.209502297481179,0.5142283332692407,0.3369857264549189,54
772,Alvis,Kidwell,18,akidwelllf@issuu.com,Argentina,99,55,86,80,-1.5544240249459609,1.6962125503589436,0.2281401673330142,1.1835350276194172,1.8257016058281252,2
773,Spike,Fishburn,22,sfishburnlg@desdev.cn,Martinique,69,75,71,71,0.20397419331870006,0.6565056155415374,0.9127318172445348,0.6815550068567848,1.2897638892537708,66
774,Travis,Colliber,24,tcolliberlh@fda.gov,Poland,13,62,15,30,1.0831733024510304,-1.2842806627842875,0.46774724480204644,-1.1925037373237095,-1.1517301529182873,86
775,Frederik,Batalini,22,fbatalinili@feedburner.com,Brazil,46,2,38,28,0.20397419331870006,-0.14060303448514064,-1.5860277049325153,-0.42280103882100656,-1.2708274232681438,12
776,Evelina,Stallworth,23,estallworthlj@archive.org,Nigeria,72,85,80,79,0.6435737478848653,0.7604763090232781,1.255027642200295,0.9827430193143643,1.7661529706531969,78
777,Jaimie,MacGowan,19,jmacgowanlk@nasa.gov,France,11,63,48,40,-1.1148244703797956,-1.3535944584387811,0.5019768272976225,-0.08814769164591826,-0.5562438011690048,36
778,Marcelle,Seegar,20,mseegarll@xrea.com,Greece,96,64,97,85,-0.6752249158136304,1.592241856877203,0.5362064097931984,1.5516537095120144,2.1234447817027666,39
779,Mallory,Eady,20,meadylm@mozilla.org,Russia,72,74,64,70,-0.6752249158136304,0.7604763090232781,0.8785022347489588,0.447297663834223,1.2302152540788427,90
780,Noella,Barrowclough,22,nbarrowcloughln@plala.or.jp,United States,80,100,28,69,0.20397419331870006,1.037731491641253,1.7684713796339355,-0.7574543859960948,1.1706666189039143,111
781,Tore,Tindle,21,ttindlelo@cisco.com,Portugal,44,18,42,34,-0.23562536124746516,-0.20991683013963439,-1.038354385003299,-0.28893969995097124,-0.9135356122185744,87
782,Ailis,Boeck,25,aboecklp@parallels.com,Czech Republic,43,95,79,72,1.5227728570171957,-0.24457372796688126,1.5973234671560554,0.9492776845968554,1.3493125244286992,26
783,Viviene,Cheson,21,vchesonlq@columbia.edu,Togo,31,54,89,58,-0.23562536124746516,-0.6604565018938438,0.19391058483743817,1.2839310317719437,0.5156316319797036,107
784,Lory,Whitcher,21,lwhitcherlr@fastcompany.com,Mexico,83,57,4,48,-0.23562536124746516,1.1417021851229936,0.2965993323241663,-1.5606224192163067,-0.07985471976957885,69
785,Susannah,Baudacci,22,sbaudaccils@npr.org,Russia,21,25,39,28,0.20397419331870006,-1.0070254801663125,-0.7987473075342667,-0.3893357041034977,-1.2708274232681438,90
786,Neilla,Humfrey,23,nhumfreylt@usatoday.com,Jordan,0,68,48,38,0.6435737478848653,-1.734820334538497,0.6731247397755026,-0.08814769164591826,-0.6753410715188614,51
787,Dun,Scotland,23,dscotlandlu@geocities.com,Albania,58,26,85,56,0.6435737478848653,0.2752797394418218,-0.7645177250386906,1.1500696929019083,0.3965343616298472,1
788,Melisent,Size,20,msizelv@twitter.com,Indonesia,92,30,12,44,-0.6752249158136304,1.4536142655682156,-0.6275993950563865,-1.292899741476236,-0.31804926046929183,44
789,Millisent,Conws,25,mconwslw@sciencedirect.com,Poland,68,53,4,41,1.5227728570171957,0.6218487177142906,0.15968100234186217,-1.5606224192163067,-0.4966951659940766,86
790,Fallon,Carragher,21,fcarragherlx@google.co.jp,China,35,79,47,53,-0.23562536124746516,-0.5218289105848563,1.049650147226839,-0.12161302636342709,0.2178884561050624,19
791,Ulysses,Czajka,20,uczajkaly@lulu.com,Philippines,26,33,56,38,-0.6752249158136304,-0.8337409910300781,-0.5249106475696584,0.17957498609415237,-0.6753410715188614,85
792,Jard,Kerwood,19,jkerwoodlz@imageshack.us,Uzbekistan,87,44,13,48,-1.1148244703797956,1.2803297764319812,-0.14838524011832213,-1.2594344067587273,-0.07985471976957885,112
793,Koralle,Kellington,18,kkellingtonm0@merriam-webster.com,Russia,64,10,36,36,-1.5544240249459609,0.48322112640530307,-1.312191044967907,-0.4897317082560242,-0.7944383418687179,90
794,Trixie,Pitway,22,tpitwaym1@state.tx.us,Nigeria,36,77,37,50,0.20397419331870006,-0.4871720127576094,0.9811909822356869,-0.45626637353851535,0.03924255058027765,78
795,Vonny,Anthonies,20,vanthoniesm2@wordpress.org,Indonesia,76,52,32,53,-0.6752249158136304,0.8991039003322656,0.12545141984628613,-0.6235930471260596,0.2178884561050624,44
796,Ariela,Mateos,25,amateosm3@state.tx.us,Brazil,23,14,33,23,1.5227728570171957,-0.9377116845118187,-1.175272714985603,-0.5901277124085507,-1.5685705991427852,12
797,Letizia,Staves,20,lstavesm4@shutterfly.com,Afghanistan,8,32,56,32,-0.6752249158136304,-1.457565151920522,-0.5591402300652345,0.17957498609415237,-1.0326328825684308,0
798,Fionna,Whapples,21,fwhapplesm5@squarespace.com,Peru,97,81,46,74,-0.23562536124746516,1.62689875470445,1.118109312217991,-0.15507836108093592,1.4684097947785557,84
799,Abbe,Reitenbach,19,areitenbachm6@wunderground.com,Nigeria,40,53,25,39,-1.1148244703797956,-0.3485444214486219,0.15968100234186217,-0.8578503901486213,-0.6157924363439331,78
800,Gretchen,Barzen,24,gbarzenm7@google.ru,Serbia,3,31,92,42,1.0831733024510304,-1.6308496410567561,-0.5933698125608106,1.3843270359244702,-0.43714653081914834,93
801,Sheffie,Grigolli,25,sgrigollim8@mac.com,Chile,47,34,20,33,1.5227728570171957,-0.10594613665789376,-0.49068106507408243,-1.0251770637361655,-0.9730842473935026,18
802,Hendrik,Heinert,21,hheinertm9@fema.gov,Poland,14,59,17,30,-0.23562536124746516,-1.2496237649570405,0.36505849731531836,-1.125573067888692,-1.1517301529182873,86
803,Josh,Lofthouse,24,jlofthousema@360.cn,Colombia,70,24,71,55,1.0831733024510304,0.6911625133687843,-0.8329768900298428,0.6815550068567848,0.3369857264549189,20
804,Aeriela,Heeley,22,aheeleymb@dion.ne.jp,United States,15,44,93,50,0.20397419331870006,-1.2149668671297937,-0.14838524011832213,1.417792370641979,0.03924255058027765,111
805,Trish,Drynan,24,tdrynanmc@ibm.com,Philippines,41,81,41,54,1.0831733024510304,-0.313887523621375,1.118109312217991,-0.3224050346684801,0.27743709127999067,85
806,Kynthia,Fancutt,19,kfancuttmd@chron.com,Poland,12,38,83,44,-1.1148244703797956,-1.3189375606115343,-0.3537627350917783,1.0831390234668907,-0.31804926046929183,86
807,Francene,BURWIN,23,fburwinme@gov.uk,Lithuania,9,92,6,35,0.6435737478848653,-1.422908254093275,1.4946347196693273,-1.493691749781289,-0.8539869770436461,59
808,Danica,Zincke,23,dzinckemf@tripadvisor.com,Saudi Arabia,10,24,87,40,0.6435737478848653,-1.3882513562660281,-0.8329768900298428,1.217000362336926,-0.5562438011690048,91
809,Izabel,Lowdham,22,ilowdhammg@home.pl,Bulgaria,11,97,18,42,0.20397419331870006,-1.3535944584387811,1.6657826321472076,-1.092107733171183,-0.43714653081914834,13
810,Pierre,Leathlay,20,pleathlaymh@upenn.edu,China,90,42,14,48,-0.6752249158136304,1.3843004699137218,-0.21684440510947417,-1.2259690720412184,-0.07985471976957885,19
811,Daffy,Firmager,19,dfirmagermi@pbs.org,Indonesia,63,50,58,57,-1.1148244703797956,0.4485642285780562,0.05699225485513406,0.24650565552917,0.45608299680477543,44
812,Nancee,Brew,25,nbrewmj@msu.edu,Morocco,29,44,83,52,1.5227728570171957,-0.7297702975483374,-0.14838524011832213,1.0831390234668907,0.15833982093013416,72
813,Tristan,Ryde,20,trydemk@sitemeter.com,Argentina,28,35,99,54,-0.6752249158136304,-0.7644271953755843,-0.4564514825785064,1.618584378947032,0.27743709127999067,2
814,Nickolaus,Bernaert,23,nbernaertml@europa.eu,Colombia,6,56,25,29,0.6435737478848653,-1.5268789475750155,0.26236974982859024,-0.8578503901486213,-1.2112787880932157,20
815,Cchaddie,Boncoeur,20,cboncoeurmm@shareasale.com,United States,44,94,53,63,-0.6752249158136304,-0.20991683013963439,1.5630938846604794,0.07917898194162587,0.8133748078543449,111
816,Liane,Greedier,22,lgreediermn@shop-pro.jp,Morocco,58,56,78,64,0.20397419331870006,0.2752797394418218,0.26236974982859024,0.9158123498793466,0.8729234430292732,72
817,Craggie,Cardno,23,ccardnomo@odnoklassniki.ru,Thailand,94,58,20,57,0.6435737478848653,1.5229280612227094,0.3308289148197423,-1.0251770637361655,0.45608299680477543,106
818,Nikaniki,Ronchetti,21,nronchettimp@usa.gov,Bosnia and Herzegovina,93,16,24,44,-0.23562536124746516,1.4882711633954624,-1.106813549994451,-0.8913157248661301,-0.31804926046929183,10
819,Aleece,Swyer-Sexey,22,aswyersexeymq@dell.com,China,58,8,3,23,0.20397419331870006,0.2752797394418218,-1.3806502099590592,-1.5940877539338156,-1.5685705991427852,19
820,Mari,Binnes,20,mbinnesmr@goo.gl,Ireland,70,9,38,39,-0.6752249158136304,0.6911625133687843,-1.3464206274634831,-0.42280103882100656,-0.6157924363439331,47
821,Dallas,Feeley,18,dfeeleyms@ca.gov,Poland,13,40,96,49,-1.5544240249459609,-1.2842806627842875,-0.28530357010062624,1.5181883747945055,-0.020306084594650598,86
822,Melisa,Mathewes,22,mmathewesmt@unesco.org,Czech Republic,50,17,73,46,0.20397419331870006,-0.0019754431761531467,-1.0725839674988749,0.7484856762918024,-0.19895199011943535,26
823,Nessa,Callaway,22,ncallawaymu@twitter.com,Poland,99,40,7,48,0.20397419331870006,1.6962125503589436,-0.28530357010062624,-1.4602264150637803,-0.07985471976957885,86
824,Craggy,Cayette,18,ccayettemv@ehow.com,China,34,82,71,62,-1.5544240249459609,-0.5564858084121032,1.152338894713567,0.6815550068567848,0.7538261726794167,19
825,Emmi,Braunston,25,ebraunstonmw@youku.com,Croatia,7,81,17,35,1.5227728570171957,-1.4922220497477687,1.118109312217991,-1.125573067888692,-0.8539869770436461,23
826,Grethel,Matushevitz,23,gmatushevitzmx@huffingtonpost.com,Indonesia,26,93,87,68,0.6435737478848653,-0.8337409910300781,1.5288643021649033,1.217000362336926,1.1111179837289862,44
827,Herbie,McDell,20,hmcdellmy@eepurl.com,China,88,36,67,63,-0.6752249158136304,1.314986674259228,-0.42222190008293037,0.5476936679867495,0.8133748078543449,19
828,Berte,Alfonso,25,balfonsomz@kickstarter.com,Chile,98,43,26,55,1.5227728570171957,1.6615556525316968,-0.18261482261389816,-0.8243850554311125,0.3369857264549189,18
829,Bowie,Tibbotts,18,btibbottsn0@hhs.gov,United States,44,70,79,64,-1.5544240249459609,-0.20991683013963439,0.7415839047666547,0.9492776845968554,0.8729234430292732,111
830,Pearle,Bolderoe,22,pbolderoen1@guardian.co.uk,Peru,11,34,14,19,0.20397419331870006,-1.3535944584387811,-0.49068106507408243,-1.2259690720412184,-1.8067651398424982,84
831,Egor,Mattisssen,25,emattisssenn2@gravatar.com,Peru,19,22,59,33,1.5227728570171957,-1.0763392758208061,-0.9014360550209948,0.2799709902466788,-0.9730842473935026,84
832,Alejoa,Panketh,18,apankethn3@google.ru,Ukraine,37,70,3,36,-1.5544240249459609,-0.4525151149303625,0.7415839047666547,-1.5940877539338156,-0.7944383418687179,109
833,Emmeline,Boocock,18,eboocockn4@ted.com,Peru,20,28,18,22,-1.5544240249459609,-1.0416823779935593,-0.6960585600475386,-1.092107733171183,-1.6281192343177133,84
834,Mora,McKerlie,25,mmckerlien5@delicious.com,Peru,95,56,87,79,1.5227728570171957,1.5575849590499562,0.26236974982859024,1.217000362336926,1.7661529706531969,84
835,Ilyssa,Geraldini,23,igeraldinin6@yahoo.com,China,93,61,14,56,0.6435737478848653,1.4882711633954624,0.4335176623064704,-1.2259690720412184,0.3965343616298472,19
836,Nickolaus,Grissett,23,ngrissettn7@mashable.com,China,69,3,11,27,0.6435737478848653,0.6565056155415374,-1.5517981224369395,-1.3263650761937449,-1.3303760584430722,19
837,Virgie,Nowaczyk,19,vnowaczykn8@google.com.br,Brazil,75,61,76,70,-1.1148244703797956,0.8644470025050187,0.4335176623064704,0.8488816804443289,1.2302152540788427,12
838,Maude,Darrington,24,mdarringtonn9@mapy.cz,Portugal,51,74,100,75,1.0831733024510304,0.032681454651093726,0.8785022347489588,1.652049713664541,1.5279584299534839,87
839,Purcell,Delgado,23,pdelgadona@auda.org.au,Canada,22,53,88,54,0.6435737478848653,-0.9723685823390656,0.15968100234186217,1.2504656970544348,0.27743709127999067,15
840,Phyllis,Cammidge,22,pcammidgenb@noaa.gov,Thailand,56,86,1,47,0.20397419331870006,0.2059659437873281,1.2892572246958711,-1.6610184233688332,-0.1394033549445071,106
841,Colene,Masarrat,23,cmasarratnc@plala.or.jp,Madagascar,8,16,9,11,0.6435737478848653,-1.457565151920522,-1.106813549994451,-1.3932957456287625,-2.283154221241924,62
842,West,Caulcott,24,wcaulcottnd@businessinsider.com,United States,48,33,85,55,1.0831733024510304,-0.07128923883064689,-0.5249106475696584,1.1500696929019083,0.3369857264549189,111
843,Maudie,Sugden,21,msugdenne@lulu.com,United Kingdom,38,9,52,33,-0.23562536124746516,-0.41785821710311566,-1.3464206274634831,0.04571364722411705,-0.9730842473935026,110
844,Harlan,Dougharty,23,hdoughartynf@howstuffworks.com,Pakistan,92,46,31,56,0.6435737478848653,1.4536142655682156,-0.07992607512717007,-0.6570583818435684,0.3965343616298472,80
845,Jarvis,Duligal,23,jduligalng@admin.ch,Peru,34,43,14,30,0.6435737478848653,-0.5564858084121032,-0.18261482261389816,-1.2259690720412184,-1.1517301529182873,84
846,Jeffry,Wabersich,19,jwabersichnh@microsoft.com,Portugal,61,55,45,53,-1.1148244703797956,0.3792504329235625,0.2281401673330142,-0.18854369579844474,0.2178884561050624,87
847,Marisa,Vallow,21,mvallowni@dmoz.org,Finland,70,41,36,49,-0.23562536124746516,0.6911625133687843,-0.25107398760505023,-0.4897317082560242,-0.020306084594650598,35
848,Sybille,Winslow,20,swinslownj@godaddy.com,Costa Rica,60,41,21,40,-0.6752249158136304,0.3445935350963156,-0.25107398760505023,-0.9917117290186567,-0.5562438011690048,22
849,Ruperto,Onn,25,ronnnk@kickstarter.com,Luxembourg,78,91,48,72,1.5227728570171957,0.9684176959867593,1.4604051371737514,-0.08814769164591826,1.3493125244286992,60
850,Bernadina,Giacomi,25,bgiacominl@squarespace.com,France,81,34,29,48,1.5227728570171957,1.0723883894685,-0.49068106507408243,-0.723989051278586,-0.07985471976957885,36
851,Brook,Pree,18,bpreenm@wikipedia.org,Indonesia,42,84,30,52,-1.5544240249459609,-0.27923062579412816,1.220798059704719,-0.6905237165610771,0.15833982093013416,44
852,Lilias,Surmeir,25,lsurmeirnn@sun.com,China,14,68,3,28,1.5227728570171957,-1.2496237649570405,0.6731247397755026,-1.5940877539338156,-1.2708274232681438,19
853,Elnore,Justice,23,ejusticeno@ezinearticles.com,Brazil,29,26,64,39,0.6435737478848653,-0.7297702975483374,-0.7645177250386906,0.447297663834223,-0.6157924363439331,12
854,Gaspard,McInulty,18,gmcinultynp@theglobeandmail.com,China,3,65,100,56,-1.5544240249459609,-1.6308496410567561,0.5704359922887745,1.652049713664541,0.3965343616298472,19
855,Gregory,De Haven,19,gdehavennq@army.mil,China,75,33,28,45,-1.1148244703797956,0.8644470025050187,-0.5249106475696584,-0.7574543859960948,-0.25850062529436363,19
856,Georges,Balaison,23,gbalaisonnr@xing.com,Mayotte,6,79,10,31,0.6435737478848653,-1.5268789475750155,1.049650147226839,-1.3598304109112538,-1.0921815177433591,68
857,Milo,Studde,23,mstuddens@imgur.com,Paraguay,95,28,69,64,0.6435737478848653,1.5575849590499562,-0.6960585600475386,0.6146243374217671,0.8729234430292732,83
858,Myrilla,Kachel,18,mkachelnt@smugmug.com,Indonesia,77,46,3,42,-1.5544240249459609,0.9337607981595124,-0.07992607512717007,-1.5940877539338156,-0.43714653081914834,44
859,Joycelin,O'Glessane,22,joglessanenu@upenn.edu,Slovenia,12,3,23,12,0.20397419331870006,-1.3189375606115343,-1.5517981224369395,-0.924781059583639,-2.223605586066996,94
860,Abbi,Mucklestone,20,amucklestonenv@google.it,Indonesia,47,24,1,24,-0.6752249158136304,-0.10594613665789376,-0.8329768900298428,-1.6610184233688332,-1.5090219639678568,44
861,Catarina,Hawford,20,chawfordnw@nymag.com,Sweden,74,71,55,66,-0.6752249158136304,0.8297901046777718,0.7758134872622306,0.14610965137664353,0.9920207133791297,101
862,Lotti,Triggel,22,ltriggelnx@1688.com,Russia,52,11,70,44,0.20397419331870006,0.06733835247834061,-1.2779614624723312,0.6480896721392759,-0.31804926046929183,90
863,Hugo,Van't Hoff,23,hvanthoffny@jimdo.com,Argentina,65,67,66,66,0.6435737478848653,0.5178780242325499,0.6388951572799266,0.5142283332692407,0.9920207133791297,2
864,Tasha,Togher,23,ttoghernz@washington.edu,South Africa,93,48,88,76,0.6435737478848653,1.4882711633954624,-0.011466910136018,1.2504656970544348,1.5875070651284122,96
865,Bronny,Freke,25,bfrekeo0@purevolume.com,Argentina,68,56,60,61,1.5227728570171957,0.6218487177142906,0.26236974982859024,0.31343632496418766,0.6942775375044884,2
866,Haze,Riping,22,hripingo1@drupal.org,Sweden,2,11,9,7,0.20397419331870006,-1.6655065388840031,-1.2779614624723312,-1.3932957456287625,-2.521348761941637,101
867,Avrom,Joannidi,24,ajoannidio2@state.gov,China,92,100,43,78,1.0831733024510304,1.4536142655682156,1.7684713796339355,-0.2554743652334624,1.7066043354782687,19
868,Rozanna,Portigall,21,rportigallo3@bigcartel.com,Honduras,12,58,42,37,-0.23562536124746516,-1.3189375606115343,0.3308289148197423,-0.28893969995097124,-0.7348897066937896,43
869,Agneta,Staniland,21,astanilando4@prnewswire.com,China,44,35,17,32,-0.23562536124746516,-0.20991683013963439,-0.4564514825785064,-1.125573067888692,-1.0326328825684308,19
870,Zelma,Jedrzej,19,zjedrzejo5@opensource.org,Peru,12,52,99,54,-1.1148244703797956,-1.3189375606115343,0.12545141984628613,1.618584378947032,0.27743709127999067,84
871,Raynard,Sallis,19,rsalliso6@state.tx.us,Philippines,28,40,2,23,-1.1148244703797956,-0.7644271953755843,-0.28530357010062624,-1.6275530886513243,-1.5685705991427852,85
872,Joanna,Pirrone,21,jpirroneo7@discovery.com,France,64,53,88,68,-0.23562536124746516,0.48322112640530307,0.15968100234186217,1.2504656970544348,1.1111179837289862,36
873,Gabbi,Twitty,25,gtwittyo8@unicef.org,South Korea,25,74,86,61,1.5227728570171957,-0.8683978888573249,0.8785022347489588,1.1835350276194172,0.6942775375044884,97
874,Noelani,Burnep,20,nburnepo9@moonfruit.com,South Africa,55,92,46,64,-0.6752249158136304,0.17130904596008123,1.4946347196693273,-0.15507836108093592,0.8729234430292732,96
875,Bourke,Veevers,24,bveeversoa@freewebs.com,Russia,39,51,12,34,1.0831733024510304,-0.38320131927586876,0.09122183735071009,-1.292899741476236,-0.9135356122185744,90
876,Darrick,Goullee,25,dgoulleeob@google.cn,Bolivia,78,38,92,69,1.5227728570171957,0.9684176959867593,-0.3537627350917783,1.3843270359244702,1.1706666189039143,9
877,Louella,Helder,23,lhelderoc@amazon.co.uk,Indonesia,71,28,91,63,0.6435737478848653,0.7258194111960312,-0.6960585600475386,1.3508617012069613,0.8133748078543449,44
878,Arley,Shoosmith,21,ashoosmithod@multiply.com,Brazil,9,61,73,47,-0.23562536124746516,-1.422908254093275,0.4335176623064704,0.7484856762918024,-0.1394033549445071,12
879,Alexine,McKeefry,25,amckeefryoe@uol.com.br,France,59,48,34,47,1.5227728570171957,0.3099366372690687,-0.011466910136018,-0.5566623776910419,-0.1394033549445071,36
880,Sarene,Wells,22,swellsof@discovery.com,Ethiopia,66,5,5,25,0.20397419331870006,0.5525349220597968,-1.4833389574457874,-1.5271570844987978,-1.4494733287929287,34
881,Vanda,Ruff,23,vruffog@npr.org,United States,93,20,36,49,0.6435737478848653,1.4882711633954624,-0.9698952200121469,-0.4897317082560242,-0.020306084594650598,111
882,Isac,Andrivot,23,iandrivotoh@shinystat.com,France,11,12,14,12,0.6435737478848653,-1.3535944584387811,-1.2437318799767552,-1.2259690720412184,-2.223605586066996,36
883,Chico,Christensen,21,cchristensenoi@ocn.ne.jp,Dominican Republic,35,49,73,52,-0.23562536124746516,-0.5218289105848563,0.02276267235955803,0.7484856762918024,0.15833982093013416,29
884,Corina,Dran,23,cdranoj@uol.com.br,Russia,20,45,42,35,0.6435737478848653,-1.0416823779935593,-0.11415565762274608,-0.28893969995097124,-0.8539869770436461,90
885,Penn,Donoghue,20,pdonoghueok@slate.com,Ireland,12,82,99,64,-0.6752249158136304,-1.3189375606115343,1.152338894713567,1.618584378947032,0.8729234430292732,47
886,Elmore,Softley,25,esoftleyol@google.com,Czech Republic,99,82,71,84,1.5227728570171957,1.6962125503589436,1.152338894713567,0.6815550068567848,2.063896146527838,26
887,Randal,Mille,23,rmilleom@canalblog.com,Poland,77,3,88,56,0.6435737478848653,0.9337607981595124,-1.5517981224369395,1.2504656970544348,0.3965343616298472,86
888,Dot,Sanz,22,dsanzon@examiner.com,Indonesia,31,89,51,57,0.20397419331870006,-0.6604565018938438,1.3919459721825993,0.01224831250660822,0.45608299680477543,44
889,Korey,Benfell,20,kbenfelloo@mayoclinic.com,Russia,28,98,59,61,-0.6752249158136304,-0.7644271953755843,1.7000122146427836,0.2799709902466788,0.6942775375044884,90
890,Alistair,O'Neary,25,aonearyop@woothemes.com,China,18,45,87,50,1.5227728570171957,-1.1109961736480531,-0.11415565762274608,1.217000362336926,0.03924255058027765,19
891,Kizzie,Yakob,20,kyakoboq@seesaa.net,Finland,53,89,94,78,-0.6752249158136304,0.10199525030558748,1.3919459721825993,1.4512577053594877,1.7066043354782687,35
892,Chad,Alejandro,20,calejandroor@adobe.com,Sri Lanka,14,1,74,29,-0.6752249158136304,-1.2496237649570405,-1.6202572874280914,0.7819510110093113,-1.2112787880932157,99
893,Lorry,Van der Mark,20,lvandermarkos@newsvine.com,Philippines,42,96,92,76,-0.6752249158136304,-0.27923062579412816,1.6315530496516315,1.3843270359244702,1.5875070651284122,85
894,Zandra,Gration,20,zgrationot@pagesperso-orange.fr,Philippines,28,37,72,45,-0.6752249158136304,-0.7644271953755843,-0.38799231758735436,0.7150203415742936,-0.25850062529436363,85
895,Bernetta,Pryer,20,bpryerou@cbslocal.com,Czech Republic,25,19,96,46,-0.6752249158136304,-0.8683978888573249,-1.004124802507723,1.5181883747945055,-0.19895199011943535,26
896,Freddie,Bulley,25,fbulleyov@buzzfeed.com,Indonesia,52,89,22,54,1.5227728570171957,0.06733835247834061,1.3919459721825993,-0.9582463943011478,0.27743709127999067,44
897,Rodd,Caldaro,24,rcaldaroow@dailymotion.com,China,49,45,36,43,1.0831733024510304,-0.03663234100340002,-0.11415565762274608,-0.4897317082560242,-0.3775978956442201,19
898,Kaleb,Mattek,22,kmattekox@photobucket.com,China,45,85,69,66,0.20397419331870006,-0.1752599323123875,1.255027642200295,0.6146243374217671,0.9920207133791297,19
899,Kath,Embra,21,kembraoy@bravesites.com,Russia,64,35,70,56,-0.23562536124746516,0.48322112640530307,-0.4564514825785064,0.6480896721392759,0.3965343616298472,90
900,Slade,Bullent,25,sbullentoz@wiley.com,Sweden,22,4,83,36,1.5227728570171957,-0.9723685823390656,-1.5175685399413634,1.0831390234668907,-0.7944383418687179,101
901,Filide,Druery,21,fdrueryp0@typepad.com,Azerbaijan,96,85,11,64,-0.23562536124746516,1.592241856877203,1.255027642200295,-1.3263650761937449,0.8729234430292732,6
902,Tina,Liveing,18,tliveingp1@google.com.au,Russia,66,46,91,67,-1.5544240249459609,0.5525349220597968,-0.07992607512717007,1.3508617012069613,1.0515693485540578,90
903,Franciskus,Dockrell,20,fdockrellp2@blogger.com,Russia,74,36,35,48,-0.6752249158136304,0.8297901046777718,-0.42222190008293037,-0.523197042973533,-0.07985471976957885,90
904,Bevvy,Taudevin,18,btaudevinp3@hatena.ne.jp,Indonesia,83,72,80,78,-1.5544240249459609,1.1417021851229936,0.8100430697578067,0.9827430193143643,1.7066043354782687,44
905,Barry,Cobleigh,24,bcobleighp4@t.co,Vietnam,56,59,81,65,1.0831733024510304,0.2059659437873281,0.36505849731531836,1.0162083540318732,0.9324720782042014,114
906,Gustie,Udall,19,gudallp5@ehow.com,Myanmar,26,71,7,34,-1.1148244703797956,-0.8337409910300781,0.7758134872622306,-1.4602264150637803,-0.9135356122185744,73
907,Helen,Dericut,18,hdericutp6@people.com.cn,Portugal,92,23,0,38,-1.5544240249459609,1.4536142655682156,-0.8672064725254187,-1.694483758086342,-0.6753410715188614,87
908,Anallise,Dunlop,21,adunlopp7@sakura.ne.jp,Vietnam,4,20,56,26,-0.23562536124746516,-1.5961927432295093,-0.9698952200121469,0.17957498609415237,-1.3899246936180003,114
909,Moishe,Wintle,23,mwintlep8@wikimedia.org,Poland,6,52,52,36,0.6435737478848653,-1.5268789475750155,0.12545141984628613,0.04571364722411705,-0.7944383418687179,86
910,Orton,Burgot,19,oburgotp9@miibeian.gov.cn,Spain,73,13,22,36,-1.1148244703797956,0.7951332068505249,-1.209502297481179,-0.9582463943011478,-0.7944383418687179,98
911,Travus,Measey,19,tmeaseypa@illinois.edu,China,100,47,51,66,-1.1148244703797956,1.7308694481861906,-0.04569649263159403,0.01224831250660822,0.9920207133791297,19
912,Vladamir,Hamshaw,22,vhamshawpb@prweb.com,Afghanistan,69,81,36,62,0.20397419331870006,0.6565056155415374,1.118109312217991,-0.4897317082560242,0.7538261726794167,0
913,Christophorus,Hayle,25,chaylepc@live.com,China,69,74,10,51,1.5227728570171957,0.6565056155415374,0.8785022347489588,-1.3598304109112538,0.0987911857552059,19
914,Purcell,Ledward,18,pledwardpd@rakuten.co.jp,Ukraine,72,78,49,66,-1.5544240249459609,0.7604763090232781,1.0154205647312629,-0.054682356928409434,0.9920207133791297,109
915,Archie,Thundercliffe,23,athundercliffepe@uol.com.br,Sweden,11,33,91,45,0.6435737478848653,-1.3535944584387811,-0.5249106475696584,1.3508617012069613,-0.25850062529436363,101
916,Laurene,Rosenboim,19,lrosenboimpf@creativecommons.org,Pakistan,72,32,25,43,-1.1148244703797956,0.7604763090232781,-0.5591402300652345,-0.8578503901486213,-0.3775978956442201,80
917,Wit,Haggata,24,whaggatapg@163.com,Vietnam,2,10,85,32,1.0831733024510304,-1.6655065388840031,-1.312191044967907,1.1500696929019083,-1.0326328825684308,114
918,Finlay,Inett,22,finettph@sitemeter.com,China,85,7,3,31,0.20397419331870006,1.2110159807774874,-1.4148797924546352,-1.5940877539338156,-1.0921815177433591,19
919,Lizabeth,Brodhead,25,lbrodheadpi@posterous.com,Zambia,5,25,29,19,1.5227728570171957,-1.5615358454022625,-0.7987473075342667,-0.723989051278586,-1.8067651398424982,116
920,Quintilla,Trussell,21,qtrussellpj@tiny.cc,United States,86,58,92,78,-0.23562536124746516,1.2456728786047344,0.3308289148197423,1.3843270359244702,1.7066043354782687,111
921,Gwyneth,Dyble,21,gdyblepk@independent.co.uk,China,1,35,59,31,-0.23562536124746516,-1.70016343671125,-0.4564514825785064,0.2799709902466788,-1.0921815177433591,19
922,Tallia,Coleiro,23,tcoleiropl@quantcast.com,Nigeria,88,44,55,62,0.6435737478848653,1.314986674259228,-0.14838524011832213,0.14610965137664353,0.7538261726794167,78
923,Grier,Rhoddie,22,grhoddiepm@plala.or.jp,Brazil,24,62,8,31,0.20397419331870006,-0.9030547866845718,0.46774724480204644,-1.4267610803462714,-1.0921815177433591,12
924,Tansy,Brogioni,22,tbrogionipn@symantec.com,China,48,9,31,29,0.20397419331870006,-0.07128923883064689,-1.3464206274634831,-0.6570583818435684,-1.2112787880932157,19
925,Garrard,Barthorpe,25,gbarthorpepo@nytimes.com,Indonesia,96,0,23,39,1.5227728570171957,1.592241856877203,-1.6544868699236674,-0.924781059583639,-0.6157924363439331,44
926,Jeannette,Butterfint,19,jbutterfintpp@shareasale.com,China,84,28,82,64,-1.1148244703797956,1.1763590829502406,-0.6960585600475386,1.0496736887493818,0.8729234430292732,19
927,Gerty,Edlestone,19,gedlestonepq@economist.com,Philippines,29,95,91,71,-1.1148244703797956,-0.7297702975483374,1.5973234671560554,1.3508617012069613,1.2897638892537708,85
928,Terrence,Jelf,23,tjelfpr@constantcontact.com,Botswana,66,15,60,47,0.6435737478848653,0.5525349220597968,-1.141043132490027,0.31343632496418766,-0.1394033549445071,11
929,Carmella,Yarrall,18,cyarrallps@last.fm,Indonesia,1,48,44,31,-1.5544240249459609,-1.70016343671125,-0.011466910136018,-0.22200903051595358,-1.0921815177433591,44
930,Michal,Batch,24,mbatchpt@ehow.com,Indonesia,69,92,60,73,1.0831733024510304,0.6565056155415374,1.4946347196693273,0.31343632496418766,1.4088611596036273,44
931,Mattheus,Arnall,23,marnallpu@myspace.com,Indonesia,19,1,66,28,0.6435737478848653,-1.0763392758208061,-1.6202572874280914,0.5142283332692407,-1.2708274232681438,44
932,Courtney,Harkins,22,charkinspv@freewebs.com,Indonesia,74,47,75,65,0.20397419331870006,0.8297901046777718,-0.04569649263159403,0.8154163457268201,0.9324720782042014,44
933,Bernard,Webburn,20,bwebburnpw@eepurl.com,Cuba,63,12,36,37,-0.6752249158136304,0.4485642285780562,-1.2437318799767552,-0.4897317082560242,-0.7348897066937896,24
934,Cissiee,Gilbart,25,cgilbartpx@noaa.gov,United States,29,15,46,30,1.5227728570171957,-0.7297702975483374,-1.141043132490027,-0.15507836108093592,-1.1517301529182873,111
935,Elana,Kilgannon,19,ekilgannonpy@github.com,United States,65,10,41,38,-1.1148244703797956,0.5178780242325499,-1.312191044967907,-0.3224050346684801,-0.6753410715188614,111
936,Morris,Ambrose,24,mambrosepz@hubpages.com,China,1,43,92,45,1.0831733024510304,-1.70016343671125,-0.18261482261389816,1.3843270359244702,-0.25850062529436363,19
937,Leesa,Hicken,19,lhickenq0@blogger.com,Ireland,48,30,14,30,-1.1148244703797956,-0.07128923883064689,-0.6275993950563865,-1.2259690720412184,-1.1517301529182873,47
938,Beau,Berryman,18,bberrymanq1@ca.gov,Greece,0,26,11,12,-1.5544240249459609,-1.734820334538497,-0.7645177250386906,-1.3263650761937449,-2.223605586066996,39
939,Darcey,Leithgoe,21,dleithgoeq2@stanford.edu,Mexico,31,53,58,47,-0.23562536124746516,-0.6604565018938438,0.15968100234186217,0.24650565552917,-0.1394033549445071,69
940,Carmelle,Setter,21,csetterq3@reuters.com,Philippines,85,70,49,68,-0.23562536124746516,1.2110159807774874,0.7415839047666547,-0.054682356928409434,1.1111179837289862,85
941,Aida,Beaney,19,abeaneyq4@yale.edu,Portugal,23,65,95,61,-1.1148244703797956,-0.9377116845118187,0.5704359922887745,1.4847230400769966,0.6942775375044884,87
942,Ansley,Hargie,19,ahargieq5@paginegialle.it,Portugal,47,76,43,55,-1.1148244703797956,-0.10594613665789376,0.9469613997401108,-0.2554743652334624,0.3369857264549189,87
943,Goddard,Lochet,21,glochetq6@timesonline.co.uk,China,91,14,28,44,-0.23562536124746516,1.4189573677409686,-1.175272714985603,-0.7574543859960948,-0.31804926046929183,19
944,Rosana,Corry,20,rcorryq7@soup.io,Finland,20,59,78,52,-0.6752249158136304,-1.0416823779935593,0.36505849731531836,0.9158123498793466,0.15833982093013416,35
945,Sophi,Beadell,24,sbeadellq8@flavors.me,Brazil,15,13,99,42,1.0831733024510304,-1.2149668671297937,-1.209502297481179,1.618584378947032,-0.43714653081914834,12
946,Idaline,Boxell,23,iboxellq9@newyorker.com,China,46,0,4,16,0.6435737478848653,-0.14060303448514064,-1.6544868699236674,-1.5606224192163067,-1.9854110453672829,19
947,Amitie,Moorerud,25,amoorerudqa@tmall.com,Russia,77,30,42,49,1.5227728570171957,0.9337607981595124,-0.6275993950563865,-0.28893969995097124,-0.020306084594650598,90
948,Cory,Esland,20,ceslandqb@sina.com.cn,China,56,13,92,53,-0.6752249158136304,0.2059659437873281,-1.209502297481179,1.3843270359244702,0.2178884561050624,19
949,Susana,Twohig,25,stwohigqc@telegraph.co.uk,Tanzania,95,31,84,70,1.5227728570171957,1.5575849590499562,-0.5933698125608106,1.1166043581843996,1.2302152540788427,105
950,Penni,Ruthven,24,pruthvenqd@ox.ac.uk,Russia,74,6,16,32,1.0831733024510304,0.8297901046777718,-1.4491093749502113,-1.1590384026062008,-1.0326328825684308,90
951,Leah,Deary,23,ldearyqe@blogspot.com,Switzerland,80,44,8,44,0.6435737478848653,1.037731491641253,-0.14838524011832213,-1.4267610803462714,-0.31804926046929183,102
952,Ginger,Doubleday,23,gdoubledayqf@multiply.com,Indonesia,14,42,69,41,0.6435737478848653,-1.2496237649570405,-0.21684440510947417,0.6146243374217671,-0.4966951659940766,44
953,Dorothy,Gobell,22,dgobellqg@histats.com,Peru,52,11,15,26,0.20397419331870006,0.06733835247834061,-1.2779614624723312,-1.1925037373237095,-1.3899246936180003,84
954,Gaile,Brazer,20,gbrazerqh@theguardian.com,Mexico,60,97,84,80,-0.6752249158136304,0.3445935350963156,1.6657826321472076,1.1166043581843996,1.8257016058281252,69
955,Melisse,Queenborough,21,mqueenboroughqi@businesswire.com,China,50,4,51,35,-0.23562536124746516,-0.0019754431761531467,-1.5175685399413634,0.01224831250660822,-0.8539869770436461,19
956,Gertrudis,Skillern,19,gskillernqj@businessweek.com,China,47,11,97,51,-1.1148244703797956,-0.10594613665789376,-1.2779614624723312,1.5516537095120144,0.0987911857552059,19
957,Isadore,Gowry,18,igowryqk@miitbeian.gov.cn,Vietnam,25,2,16,14,-1.5544240249459609,-0.8683978888573249,-1.5860277049325153,-1.1590384026062008,-2.1045083157171396,114
958,Lonnie,Struan,24,lstruanql@hexun.com,Mongolia,46,56,65,55,1.0831733024510304,-0.14060303448514064,0.26236974982859024,0.4807629985517318,0.3369857264549189,71
959,Tobin,Kenyam,20,tkenyamqm@phpbb.com,Ukraine,35,11,94,46,-0.6752249158136304,-0.5218289105848563,-1.2779614624723312,1.4512577053594877,-0.19895199011943535,109
960,Ardath,Shaw,25,ashawqn@go.com,Argentina,99,11,76,62,1.5227728570171957,1.6962125503589436,-1.2779614624723312,0.8488816804443289,0.7538261726794167,2
961,Gilligan,Tocknell,19,gtocknellqo@google.com.hk,Brazil,15,43,96,51,-1.1148244703797956,-1.2149668671297937,-0.18261482261389816,1.5181883747945055,0.0987911857552059,12
962,Anson,Bickerstaffe,21,abickerstaffeqp@pbs.org,Peru,75,52,93,73,-0.23562536124746516,0.8644470025050187,0.12545141984628613,1.417792370641979,1.4088611596036273,84
963,Casie,Dowry,18,cdowryqq@istockphoto.com,Indonesia,31,89,94,71,-1.5544240249459609,-0.6604565018938438,1.3919459721825993,1.4512577053594877,1.2897638892537708,44
964,Gretchen,Alvar,24,galvarqr@zdnet.com,Vietnam,78,72,89,79,1.0831733024510304,0.9684176959867593,0.8100430697578067,1.2839310317719437,1.7661529706531969,114
965,Florenza,Camelin,25,fcamelinqs@paginegialle.it,China,61,64,66,63,1.5227728570171957,0.3792504329235625,0.5362064097931984,0.5142283332692407,0.8133748078543449,19
966,Engracia,Nickless,22,enicklessqt@usnews.com,China,1,17,6,8,0.20397419331870006,-1.70016343671125,-1.0725839674988749,-1.493691749781289,-2.461800126766709,19
967,Sebastian,Huggens,18,shuggensqu@photobucket.com,Indonesia,64,42,3,36,-1.5544240249459609,0.48322112640530307,-0.21684440510947417,-1.5940877539338156,-0.7944383418687179,44
968,Lonny,Fitzsymon,20,lfitzsymonqv@sina.com.cn,Greece,64,44,4,37,-0.6752249158136304,0.48322112640530307,-0.14838524011832213,-1.5606224192163067,-0.7348897066937896,39
969,Heidi,Fennick,18,hfennickqw@ezinearticles.com,Indonesia,94,64,51,69,-1.5544240249459609,1.5229280612227094,0.5362064097931984,0.01224831250660822,1.1706666189039143,44
970,Nora,Chadd,21,nchaddqx@go.com,United States,20,22,66,36,-0.23562536124746516,-1.0416823779935593,-0.9014360550209948,0.5142283332692407,-0.7944383418687179,111
971,Bee,Guyers,21,bguyersqy@vkontakte.ru,Russia,45,89,6,46,-0.23562536124746516,-0.1752599323123875,1.3919459721825993,-1.493691749781289,-0.19895199011943535,90
972,Jack,Mellody,25,jmellodyqz@spiegel.de,Botswana,87,70,74,77,1.5227728570171957,1.2803297764319812,0.7415839047666547,0.7819510110093113,1.6470557003033404,11
973,Toby,Grayham,21,tgrayhamr0@columbia.edu,China,1,62,46,36,-0.23562536124746516,-1.70016343671125,0.46774724480204644,-0.15507836108093592,-0.7944383418687179,19
974,Claudian,Dimitru,23,cdimitrur1@ebay.co.uk,Russia,89,81,7,59,0.6435737478848653,1.349643572086475,1.118109312217991,-1.4602264150637803,0.5751802671546319,90
975,Silvio,Talloe,20,stalloer2@cyberchimps.com,Thailand,90,30,0,40,-0.6752249158136304,1.3843004699137218,-0.6275993950563865,-1.694483758086342,-0.5562438011690048,106
976,Almeda,Dart,20,adartr3@booking.com,Armenia,54,12,58,41,-0.6752249158136304,0.13665214813283436,-1.2437318799767552,0.24650565552917,-0.4966951659940766,3
977,Amity,Roobottom,25,aroobottomr4@mashable.com,China,63,85,25,57,1.5227728570171957,0.4485642285780562,1.255027642200295,-0.8578503901486213,0.45608299680477543,19
978,Phillie,Gonsalo,25,pgonsalor5@wsj.com,Russia,33,62,4,33,1.5227728570171957,-0.59114270623935,0.46774724480204644,-1.5606224192163067,-0.9730842473935026,90
979,Hazel,Heijne,18,hheijner6@studiopress.com,Indonesia,58,96,65,73,-1.5544240249459609,0.2752797394418218,1.6315530496516315,0.4807629985517318,1.4088611596036273,44
980,Ingra,Ingilson,24,iingilsonr7@live.com,Pakistan,55,33,83,57,1.0831733024510304,0.17130904596008123,-0.5249106475696584,1.0831390234668907,0.45608299680477543,80
981,Cariotta,Hedman,23,chedmanr8@usnews.com,Portugal,7,77,37,40,0.6435737478848653,-1.4922220497477687,0.9811909822356869,-0.45626637353851535,-0.5562438011690048,87
982,Babette,Kolczynski,19,bkolczynskir9@redcross.org,Russia,4,86,2,30,-1.1148244703797956,-1.5961927432295093,1.2892572246958711,-1.6275530886513243,-1.1517301529182873,90
983,Amata,Casford,21,acasfordra@spotify.com,Norway,21,18,7,15,-0.23562536124746516,-1.0070254801663125,-1.038354385003299,-1.4602264150637803,-2.044959680542211,79
984,Amandy,Sitch,25,asitchrb@deliciousdays.com,Greece,27,51,64,47,1.5227728570171957,-0.7990840932028312,0.09122183735071009,0.447297663834223,-0.1394033549445071,39
985,Jacquie,Coplestone,24,jcoplestonerc@springer.com,Serbia,45,59,63,55,1.0831733024510304,-0.1752599323123875,0.36505849731531836,0.41383232911671414,0.3369857264549189,93
986,Cathyleen,Gooke,22,cgookerd@whitehouse.gov,Ecuador,48,37,90,58,0.20397419331870006,-0.07128923883064689,-0.38799231758735436,1.3173963664894526,0.5156316319797036,30
987,Ileana,Duck,24,iduckre@desdev.cn,Indonesia,4,75,98,59,1.0831733024510304,-1.5961927432295093,0.9127318172445348,1.585119044229523,0.5751802671546319,44
988,Ingunna,Chasen,25,ichasenrf@histats.com,Russia,32,15,32,26,1.5227728570171957,-0.6257996040665968,-1.141043132490027,-0.6235930471260596,-1.3899246936180003,90
989,Elston,Oxlee,18,eoxleerg@i2i.jp,China,97,1,12,36,-1.5544240249459609,1.62689875470445,-1.6202572874280914,-1.292899741476236,-0.7944383418687179,19
990,Aluin,Pettus,22,apettusrh@facebook.com,Philippines,68,15,86,56,0.20397419331870006,0.6218487177142906,-1.141043132490027,1.1835350276194172,0.3965343616298472,85
991,Janek,O'Bruen,18,jobruenri@tripadvisor.com,Philippines,87,62,15,54,-1.5544240249459609,1.2803297764319812,0.46774724480204644,-1.1925037373237095,0.27743709127999067,85
992,Rea,Haresign,18,rharesignrj@liveinternet.ru,Indonesia,79,50,95,74,-1.5544240249459609,1.0030745938140062,0.05699225485513406,1.4847230400769966,1.4684097947785557,44
993,Mersey,Vowell,21,mvowellrk@amazon.co.jp,Afghanistan,31,11,1,14,-0.23562536124746516,-0.6604565018938438,-1.2779614624723312,-1.6610184233688332,-2.1045083157171396,0
994,Mabel,Kean,22,mkeanrl@telegraph.co.uk,Czech Republic,26,8,4,12,0.20397419331870006,-0.8337409910300781,-1.3806502099590592,-1.5606224192163067,-2.223605586066996,26
995,Godfree,Danbye,23,gdanbyerm@sciencedaily.com,Russia,20,68,40,42,0.6435737478848653,-1.0416823779935593,0.6731247397755026,-0.35587036938598887,-0.43714653081914834,90
996,Josefa,Klaiser,24,jklaiserrn@nydailynews.com,Cameroon,31,66,94,63,1.0831733024510304,-0.6604565018938438,0.6046655747843506,1.4512577053594877,0.8133748078543449,14
997,Lilias,Ambrozewicz,23,lambrozewiczro@lulu.com,United States,66,30,66,54,0.6435737478848653,0.5525349220597968,-0.6275993950563865,0.5142283332692407,0.27743709127999067,111
998,Joy,Jendas,20,jjendasrp@jalbum.net,Philippines,84,50,61,65,-0.6752249158136304,1.1763590829502406,0.05699225485513406,0.3469016596816965,0.9324720782042014,85
999,Lin,Gowdie,23,lgowdierq@qq.com,Ethiopia,44,11,80,45,0.6435737478848653,-0.20991683013963439,-1.2779614624723312,0.9827430193143643,-0.25850062529436363,34
1000,Harriett,Wick,20,hwickrr@trellian.com,Tunisia,64,48,83,65,-0.6752249158136304,0.48322112640530307,-0.011466910136018,1.0831390234668907,0.9324720782042014,108
